caseGroup,caseId,faultScenarioId,faultVector,workloadId,actionModelKey,repetition,processStatus,processExitCode,wallSeconds,executionStatus,assessmentStatus,score,terminalStatus,scheduleConformance,executionAttemptId,sourceSetupStatus,hardStopReason,failedActions,sourceSetupSeconds,sharedBindings,sharedBindingGraphConnected,positiveObjectStates,conditions,reportHashes
w01,w01-01,2e0785b8284ce61b74830c4cd236e60d2c65cf98ad2483c854481ca29e3d7abb,0000,98d4f29dcba4fdca37b2718bf5ca4a109018be9cf8a7b692f4fa985b7d144650,94dbeed10a3df121fa912534c10600d3f058b5d5ca7d3715587b639661c1c7a2,1,PROCESS_FAILURE,1,21.25436854205327,EXECUTION_INVALID,INVALID,,UNEXPECTED_EXECUTION_FAILURE,INCOMPLETE,cb9ccb05-845d-4af8-8a0c-22ea07f557e8,SUCCEEDED,SELECTED_SUBSCRIBER_NOT_FOUND,"[{""bodyOutcome"": ""FAILED"", ""exceptionClass"": ""pt.ulisboa.tecnico.socialsoftware.quizzes.microservices.exception.QuizzesException"", ""exceptionMessage"": ""Student with aggregate id 3 is already enrolled in course execution 2."", ""faultOrigin"": ""UNASSIGNED_RUNTIME"", ""kind"": ""FORWARD"", ""runtimeStepName"": ""enrollStudentStep"", ""sourceStepId"": ""pt.ulisboa.tecnico.socialsoftware.quizzes.microservices.execution.coordination.sagas.AddStudentFunctionalitySagas::enrollStudentStep#0"", ""status"": ""FAILED""}, {""bodyOutcome"": ""FAILED"", ""exceptionClass"": ""pt.ulisboa.tecnico.socialsoftware.ms.notification.EventReplayException"", ""exceptionMessage"": ""selected event has no eligible subscriber for the persisted route"", ""faultOrigin"": null, ""kind"": ""EVENT_CONSEQUENCE"", ""runtimeStepName"": ""removeStudentStep"", ""sourceStepId"": ""pt.ulisboa.tecnico.socialsoftware.quizzes.microservices.execution.coordination.sagas.RemoveStudentFromCourseExecutionFunctionalitySagas::removeStudentStep#0"", ""status"": ""SELECTED_SUBSCRIBER_NOT_FOUND""}]",0.824789167,"[{""action"": ""setup-action-1"", ""inputs"": [""095911d8b22b1b1b8c93b2de12bb94e323e975bf4edd553f04fd54021e4b7f1c"", ""5538dff7f7fb7084738511a5879ef1427cb2382af820ae0363ba27849c4f1196""], ""property"": ""aggregateId""}, {""action"": ""setup-action-2"", ""inputs"": [""095911d8b22b1b1b8c93b2de12bb94e323e975bf4edd553f04fd54021e4b7f1c"", ""5538dff7f7fb7084738511a5879ef1427cb2382af820ae0363ba27849c4f1196""], ""property"": ""aggregateId""}]",True,[],"{""DELETED_DEPENDENCY"": 0, ""FAILED_OPERATION_RESIDUAL"": 0, ""UNRESOLVED_DELIVERED_EVENT"": 0}","{""execution.impact-v2.json"": ""b531329d7d8177694aa8dccaf6c1605ee36f0b0d965db9241ad99bc12a9b1da4"", ""execution.json"": ""953cd9b50bc78e566cfa92d8be133daa76001e99b2cc37634088627aa5177d76"", ""impact-v1.json"": ""354e9316190be3d227abc7234d89e62a34fdf7e4d89249dc7c92b26a283e30cc""}"
w01,w01-02,e10600fd6582a659af9df28fc74a749b28e456d6aea0f37d6f6d27d9341acf78,0000,98d4f29dcba4fdca37b2718bf5ca4a109018be9cf8a7b692f4fa985b7d144650,94dbeed10a3df121fa912534c10600d3f058b5d5ca7d3715587b639661c1c7a2,1,PROCESS_FAILURE,1,19.470916167018004,EXECUTION_INVALID,INVALID,,UNEXPECTED_EXECUTION_FAILURE,INCOMPLETE,b6e2f871-5093-422c-b643-34b9156f14e2,SUCCEEDED,SELECTED_SUBSCRIBER_NOT_FOUND,"[{""bodyOutcome"": ""FAILED"", ""exceptionClass"": ""pt.ulisboa.tecnico.socialsoftware.quizzes.microservices.exception.QuizzesException"", ""exceptionMessage"": ""Student with aggregate id 3 is already enrolled in course execution 2."", ""faultOrigin"": ""UNASSIGNED_RUNTIME"", ""kind"": ""FORWARD"", ""runtimeStepName"": ""enrollStudentStep"", ""sourceStepId"": ""pt.ulisboa.tecnico.socialsoftware.quizzes.microservices.execution.coordination.sagas.AddStudentFunctionalitySagas::enrollStudentStep#0"", ""status"": ""FAILED""}, {""bodyOutcome"": ""FAILED"", ""exceptionClass"": ""pt.ulisboa.tecnico.socialsoftware.ms.notification.EventReplayException"", ""exceptionMessage"": ""selected event has no eligible subscriber for the persisted route"", ""faultOrigin"": null, ""kind"": ""EVENT_CONSEQUENCE"", ""runtimeStepName"": ""removeStudentStep"", ""sourceStepId"": ""pt.ulisboa.tecnico.socialsoftware.quizzes.microservices.execution.coordination.sagas.RemoveStudentFromCourseExecutionFunctionalitySagas::removeStudentStep#0"", ""status"": ""SELECTED_SUBSCRIBER_NOT_FOUND""}]",0.904686542,"[{""action"": ""setup-action-1"", ""inputs"": [""095911d8b22b1b1b8c93b2de12bb94e323e975bf4edd553f04fd54021e4b7f1c"", ""5538dff7f7fb7084738511a5879ef1427cb2382af820ae0363ba27849c4f1196""], ""property"": ""aggregateId""}, {""action"": ""setup-action-2"", ""inputs"": [""095911d8b22b1b1b8c93b2de12bb94e323e975bf4edd553f04fd54021e4b7f1c"", ""5538dff7f7fb7084738511a5879ef1427cb2382af820ae0363ba27849c4f1196""], ""property"": ""aggregateId""}]",True,[],"{""DELETED_DEPENDENCY"": 0, ""FAILED_OPERATION_RESIDUAL"": 0, ""UNRESOLVED_DELIVERED_EVENT"": 0}","{""execution.impact-v2.json"": ""b1e571208a95cc32ba9c539fe81fec7a7e85f1e6df3b5d4ff638a3e5b3dc2eb1"", ""execution.json"": ""246a062db2934dbd6ce640310be6191431d63b9dc4ba0ec85a5c0106455343f1"", ""impact-v1.json"": ""bafa21da2ab5610008caae6cfd0078594ceba610d6cb3984afe308239f94c0fb""}"
w01,w01-03,109cff2851da850e35664c7aab0767998c7d559f14da77a4d736c9ff00fec421,0001,98d4f29dcba4fdca37b2718bf5ca4a109018be9cf8a7b692f4fa985b7d144650,69bc3e07bd4649b7cbb0ffd7d0128ae27455738202263ace963b0a2928014896,1,COMPLETE,0,22.506456333969254,COMPLETE,COMPLETE,0,COMPENSATED,DEVIATED,3e0b9291-773d-4eed-aa13-b302af45d284,SUCCEEDED,,"[{""bodyOutcome"": ""FAILED"", ""exceptionClass"": ""pt.ulisboa.tecnico.socialsoftware.quizzes.microservices.exception.QuizzesException"", ""exceptionMessage"": ""Student with aggregate id 3 is already enrolled in course execution 2."", ""faultOrigin"": ""UNASSIGNED_RUNTIME"", ""kind"": ""FORWARD"", ""runtimeStepName"": ""enrollStudentStep"", ""sourceStepId"": ""pt.ulisboa.tecnico.socialsoftware.quizzes.microservices.execution.coordination.sagas.AddStudentFunctionalitySagas::enrollStudentStep#0"", ""status"": ""FAILED""}, {""bodyOutcome"": ""NOT_RUN"", ""exceptionClass"": null, ""exceptionMessage"": null, ""faultOrigin"": ""ASSIGNED"", ""kind"": ""FORWARD"", ""runtimeStepName"": ""removeStudentStep"", ""sourceStepId"": ""pt.ulisboa.tecnico.socialsoftware.quizzes.microservices.execution.coordination.sagas.RemoveStudentFromCourseExecutionFunctionalitySagas::removeStudentStep#0"", ""status"": ""ASSIGNED_FAULT""}, {""bodyOutcome"": ""NOT_RUN"", ""exceptionClass"": null, ""exceptionMessage"": null, ""faultOrigin"": null, ""kind"": ""EVENT_CONSEQUENCE"", ""runtimeStepName"": ""removeStudentStep"", ""sourceStepId"": ""pt.ulisboa.tecnico.socialsoftware.quizzes.microservices.execution.coordination.sagas.RemoveStudentFromCourseExecutionFunctionalitySagas::removeStudentStep#0"", ""status"": ""MASKED_BY_TRIGGER_FAULT""}, {""bodyOutcome"": ""NOT_RUN"", ""exceptionClass"": null, ""exceptionMessage"": null, ""faultOrigin"": null, ""kind"": ""EVENT_CONSEQUENCE"", ""runtimeStepName"": ""removeStudentStep"", ""sourceStepId"": ""pt.ulisboa.tecnico.socialsoftware.quizzes.microservices.execution.coordination.sagas.RemoveStudentFromCourseExecutionFunctionalitySagas::removeStudentStep#0"", ""status"": ""MASKED_BY_TRIGGER_FAULT""}, {""bodyOutcome"": ""NOT_APPLICABLE"", ""exceptionClass"": null, ""exceptionMessage"": null, ""faultOrigin"": null, ""kind"": ""COMPENSATION"", ""runtimeStepName"": ""getOldCourseExecutionStep"", ""sourceStepId"": ""pt.ulisboa.tecnico.socialsoftware.quizzes.microservices.execution.coordination.sagas.RemoveStudentFromCourseExecutionFunctionalitySagas::getOldCourseExecutionStep#0"", ""status"": ""COMPENSATED""}]",0.835779084,"[{""action"": ""setup-action-1"", ""inputs"": [""095911d8b22b1b1b8c93b2de12bb94e323e975bf4edd553f04fd54021e4b7f1c"", ""5538dff7f7fb7084738511a5879ef1427cb2382af820ae0363ba27849c4f1196""], ""property"": ""aggregateId""}, {""action"": ""setup-action-2"", ""inputs"": [""095911d8b22b1b1b8c93b2de12bb94e323e975bf4edd553f04fd54021e4b7f1c"", ""5538dff7f7fb7084738511a5879ef1427cb2382af820ae0363ba27849c4f1196""], ""property"": ""aggregateId""}]",True,[],"{""DELETED_DEPENDENCY"": 0, ""FAILED_OPERATION_RESIDUAL"": 0, ""UNRESOLVED_DELIVERED_EVENT"": 0}","{""execution.impact-v2.json"": ""64ce05eb4b4218a3c73d2cbf2ea002e934b077e0b473bdde3a53cd76c9870c46"", ""execution.json"": ""0698811edf0d901c76df01e10bdfdfc7cc7fa923b399a529ec149ac744b987d7"", ""impact-v1.json"": ""131c4c472da303cddf9d674fe5416bfe705778c56c6a025b4fb52b6c0c0cded6""}"
w01,w01-04,42a406216248b6a846360edbf2ac051019430b25a63ebe9e335e302d69627e5d,0001,98d4f29dcba4fdca37b2718bf5ca4a109018be9cf8a7b692f4fa985b7d144650,69bc3e07bd4649b7cbb0ffd7d0128ae27455738202263ace963b0a2928014896,1,COMPLETE,0,19.22184875002131,COMPLETE,COMPLETE,0,COMPENSATED,DEVIATED,9cc84a65-19cc-44f0-b96a-af817b11b766,SUCCEEDED,,"[{""bodyOutcome"": ""FAILED"", ""exceptionClass"": ""pt.ulisboa.tecnico.socialsoftware.quizzes.microservices.exception.QuizzesException"", ""exceptionMessage"": ""Student with aggregate id 3 is already enrolled in course execution 2."", ""faultOrigin"": ""UNASSIGNED_RUNTIME"", ""kind"": ""FORWARD"", ""runtimeStepName"": ""enrollStudentStep"", ""sourceStepId"": ""pt.ulisboa.tecnico.socialsoftware.quizzes.microservices.execution.coordination.sagas.AddStudentFunctionalitySagas::enrollStudentStep#0"", ""status"": ""FAILED""}, {""bodyOutcome"": ""NOT_RUN"", ""exceptionClass"": null, ""exceptionMessage"": null, ""faultOrigin"": ""ASSIGNED"", ""kind"": ""FORWARD"", ""runtimeStepName"": ""removeStudentStep"", ""sourceStepId"": ""pt.ulisboa.tecnico.socialsoftware.quizzes.microservices.execution.coordination.sagas.RemoveStudentFromCourseExecutionFunctionalitySagas::removeStudentStep#0"", ""status"": ""ASSIGNED_FAULT""}, {""bodyOutcome"": ""NOT_RUN"", ""exceptionClass"": null, ""exceptionMessage"": null, ""faultOrigin"": null, ""kind"": ""EVENT_CONSEQUENCE"", ""runtimeStepName"": ""removeStudentStep"", ""sourceStepId"": ""pt.ulisboa.tecnico.socialsoftware.quizzes.microservices.execution.coordination.sagas.RemoveStudentFromCourseExecutionFunctionalitySagas::removeStudentStep#0"", ""status"": ""MASKED_BY_TRIGGER_FAULT""}, {""bodyOutcome"": ""NOT_RUN"", ""exceptionClass"": null, ""exceptionMessage"": null, ""faultOrigin"": null, ""kind"": ""EVENT_CONSEQUENCE"", ""runtimeStepName"": ""removeStudentStep"", ""sourceStepId"": ""pt.ulisboa.tecnico.socialsoftware.quizzes.microservices.execution.coordination.sagas.RemoveStudentFromCourseExecutionFunctionalitySagas::removeStudentStep#0"", ""status"": ""MASKED_BY_TRIGGER_FAULT""}, {""bodyOutcome"": ""NOT_APPLICABLE"", ""exceptionClass"": null, ""exceptionMessage"": null, ""faultOrigin"": null, ""kind"": ""COMPENSATION"", ""runtimeStepName"": ""getOldCourseExecutionStep"", ""sourceStepId"": ""pt.ulisboa.tecnico.socialsoftware.quizzes.microservices.execution.coordination.sagas.RemoveStudentFromCourseExecutionFunctionalitySagas::getOldCourseExecutionStep#0"", ""status"": ""COMPENSATED""}]",0.842458959,"[{""action"": ""setup-action-1"", ""inputs"": [""095911d8b22b1b1b8c93b2de12bb94e323e975bf4edd553f04fd54021e4b7f1c"", ""5538dff7f7fb7084738511a5879ef1427cb2382af820ae0363ba27849c4f1196""], ""property"": ""aggregateId""}, {""action"": ""setup-action-2"", ""inputs"": [""095911d8b22b1b1b8c93b2de12bb94e323e975bf4edd553f04fd54021e4b7f1c"", ""5538dff7f7fb7084738511a5879ef1427cb2382af820ae0363ba27849c4f1196""], ""property"": ""aggregateId""}]",True,[],"{""DELETED_DEPENDENCY"": 0, ""FAILED_OPERATION_RESIDUAL"": 0, ""UNRESOLVED_DELIVERED_EVENT"": 0}","{""execution.impact-v2.json"": ""624f82f4012f7037900ff4b6324b5652611f9bc631a44e7633abc645673fcfec"", ""execution.json"": ""78620f32a8f9f985501b83c34587ea3fb76847e5be6568b3a0bb1820d2ceb4e9"", ""impact-v1.json"": ""9b935cb92c7d859e91c660bfd765ec417934e8ea491d2aff0fe91f90bc0e69a0""}"
w01,w01-05,53ce6d8a6f95b3b9d03796f8980da9d81534167776b39801a47ed65b2ccb9b68,0010,98d4f29dcba4fdca37b2718bf5ca4a109018be9cf8a7b692f4fa985b7d144650,e74b8260793f07578073a1f3021c24c0f741921877fb5d0dfd1b4c21551998f1,1,COMPLETE,0,21.412882458011154,COMPLETE,COMPLETE,0,COMPENSATED,DEVIATED,6d67e3b3-d327-438d-8b32-3a23a9254bb5,SUCCEEDED,,"[{""bodyOutcome"": ""FAILED"", ""exceptionClass"": ""pt.ulisboa.tecnico.socialsoftware.quizzes.microservices.exception.QuizzesException"", ""exceptionMessage"": ""Student with aggregate id 3 is already enrolled in course execution 2."", ""faultOrigin"": ""UNASSIGNED_RUNTIME"", ""kind"": ""FORWARD"", ""runtimeStepName"": ""enrollStudentStep"", ""sourceStepId"": ""pt.ulisboa.tecnico.socialsoftware.quizzes.microservices.execution.coordination.sagas.AddStudentFunctionalitySagas::enrollStudentStep#0"", ""status"": ""FAILED""}, {""bodyOutcome"": ""NOT_RUN"", ""exceptionClass"": null, ""exceptionMessage"": null, ""faultOrigin"": ""ASSIGNED"", ""kind"": ""FORWARD"", ""runtimeStepName"": ""getOldCourseExecutionStep"", ""sourceStepId"": ""pt.ulisboa.tecnico.socialsoftware.quizzes.microservices.execution.coordination.sagas.RemoveStudentFromCourseExecutionFunctionalitySagas::getOldCourseExecutionStep#0"", ""status"": ""ASSIGNED_FAULT""}, {""bodyOutcome"": ""NOT_RUN"", ""exceptionClass"": null, ""exceptionMessage"": null, ""faultOrigin"": null, ""kind"": ""EVENT_CONSEQUENCE"", ""runtimeStepName"": ""removeStudentStep"", ""sourceStepId"": ""pt.ulisboa.tecnico.socialsoftware.quizzes.microservices.execution.coordination.sagas.RemoveStudentFromCourseExecutionFunctionalitySagas::removeStudentStep#0"", ""status"": ""MASKED_BY_TRIGGER_NOT_REACHED""}, {""bodyOutcome"": ""NOT_RUN"", ""exceptionClass"": null, ""exceptionMessage"": null, ""faultOrigin"": null, ""kind"": ""EVENT_CONSEQUENCE"", ""runtimeStepName"": ""removeStudentStep"", ""sourceStepId"": ""pt.ulisboa.tecnico.socialsoftware.quizzes.microservices.execution.coordination.sagas.RemoveStudentFromCourseExecutionFunctionalitySagas::removeStudentStep#0"", ""status"": ""MASKED_BY_TRIGGER_NOT_REACHED""}]",0.945987376,"[{""action"": ""setup-action-1"", ""inputs"": [""095911d8b22b1b1b8c93b2de12bb94e323e975bf4edd553f04fd54021e4b7f1c"", ""5538dff7f7fb7084738511a5879ef1427cb2382af820ae0363ba27849c4f1196""], ""property"": ""aggregateId""}, {""action"": ""setup-action-2"", ""inputs"": [""095911d8b22b1b1b8c93b2de12bb94e323e975bf4edd553f04fd54021e4b7f1c"", ""5538dff7f7fb7084738511a5879ef1427cb2382af820ae0363ba27849c4f1196""], ""property"": ""aggregateId""}]",True,[],"{""DELETED_DEPENDENCY"": 0, ""FAILED_OPERATION_RESIDUAL"": 0, ""UNRESOLVED_DELIVERED_EVENT"": 0}","{""execution.impact-v2.json"": ""73f7ecca0f747da8bd892f07197d5cf36464cabea7c2bc97daee2562ff1a3ccb"", ""execution.json"": ""8d8131fe276e2a831c7c7d9a604f9e406143ef66d79a55fdbd71f340a740959c"", ""impact-v1.json"": ""1ca552c6de132adf7607b67b84746c9ef217e9d12260d79f7e9c9d225265fb51""}"
w01,w01-06,db523c207c42d8d92853f22f467f60397e7096b6521de23f9683112620e17416,0010,98d4f29dcba4fdca37b2718bf5ca4a109018be9cf8a7b692f4fa985b7d144650,e74b8260793f07578073a1f3021c24c0f741921877fb5d0dfd1b4c21551998f1,1,COMPLETE,0,18.90270799997961,COMPLETE,COMPLETE,0,COMPENSATED,DEVIATED,c46fd21e-4e9e-4ec0-8aab-982231d48aa9,SUCCEEDED,,"[{""bodyOutcome"": ""FAILED"", ""exceptionClass"": ""pt.ulisboa.tecnico.socialsoftware.quizzes.microservices.exception.QuizzesException"", ""exceptionMessage"": ""Student with aggregate id 3 is already enrolled in course execution 2."", ""faultOrigin"": ""UNASSIGNED_RUNTIME"", ""kind"": ""FORWARD"", ""runtimeStepName"": ""enrollStudentStep"", ""sourceStepId"": ""pt.ulisboa.tecnico.socialsoftware.quizzes.microservices.execution.coordination.sagas.AddStudentFunctionalitySagas::enrollStudentStep#0"", ""status"": ""FAILED""}, {""bodyOutcome"": ""NOT_RUN"", ""exceptionClass"": null, ""exceptionMessage"": null, ""faultOrigin"": ""ASSIGNED"", ""kind"": ""FORWARD"", ""runtimeStepName"": ""getOldCourseExecutionStep"", ""sourceStepId"": ""pt.ulisboa.tecnico.socialsoftware.quizzes.microservices.execution.coordination.sagas.RemoveStudentFromCourseExecutionFunctionalitySagas::getOldCourseExecutionStep#0"", ""status"": ""ASSIGNED_FAULT""}, {""bodyOutcome"": ""NOT_RUN"", ""exceptionClass"": null, ""exceptionMessage"": null, ""faultOrigin"": null, ""kind"": ""EVENT_CONSEQUENCE"", ""runtimeStepName"": ""removeStudentStep"", ""sourceStepId"": ""pt.ulisboa.tecnico.socialsoftware.quizzes.microservices.execution.coordination.sagas.RemoveStudentFromCourseExecutionFunctionalitySagas::removeStudentStep#0"", ""status"": ""MASKED_BY_TRIGGER_NOT_REACHED""}, {""bodyOutcome"": ""NOT_RUN"", ""exceptionClass"": null, ""exceptionMessage"": null, ""faultOrigin"": null, ""kind"": ""EVENT_CONSEQUENCE"", ""runtimeStepName"": ""removeStudentStep"", ""sourceStepId"": ""pt.ulisboa.tecnico.socialsoftware.quizzes.microservices.execution.coordination.sagas.RemoveStudentFromCourseExecutionFunctionalitySagas::removeStudentStep#0"", ""status"": ""MASKED_BY_TRIGGER_NOT_REACHED""}]",0.509786084,"[{""action"": ""setup-action-1"", ""inputs"": [""095911d8b22b1b1b8c93b2de12bb94e323e975bf4edd553f04fd54021e4b7f1c"", ""5538dff7f7fb7084738511a5879ef1427cb2382af820ae0363ba27849c4f1196""], ""property"": ""aggregateId""}, {""action"": ""setup-action-2"", ""inputs"": [""095911d8b22b1b1b8c93b2de12bb94e323e975bf4edd553f04fd54021e4b7f1c"", ""5538dff7f7fb7084738511a5879ef1427cb2382af820ae0363ba27849c4f1196""], ""property"": ""aggregateId""}]",True,[],"{""DELETED_DEPENDENCY"": 0, ""FAILED_OPERATION_RESIDUAL"": 0, ""UNRESOLVED_DELIVERED_EVENT"": 0}","{""execution.impact-v2.json"": ""24ccc56094793c5e34257b68865c254b820c273219d57b984d35816c9746c168"", ""execution.json"": ""3efa7a3a8ad690be19a06cb40299d1e6d1fca6140104f32d1f25fd50ca4da0e1"", ""impact-v1.json"": ""23a04d0b24679c8f4a8f836b535b0043b533ce9ba77bb231884a210b3c381449""}"
w01,w01-07,1f80757b6423198cd2cd5a53f8234a0ed3b20bd36ab9759ac8f144b05e59b5a7,0100,98d4f29dcba4fdca37b2718bf5ca4a109018be9cf8a7b692f4fa985b7d144650,eed97d28de754f4feccda31b8ef7e54b4430b154bfdbe6d1260b8a89557ca7c8,1,PROCESS_FAILURE,1,21.97557524999138,EXECUTION_INVALID,INVALID,,UNEXPECTED_EXECUTION_FAILURE,INCOMPLETE,0dcde00a-7896-4463-9300-89ad12209303,SUCCEEDED,SELECTED_SUBSCRIBER_NOT_FOUND,"[{""bodyOutcome"": ""NOT_RUN"", ""exceptionClass"": null, ""exceptionMessage"": null, ""faultOrigin"": ""ASSIGNED"", ""kind"": ""FORWARD"", ""runtimeStepName"": ""enrollStudentStep"", ""sourceStepId"": ""pt.ulisboa.tecnico.socialsoftware.quizzes.microservices.execution.coordination.sagas.AddStudentFunctionalitySagas::enrollStudentStep#0"", ""status"": ""ASSIGNED_FAULT""}, {""bodyOutcome"": ""FAILED"", ""exceptionClass"": ""pt.ulisboa.tecnico.socialsoftware.ms.notification.EventReplayException"", ""exceptionMessage"": ""selected event has no eligible subscriber for the persisted route"", ""faultOrigin"": null, ""kind"": ""EVENT_CONSEQUENCE"", ""runtimeStepName"": ""removeStudentStep"", ""sourceStepId"": ""pt.ulisboa.tecnico.socialsoftware.quizzes.microservices.execution.coordination.sagas.RemoveStudentFromCourseExecutionFunctionalitySagas::removeStudentStep#0"", ""status"": ""SELECTED_SUBSCRIBER_NOT_FOUND""}]",0.680528417,"[{""action"": ""setup-action-1"", ""inputs"": [""095911d8b22b1b1b8c93b2de12bb94e323e975bf4edd553f04fd54021e4b7f1c"", ""5538dff7f7fb7084738511a5879ef1427cb2382af820ae0363ba27849c4f1196""], ""property"": ""aggregateId""}, {""action"": ""setup-action-2"", ""inputs"": [""095911d8b22b1b1b8c93b2de12bb94e323e975bf4edd553f04fd54021e4b7f1c"", ""5538dff7f7fb7084738511a5879ef1427cb2382af820ae0363ba27849c4f1196""], ""property"": ""aggregateId""}]",True,[],"{""DELETED_DEPENDENCY"": 0, ""FAILED_OPERATION_RESIDUAL"": 0, ""UNRESOLVED_DELIVERED_EVENT"": 0}","{""execution.impact-v2.json"": ""4c1fbb3708c776cd270b06f8c747bc42aa5aa905dfda17e61f4d47ca1688b932"", ""execution.json"": ""e8a89374d6a1eda98377d7146584a31f876a8c079eebc8cb502fbf7553b28e9e"", ""impact-v1.json"": ""0997cf814bd59d77d614f72e90896d66aa2adcea7d3146f162636ba231b5d57e""}"
w01,w01-08,d4f7510d8a547ba3de7c1e2fc19553d006c8c8c1680ac15606ad1362ce636a77,0100,98d4f29dcba4fdca37b2718bf5ca4a109018be9cf8a7b692f4fa985b7d144650,eed97d28de754f4feccda31b8ef7e54b4430b154bfdbe6d1260b8a89557ca7c8,1,PROCESS_FAILURE,1,20.226084124995396,EXECUTION_INVALID,INVALID,,UNEXPECTED_EXECUTION_FAILURE,INCOMPLETE,626ec136-b440-4990-b325-1544343d64db,SUCCEEDED,SELECTED_SUBSCRIBER_NOT_FOUND,"[{""bodyOutcome"": ""NOT_RUN"", ""exceptionClass"": null, ""exceptionMessage"": null, ""faultOrigin"": ""ASSIGNED"", ""kind"": ""FORWARD"", ""runtimeStepName"": ""enrollStudentStep"", ""sourceStepId"": ""pt.ulisboa.tecnico.socialsoftware.quizzes.microservices.execution.coordination.sagas.AddStudentFunctionalitySagas::enrollStudentStep#0"", ""status"": ""ASSIGNED_FAULT""}, {""bodyOutcome"": ""FAILED"", ""exceptionClass"": ""pt.ulisboa.tecnico.socialsoftware.ms.notification.EventReplayException"", ""exceptionMessage"": ""selected event has no eligible subscriber for the persisted route"", ""faultOrigin"": null, ""kind"": ""EVENT_CONSEQUENCE"", ""runtimeStepName"": ""removeStudentStep"", ""sourceStepId"": ""pt.ulisboa.tecnico.socialsoftware.quizzes.microservices.execution.coordination.sagas.RemoveStudentFromCourseExecutionFunctionalitySagas::removeStudentStep#0"", ""status"": ""SELECTED_SUBSCRIBER_NOT_FOUND""}]",0.748377292,"[{""action"": ""setup-action-1"", ""inputs"": [""095911d8b22b1b1b8c93b2de12bb94e323e975bf4edd553f04fd54021e4b7f1c"", ""5538dff7f7fb7084738511a5879ef1427cb2382af820ae0363ba27849c4f1196""], ""property"": ""aggregateId""}, {""action"": ""setup-action-2"", ""inputs"": [""095911d8b22b1b1b8c93b2de12bb94e323e975bf4edd553f04fd54021e4b7f1c"", ""5538dff7f7fb7084738511a5879ef1427cb2382af820ae0363ba27849c4f1196""], ""property"": ""aggregateId""}]",True,[],"{""DELETED_DEPENDENCY"": 0, ""FAILED_OPERATION_RESIDUAL"": 0, ""UNRESOLVED_DELIVERED_EVENT"": 0}","{""execution.impact-v2.json"": ""63fce259294bfd45966588f50c7311fa33a21c495cf9e1c39207f52577efd6be"", ""execution.json"": ""88b1d0fbf73f9e4b6db9ce36e038fb5cb57862e818e0584c40fa6544ac8a3cd6"", ""impact-v1.json"": ""b204805edd1565d63cda997ab2ff22ac8555fe3de4ce6106dec7c7044f81d4e7""}"
w01,w01-09,cfaeaf7788560d2483581bb8d631c628b64823133ed3cebde7ff5b86df7d940d,0101,98d4f29dcba4fdca37b2718bf5ca4a109018be9cf8a7b692f4fa985b7d144650,9655e9e676d239d3a580377eb1aa0a29a9f3478e3604b766700ebff62a640c1b,1,COMPLETE,0,23.80244583397871,COMPLETE,COMPLETE,0,COMPENSATED,EXACT,72c18eff-1f13-49bc-b2a0-a35f589c749c,SUCCEEDED,,"[{""bodyOutcome"": ""NOT_RUN"", ""exceptionClass"": null, ""exceptionMessage"": null, ""faultOrigin"": ""ASSIGNED"", ""kind"": ""FORWARD"", ""runtimeStepName"": ""enrollStudentStep"", ""sourceStepId"": ""pt.ulisboa.tecnico.socialsoftware.quizzes.microservices.execution.coordination.sagas.AddStudentFunctionalitySagas::enrollStudentStep#0"", ""status"": ""ASSIGNED_FAULT""}, {""bodyOutcome"": ""NOT_RUN"", ""exceptionClass"": null, ""exceptionMessage"": null, ""faultOrigin"": ""ASSIGNED"", ""kind"": ""FORWARD"", ""runtimeStepName"": ""removeStudentStep"", ""sourceStepId"": ""pt.ulisboa.tecnico.socialsoftware.quizzes.microservices.execution.coordination.sagas.RemoveStudentFromCourseExecutionFunctionalitySagas::removeStudentStep#0"", ""status"": ""ASSIGNED_FAULT""}, {""bodyOutcome"": ""NOT_RUN"", ""exceptionClass"": null, ""exceptionMessage"": null, ""faultOrigin"": null, ""kind"": ""EVENT_CONSEQUENCE"", ""runtimeStepName"": ""removeStudentStep"", ""sourceStepId"": ""pt.ulisboa.tecnico.socialsoftware.quizzes.microservices.execution.coordination.sagas.RemoveStudentFromCourseExecutionFunctionalitySagas::removeStudentStep#0"", ""status"": ""MASKED_BY_TRIGGER_FAULT""}, {""bodyOutcome"": ""NOT_RUN"", ""exceptionClass"": null, ""exceptionMessage"": null, ""faultOrigin"": null, ""kind"": ""EVENT_CONSEQUENCE"", ""runtimeStepName"": ""removeStudentStep"", ""sourceStepId"": ""pt.ulisboa.tecnico.socialsoftware.quizzes.microservices.execution.coordination.sagas.RemoveStudentFromCourseExecutionFunctionalitySagas::removeStudentStep#0"", ""status"": ""MASKED_BY_TRIGGER_FAULT""}, {""bodyOutcome"": ""NOT_APPLICABLE"", ""exceptionClass"": null, ""exceptionMessage"": null, ""faultOrigin"": null, ""kind"": ""COMPENSATION"", ""runtimeStepName"": ""getOldCourseExecutionStep"", ""sourceStepId"": ""pt.ulisboa.tecnico.socialsoftware.quizzes.microservices.execution.coordination.sagas.RemoveStudentFromCourseExecutionFunctionalitySagas::getOldCourseExecutionStep#0"", ""status"": ""COMPENSATED""}]",1.014542459,"[{""action"": ""setup-action-1"", ""inputs"": [""095911d8b22b1b1b8c93b2de12bb94e323e975bf4edd553f04fd54021e4b7f1c"", ""5538dff7f7fb7084738511a5879ef1427cb2382af820ae0363ba27849c4f1196""], ""property"": ""aggregateId""}, {""action"": ""setup-action-2"", ""inputs"": [""095911d8b22b1b1b8c93b2de12bb94e323e975bf4edd553f04fd54021e4b7f1c"", ""5538dff7f7fb7084738511a5879ef1427cb2382af820ae0363ba27849c4f1196""], ""property"": ""aggregateId""}]",True,[],"{""DELETED_DEPENDENCY"": 0, ""FAILED_OPERATION_RESIDUAL"": 0, ""UNRESOLVED_DELIVERED_EVENT"": 0}","{""execution.impact-v2.json"": ""59b6eb166454785a19f404d03fe6cb55c46ef46276ed2c6a23da5eb96e00fa94"", ""execution.json"": ""13ad8976652c63bfd84fdae2bd68847a3ea5e663901113e657c6dff5e843892d"", ""impact-v1.json"": ""04897a8630d598d45d823f8c11850838beacf8561c111c42c8f9119badd24ab9""}"
w01,w01-10,deeff563d7bb79c8522502b5634771c7fb286ebb65051330aa7e2b988c4004a7,0110,98d4f29dcba4fdca37b2718bf5ca4a109018be9cf8a7b692f4fa985b7d144650,0c3327bcfd143c45fdf4078c7e9d88541bcdc2d8bfa860f9d945bf5f52d0153d,1,COMPLETE,0,21.681488417030778,COMPLETE,COMPLETE,0,COMPENSATED,EXACT,1ed37982-da87-43fb-83da-7526d54778a4,SUCCEEDED,,"[{""bodyOutcome"": ""NOT_RUN"", ""exceptionClass"": null, ""exceptionMessage"": null, ""faultOrigin"": ""ASSIGNED"", ""kind"": ""FORWARD"", ""runtimeStepName"": ""enrollStudentStep"", ""sourceStepId"": ""pt.ulisboa.tecnico.socialsoftware.quizzes.microservices.execution.coordination.sagas.AddStudentFunctionalitySagas::enrollStudentStep#0"", ""status"": ""ASSIGNED_FAULT""}, {""bodyOutcome"": ""NOT_RUN"", ""exceptionClass"": null, ""exceptionMessage"": null, ""faultOrigin"": ""ASSIGNED"", ""kind"": ""FORWARD"", ""runtimeStepName"": ""getOldCourseExecutionStep"", ""sourceStepId"": ""pt.ulisboa.tecnico.socialsoftware.quizzes.microservices.execution.coordination.sagas.RemoveStudentFromCourseExecutionFunctionalitySagas::getOldCourseExecutionStep#0"", ""status"": ""ASSIGNED_FAULT""}, {""bodyOutcome"": ""NOT_RUN"", ""exceptionClass"": null, ""exceptionMessage"": null, ""faultOrigin"": null, ""kind"": ""EVENT_CONSEQUENCE"", ""runtimeStepName"": ""removeStudentStep"", ""sourceStepId"": ""pt.ulisboa.tecnico.socialsoftware.quizzes.microservices.execution.coordination.sagas.RemoveStudentFromCourseExecutionFunctionalitySagas::removeStudentStep#0"", ""status"": ""MASKED_BY_TRIGGER_NOT_REACHED""}, {""bodyOutcome"": ""NOT_RUN"", ""exceptionClass"": null, ""exceptionMessage"": null, ""faultOrigin"": null, ""kind"": ""EVENT_CONSEQUENCE"", ""runtimeStepName"": ""removeStudentStep"", ""sourceStepId"": ""pt.ulisboa.tecnico.socialsoftware.quizzes.microservices.execution.coordination.sagas.RemoveStudentFromCourseExecutionFunctionalitySagas::removeStudentStep#0"", ""status"": ""MASKED_BY_TRIGGER_NOT_REACHED""}]",0.678774792,"[{""action"": ""setup-action-1"", ""inputs"": [""095911d8b22b1b1b8c93b2de12bb94e323e975bf4edd553f04fd54021e4b7f1c"", ""5538dff7f7fb7084738511a5879ef1427cb2382af820ae0363ba27849c4f1196""], ""property"": ""aggregateId""}, {""action"": ""setup-action-2"", ""inputs"": [""095911d8b22b1b1b8c93b2de12bb94e323e975bf4edd553f04fd54021e4b7f1c"", ""5538dff7f7fb7084738511a5879ef1427cb2382af820ae0363ba27849c4f1196""], ""property"": ""aggregateId""}]",True,[],"{""DELETED_DEPENDENCY"": 0, ""FAILED_OPERATION_RESIDUAL"": 0, ""UNRESOLVED_DELIVERED_EVENT"": 0}","{""execution.impact-v2.json"": ""93290b9002779a2ba661ed0d340b03ff0bd9bba690be063b96f5bf4b748e072b"", ""execution.json"": ""c19b5459e2fee152b0a15f40d5dd4ea681d047490cb797c5d951751bf61c9f86"", ""impact-v1.json"": ""66c1512766399df558685d5f6220b95d88663c7e63720964765751735e87650f""}"
w01,w01-11,6de7fcf7d1b2627fa0b07dc96004705acb5b6af408fd52faa4c2b5d27739d726,1000,98d4f29dcba4fdca37b2718bf5ca4a109018be9cf8a7b692f4fa985b7d144650,f368121ddea7a120fb54e10d90fd0091325c1d5651caf6c8cccd00eff0cf18c3,1,PROCESS_FAILURE,1,25.3170710420236,EXECUTION_INVALID,INVALID,,UNEXPECTED_EXECUTION_FAILURE,INCOMPLETE,30820d3b-876e-4c0b-bd71-39fc7c6cbe4f,SUCCEEDED,SELECTED_SUBSCRIBER_NOT_FOUND,"[{""bodyOutcome"": ""NOT_RUN"", ""exceptionClass"": null, ""exceptionMessage"": null, ""faultOrigin"": ""ASSIGNED"", ""kind"": ""FORWARD"", ""runtimeStepName"": ""getUserStep"", ""sourceStepId"": ""pt.ulisboa.tecnico.socialsoftware.quizzes.microservices.execution.coordination.sagas.AddStudentFunctionalitySagas::getUserStep#0"", ""status"": ""ASSIGNED_FAULT""}, {""bodyOutcome"": ""FAILED"", ""exceptionClass"": ""pt.ulisboa.tecnico.socialsoftware.ms.notification.EventReplayException"", ""exceptionMessage"": ""selected event has no eligible subscriber for the persisted route"", ""faultOrigin"": null, ""kind"": ""EVENT_CONSEQUENCE"", ""runtimeStepName"": ""removeStudentStep"", ""sourceStepId"": ""pt.ulisboa.tecnico.socialsoftware.quizzes.microservices.execution.coordination.sagas.RemoveStudentFromCourseExecutionFunctionalitySagas::removeStudentStep#0"", ""status"": ""SELECTED_SUBSCRIBER_NOT_FOUND""}]",1.078666251,"[{""action"": ""setup-action-1"", ""inputs"": [""095911d8b22b1b1b8c93b2de12bb94e323e975bf4edd553f04fd54021e4b7f1c"", ""5538dff7f7fb7084738511a5879ef1427cb2382af820ae0363ba27849c4f1196""], ""property"": ""aggregateId""}, {""action"": ""setup-action-2"", ""inputs"": [""095911d8b22b1b1b8c93b2de12bb94e323e975bf4edd553f04fd54021e4b7f1c"", ""5538dff7f7fb7084738511a5879ef1427cb2382af820ae0363ba27849c4f1196""], ""property"": ""aggregateId""}]",True,[],"{""DELETED_DEPENDENCY"": 0, ""FAILED_OPERATION_RESIDUAL"": 0, ""UNRESOLVED_DELIVERED_EVENT"": 0}","{""execution.impact-v2.json"": ""4e3a2d64b41e5fcf4d06712657f056c4137002ceb92442df94568cf7c6261161"", ""execution.json"": ""a72a7876a663117f9fe65e3b8a04b2a0c6f4432a08d248da0ce3d20b9cd49998"", ""impact-v1.json"": ""a661b8e2a7c89c7c5f15e125a3a5eda87c0d7e604925e9ec528fe52092fb1fc6""}"
w01,w01-12,83939db9bef32c6892f20edf3a4d4e961b8109f589f2de0a4d5b65b8fa030e20,1000,98d4f29dcba4fdca37b2718bf5ca4a109018be9cf8a7b692f4fa985b7d144650,f368121ddea7a120fb54e10d90fd0091325c1d5651caf6c8cccd00eff0cf18c3,1,PROCESS_FAILURE,1,22.42045416700421,EXECUTION_INVALID,INVALID,,UNEXPECTED_EXECUTION_FAILURE,INCOMPLETE,37a3815f-8c88-4a88-ba02-a062763c5489,SUCCEEDED,SELECTED_SUBSCRIBER_NOT_FOUND,"[{""bodyOutcome"": ""NOT_RUN"", ""exceptionClass"": null, ""exceptionMessage"": null, ""faultOrigin"": ""ASSIGNED"", ""kind"": ""FORWARD"", ""runtimeStepName"": ""getUserStep"", ""sourceStepId"": ""pt.ulisboa.tecnico.socialsoftware.quizzes.microservices.execution.coordination.sagas.AddStudentFunctionalitySagas::getUserStep#0"", ""status"": ""ASSIGNED_FAULT""}, {""bodyOutcome"": ""FAILED"", ""exceptionClass"": ""pt.ulisboa.tecnico.socialsoftware.ms.notification.EventReplayException"", ""exceptionMessage"": ""selected event has no eligible subscriber for the persisted route"", ""faultOrigin"": null, ""kind"": ""EVENT_CONSEQUENCE"", ""runtimeStepName"": ""removeStudentStep"", ""sourceStepId"": ""pt.ulisboa.tecnico.socialsoftware.quizzes.microservices.execution.coordination.sagas.RemoveStudentFromCourseExecutionFunctionalitySagas::removeStudentStep#0"", ""status"": ""SELECTED_SUBSCRIBER_NOT_FOUND""}]",0.765890792,"[{""action"": ""setup-action-1"", ""inputs"": [""095911d8b22b1b1b8c93b2de12bb94e323e975bf4edd553f04fd54021e4b7f1c"", ""5538dff7f7fb7084738511a5879ef1427cb2382af820ae0363ba27849c4f1196""], ""property"": ""aggregateId""}, {""action"": ""setup-action-2"", ""inputs"": [""095911d8b22b1b1b8c93b2de12bb94e323e975bf4edd553f04fd54021e4b7f1c"", ""5538dff7f7fb7084738511a5879ef1427cb2382af820ae0363ba27849c4f1196""], ""property"": ""aggregateId""}]",True,[],"{""DELETED_DEPENDENCY"": 0, ""FAILED_OPERATION_RESIDUAL"": 0, ""UNRESOLVED_DELIVERED_EVENT"": 0}","{""execution.impact-v2.json"": ""7c217a472d5dcda68274aa95d5d782536ae6331fe44b1cc7326c0f4eee380584"", ""execution.json"": ""d0600549bf0b23ecebbd90189937613ce71549f2ce38103498d7f610bf954252"", ""impact-v1.json"": ""dfa79dbd47858a5cda214cd144c0b0be7e702d47318a4e00fafa14322b39b600""}"
w01,w01-13,855345ba03f3c08842db1e4d93124c1bc13d6a16d477138a038cf82a652c85fb,1001,98d4f29dcba4fdca37b2718bf5ca4a109018be9cf8a7b692f4fa985b7d144650,96d9b5fd48675d07c7e63cbdb879d7efbd3015c4f4bae889b06562b9f6d37453,1,COMPLETE,0,24.22600412502652,COMPLETE,COMPLETE,0,COMPENSATED,EXACT,0eff4e56-33c3-409d-ac45-05310c551151,SUCCEEDED,,"[{""bodyOutcome"": ""NOT_RUN"", ""exceptionClass"": null, ""exceptionMessage"": null, ""faultOrigin"": ""ASSIGNED"", ""kind"": ""FORWARD"", ""runtimeStepName"": ""getUserStep"", ""sourceStepId"": ""pt.ulisboa.tecnico.socialsoftware.quizzes.microservices.execution.coordination.sagas.AddStudentFunctionalitySagas::getUserStep#0"", ""status"": ""ASSIGNED_FAULT""}, {""bodyOutcome"": ""NOT_RUN"", ""exceptionClass"": null, ""exceptionMessage"": null, ""faultOrigin"": ""ASSIGNED"", ""kind"": ""FORWARD"", ""runtimeStepName"": ""removeStudentStep"", ""sourceStepId"": ""pt.ulisboa.tecnico.socialsoftware.quizzes.microservices.execution.coordination.sagas.RemoveStudentFromCourseExecutionFunctionalitySagas::removeStudentStep#0"", ""status"": ""ASSIGNED_FAULT""}, {""bodyOutcome"": ""NOT_RUN"", ""exceptionClass"": null, ""exceptionMessage"": null, ""faultOrigin"": null, ""kind"": ""EVENT_CONSEQUENCE"", ""runtimeStepName"": ""removeStudentStep"", ""sourceStepId"": ""pt.ulisboa.tecnico.socialsoftware.quizzes.microservices.execution.coordination.sagas.RemoveStudentFromCourseExecutionFunctionalitySagas::removeStudentStep#0"", ""status"": ""MASKED_BY_TRIGGER_FAULT""}, {""bodyOutcome"": ""NOT_RUN"", ""exceptionClass"": null, ""exceptionMessage"": null, ""faultOrigin"": null, ""kind"": ""EVENT_CONSEQUENCE"", ""runtimeStepName"": ""removeStudentStep"", ""sourceStepId"": ""pt.ulisboa.tecnico.socialsoftware.quizzes.microservices.execution.coordination.sagas.RemoveStudentFromCourseExecutionFunctionalitySagas::removeStudentStep#0"", ""status"": ""MASKED_BY_TRIGGER_FAULT""}, {""bodyOutcome"": ""NOT_APPLICABLE"", ""exceptionClass"": null, ""exceptionMessage"": null, ""faultOrigin"": null, ""kind"": ""COMPENSATION"", ""runtimeStepName"": ""getOldCourseExecutionStep"", ""sourceStepId"": ""pt.ulisboa.tecnico.socialsoftware.quizzes.microservices.execution.coordination.sagas.RemoveStudentFromCourseExecutionFunctionalitySagas::getOldCourseExecutionStep#0"", ""status"": ""COMPENSATED""}]",0.790145459,"[{""action"": ""setup-action-1"", ""inputs"": [""095911d8b22b1b1b8c93b2de12bb94e323e975bf4edd553f04fd54021e4b7f1c"", ""5538dff7f7fb7084738511a5879ef1427cb2382af820ae0363ba27849c4f1196""], ""property"": ""aggregateId""}, {""action"": ""setup-action-2"", ""inputs"": [""095911d8b22b1b1b8c93b2de12bb94e323e975bf4edd553f04fd54021e4b7f1c"", ""5538dff7f7fb7084738511a5879ef1427cb2382af820ae0363ba27849c4f1196""], ""property"": ""aggregateId""}]",True,[],"{""DELETED_DEPENDENCY"": 0, ""FAILED_OPERATION_RESIDUAL"": 0, ""UNRESOLVED_DELIVERED_EVENT"": 0}","{""execution.impact-v2.json"": ""1d40a6622416c235c6658142a1be1b1bc69f06361147453875e3a219018e52d0"", ""execution.json"": ""4655ac3916e6e3733787897eefb694201a4c1ece31125a31d897d9a406e33e6b"", ""impact-v1.json"": ""1ee21f58aa6560fda3fd10a5b66f90ddde7131dc400d1a50f7e17774fae2f4be""}"
w01,w01-14,58ce98c40de12266e32fbbbca8be9622fa4ced37681c9fcacd8eaf6910d8188f,1010,98d4f29dcba4fdca37b2718bf5ca4a109018be9cf8a7b692f4fa985b7d144650,86a74f3a1209b338121bdbcd5e89363a093fea91f9d8b1a2f894641c825db222,1,COMPLETE,0,23.922316292009782,COMPLETE,COMPLETE,0,COMPENSATED,EXACT,bbdefa7d-a8b5-4cfe-a962-fd53c9de138a,SUCCEEDED,,"[{""bodyOutcome"": ""NOT_RUN"", ""exceptionClass"": null, ""exceptionMessage"": null, ""faultOrigin"": ""ASSIGNED"", ""kind"": ""FORWARD"", ""runtimeStepName"": ""getUserStep"", ""sourceStepId"": ""pt.ulisboa.tecnico.socialsoftware.quizzes.microservices.execution.coordination.sagas.AddStudentFunctionalitySagas::getUserStep#0"", ""status"": ""ASSIGNED_FAULT""}, {""bodyOutcome"": ""NOT_RUN"", ""exceptionClass"": null, ""exceptionMessage"": null, ""faultOrigin"": ""ASSIGNED"", ""kind"": ""FORWARD"", ""runtimeStepName"": ""getOldCourseExecutionStep"", ""sourceStepId"": ""pt.ulisboa.tecnico.socialsoftware.quizzes.microservices.execution.coordination.sagas.RemoveStudentFromCourseExecutionFunctionalitySagas::getOldCourseExecutionStep#0"", ""status"": ""ASSIGNED_FAULT""}, {""bodyOutcome"": ""NOT_RUN"", ""exceptionClass"": null, ""exceptionMessage"": null, ""faultOrigin"": null, ""kind"": ""EVENT_CONSEQUENCE"", ""runtimeStepName"": ""removeStudentStep"", ""sourceStepId"": ""pt.ulisboa.tecnico.socialsoftware.quizzes.microservices.execution.coordination.sagas.RemoveStudentFromCourseExecutionFunctionalitySagas::removeStudentStep#0"", ""status"": ""MASKED_BY_TRIGGER_NOT_REACHED""}, {""bodyOutcome"": ""NOT_RUN"", ""exceptionClass"": null, ""exceptionMessage"": null, ""faultOrigin"": null, ""kind"": ""EVENT_CONSEQUENCE"", ""runtimeStepName"": ""removeStudentStep"", ""sourceStepId"": ""pt.ulisboa.tecnico.socialsoftware.quizzes.microservices.execution.coordination.sagas.RemoveStudentFromCourseExecutionFunctionalitySagas::removeStudentStep#0"", ""status"": ""MASKED_BY_TRIGGER_NOT_REACHED""}]",1.114961875,"[{""action"": ""setup-action-1"", ""inputs"": [""095911d8b22b1b1b8c93b2de12bb94e323e975bf4edd553f04fd54021e4b7f1c"", ""5538dff7f7fb7084738511a5879ef1427cb2382af820ae0363ba27849c4f1196""], ""property"": ""aggregateId""}, {""action"": ""setup-action-2"", ""inputs"": [""095911d8b22b1b1b8c93b2de12bb94e323e975bf4edd553f04fd54021e4b7f1c"", ""5538dff7f7fb7084738511a5879ef1427cb2382af820ae0363ba27849c4f1196""], ""property"": ""aggregateId""}]",True,[],"{""DELETED_DEPENDENCY"": 0, ""FAILED_OPERATION_RESIDUAL"": 0, ""UNRESOLVED_DELIVERED_EVENT"": 0}","{""execution.impact-v2.json"": ""fffb84c6557643748f7427afc4b99360c2e5d62d4adab86aa376b75e848ea591"", ""execution.json"": ""1303ab29f020f2cbd41e8588bfc6136dd5e38d171d4261aff03eb65d6f31f5a1"", ""impact-v1.json"": ""68a78db5c7e86a1c341f1916a3220c81000c46e2658f6c3f5a082f62df2c2b1f""}"
w02,w02-01,39a9f2f2c03d6ec6915f90f3a057fabcc5203248c1b5a2a6d88dac0e688826b0,000,f2469f5f436302340c4fedd764885607174c0f42d341fd6594bfbb86bf6c35df,403a58f8b9aaffcb1b91cb2770f02505568d470b653f52e32b14d9f5d97b4d05,1,PROCESS_FAILURE,1,25.25595666700974,EXECUTION_INVALID,INVALID,,UNEXPECTED_EXECUTION_FAILURE,INCOMPLETE,ae8537fd-f44b-423d-9c09-671d7e3f33c5,SUCCEEDED,SELECTED_SUBSCRIBER_NOT_FOUND,"[{""bodyOutcome"": ""FAILED"", ""exceptionClass"": ""pt.ulisboa.tecnico.socialsoftware.quizzes.microservices.exception.QuizzesException"", ""exceptionMessage"": ""Student with aggregate id 4 is already enrolled in course execution 2."", ""faultOrigin"": ""UNASSIGNED_RUNTIME"", ""kind"": ""FORWARD"", ""runtimeStepName"": ""enrollStudentStep"", ""sourceStepId"": ""pt.ulisboa.tecnico.socialsoftware.quizzes.microservices.execution.coordination.sagas.AddStudentFunctionalitySagas::enrollStudentStep#0"", ""status"": ""FAILED""}, {""bodyOutcome"": ""FAILED"", ""exceptionClass"": ""pt.ulisboa.tecnico.socialsoftware.ms.notification.EventReplayException"", ""exceptionMessage"": ""selected event has no eligible subscriber for the persisted route"", ""faultOrigin"": null, ""kind"": ""EVENT_CONSEQUENCE"", ""runtimeStepName"": ""updateStudentNameStep"", ""sourceStepId"": ""pt.ulisboa.tecnico.socialsoftware.quizzes.microservices.execution.coordination.sagas.UpdateStudentNameFunctionalitySagas::updateStudentNameStep#0"", ""status"": ""SELECTED_SUBSCRIBER_NOT_FOUND""}]",1.833905251,"[{""action"": ""setup-action-1"", ""inputs"": [""06ec67a4548e9ed6668523ec545f5237eb303ddca9ff0aa144cc4a0bab8bfdf2"", ""2dc70dcf0b54ac1885d22dc3d423a07e1bd9761b8ea8695052b929e766aa7bc4""], ""property"": ""aggregateId""}, {""action"": ""setup-action-5"", ""inputs"": [""06ec67a4548e9ed6668523ec545f5237eb303ddca9ff0aa144cc4a0bab8bfdf2"", ""2dc70dcf0b54ac1885d22dc3d423a07e1bd9761b8ea8695052b929e766aa7bc4""], ""property"": ""aggregateId""}]",True,[],"{""DELETED_DEPENDENCY"": 0, ""FAILED_OPERATION_RESIDUAL"": 0, ""UNRESOLVED_DELIVERED_EVENT"": 0}","{""execution.impact-v2.json"": ""f8d4bd9831fc2fd4ca58bb1bd902cefadd9cb4573d6553d00abcfe9d3cfcb3b3"", ""execution.json"": ""e9c451b1ae6b1fb5f8339409c71ca6c072a148f86a86dfba016704466eb8c94e"", ""impact-v1.json"": ""46e9d7cbc5af98ddc5064f62db7713c70a545b5b66becddb31dfae2c2a106ca4""}"
w02,w02-02,c7f62625c22cd631d6dfcd294aa2bbfd0c653a4649f90e43d319f6baacfbf560,000,f2469f5f436302340c4fedd764885607174c0f42d341fd6594bfbb86bf6c35df,403a58f8b9aaffcb1b91cb2770f02505568d470b653f52e32b14d9f5d97b4d05,1,PROCESS_FAILURE,1,24.057664916967042,EXECUTION_INVALID,INVALID,,UNEXPECTED_EXECUTION_FAILURE,INCOMPLETE,c4f5ab60-a20c-47bc-9c7e-c45e0eafd88b,SUCCEEDED,SELECTED_SUBSCRIBER_NOT_FOUND,"[{""bodyOutcome"": ""FAILED"", ""exceptionClass"": ""pt.ulisboa.tecnico.socialsoftware.quizzes.microservices.exception.QuizzesException"", ""exceptionMessage"": ""Student with aggregate id 4 is already enrolled in course execution 2."", ""faultOrigin"": ""UNASSIGNED_RUNTIME"", ""kind"": ""FORWARD"", ""runtimeStepName"": ""enrollStudentStep"", ""sourceStepId"": ""pt.ulisboa.tecnico.socialsoftware.quizzes.microservices.execution.coordination.sagas.AddStudentFunctionalitySagas::enrollStudentStep#0"", ""status"": ""FAILED""}, {""bodyOutcome"": ""FAILED"", ""exceptionClass"": ""pt.ulisboa.tecnico.socialsoftware.ms.notification.EventReplayException"", ""exceptionMessage"": ""selected event has no eligible subscriber for the persisted route"", ""faultOrigin"": null, ""kind"": ""EVENT_CONSEQUENCE"", ""runtimeStepName"": ""updateStudentNameStep"", ""sourceStepId"": ""pt.ulisboa.tecnico.socialsoftware.quizzes.microservices.execution.coordination.sagas.UpdateStudentNameFunctionalitySagas::updateStudentNameStep#0"", ""status"": ""SELECTED_SUBSCRIBER_NOT_FOUND""}]",1.820907876,"[{""action"": ""setup-action-1"", ""inputs"": [""06ec67a4548e9ed6668523ec545f5237eb303ddca9ff0aa144cc4a0bab8bfdf2"", ""2dc70dcf0b54ac1885d22dc3d423a07e1bd9761b8ea8695052b929e766aa7bc4""], ""property"": ""aggregateId""}, {""action"": ""setup-action-5"", ""inputs"": [""06ec67a4548e9ed6668523ec545f5237eb303ddca9ff0aa144cc4a0bab8bfdf2"", ""2dc70dcf0b54ac1885d22dc3d423a07e1bd9761b8ea8695052b929e766aa7bc4""], ""property"": ""aggregateId""}]",True,[],"{""DELETED_DEPENDENCY"": 0, ""FAILED_OPERATION_RESIDUAL"": 0, ""UNRESOLVED_DELIVERED_EVENT"": 0}","{""execution.impact-v2.json"": ""b2f880c0b1dabc9db3f4aa3d47b94843b7a781d414029f494f9a01bd47431f5a"", ""execution.json"": ""f8eaea2da9a0786e9e08cf2ac50088e1d2f8f1e2e8089384d9f587bf5b9bb13a"", ""impact-v1.json"": ""1634b7f3f103a9aa73bf7c246ca0352ec40949aafce4d839f57ba189ba9814a1""}"
w02,w02-03,5c3e26b2d5e75555f15129c0195865a7098cf3d75197869f053e33150531038c,001,f2469f5f436302340c4fedd764885607174c0f42d341fd6594bfbb86bf6c35df,a0911523348c04a79ec461b13444e9289df4f48f53ed14134b7f8b909e2247b3,1,COMPLETE,0,28.026607292005792,COMPLETE,COMPLETE,0,COMPENSATED,DEVIATED,2d0d769a-9f18-4e6e-9843-6b17bf79b6d7,SUCCEEDED,,"[{""bodyOutcome"": ""FAILED"", ""exceptionClass"": ""pt.ulisboa.tecnico.socialsoftware.quizzes.microservices.exception.QuizzesException"", ""exceptionMessage"": ""Student with aggregate id 4 is already enrolled in course execution 2."", ""faultOrigin"": ""UNASSIGNED_RUNTIME"", ""kind"": ""FORWARD"", ""runtimeStepName"": ""enrollStudentStep"", ""sourceStepId"": ""pt.ulisboa.tecnico.socialsoftware.quizzes.microservices.execution.coordination.sagas.AddStudentFunctionalitySagas::enrollStudentStep#0"", ""status"": ""FAILED""}, {""bodyOutcome"": ""NOT_RUN"", ""exceptionClass"": null, ""exceptionMessage"": null, ""faultOrigin"": ""ASSIGNED"", ""kind"": ""FORWARD"", ""runtimeStepName"": ""updateStudentNameStep"", ""sourceStepId"": ""pt.ulisboa.tecnico.socialsoftware.quizzes.microservices.execution.coordination.sagas.UpdateStudentNameFunctionalitySagas::updateStudentNameStep#0"", ""status"": ""ASSIGNED_FAULT""}, {""bodyOutcome"": ""NOT_RUN"", ""exceptionClass"": null, ""exceptionMessage"": null, ""faultOrigin"": null, ""kind"": ""EVENT_CONSEQUENCE"", ""runtimeStepName"": ""updateStudentNameStep"", ""sourceStepId"": ""pt.ulisboa.tecnico.socialsoftware.quizzes.microservices.execution.coordination.sagas.UpdateStudentNameFunctionalitySagas::updateStudentNameStep#0"", ""status"": ""MASKED_BY_TRIGGER_FAULT""}, {""bodyOutcome"": ""NOT_RUN"", ""exceptionClass"": null, ""exceptionMessage"": null, ""faultOrigin"": null, ""kind"": ""EVENT_CONSEQUENCE"", ""runtimeStepName"": ""updateStudentNameStep"", ""sourceStepId"": ""pt.ulisboa.tecnico.socialsoftware.quizzes.microservices.execution.coordination.sagas.UpdateStudentNameFunctionalitySagas::updateStudentNameStep#0"", ""status"": ""MASKED_BY_TRIGGER_FAULT""}]",1.840644417,"[{""action"": ""setup-action-1"", ""inputs"": [""06ec67a4548e9ed6668523ec545f5237eb303ddca9ff0aa144cc4a0bab8bfdf2"", ""2dc70dcf0b54ac1885d22dc3d423a07e1bd9761b8ea8695052b929e766aa7bc4""], ""property"": ""aggregateId""}, {""action"": ""setup-action-5"", ""inputs"": [""06ec67a4548e9ed6668523ec545f5237eb303ddca9ff0aa144cc4a0bab8bfdf2"", ""2dc70dcf0b54ac1885d22dc3d423a07e1bd9761b8ea8695052b929e766aa7bc4""], ""property"": ""aggregateId""}]",True,[],"{""DELETED_DEPENDENCY"": 0, ""FAILED_OPERATION_RESIDUAL"": 0, ""UNRESOLVED_DELIVERED_EVENT"": 0}","{""execution.impact-v2.json"": ""869d18b449c15b7dadd32080791cd7ffa6c1ce3b534f197ba75d49fbe4026193"", ""execution.json"": ""3e67e397b2c718cf9b0feac3e05ca6672dfbecdb45b0b78f19430dbcfc0582e0"", ""impact-v1.json"": ""8f5923d555e39529dc399734e319a656d8448bde2ca7094e3e896cc6412f3323""}"
w02,w02-04,d1821703088fe167102eb013d8c1c6508e9c7ecc7fa67c7b6950d89afb0a9e85,001,f2469f5f436302340c4fedd764885607174c0f42d341fd6594bfbb86bf6c35df,a0911523348c04a79ec461b13444e9289df4f48f53ed14134b7f8b909e2247b3,1,COMPLETE,0,26.837824500049464,COMPLETE,COMPLETE,0,COMPENSATED,DEVIATED,ba735e5c-2f4d-4bbb-8435-6575edacc66f,SUCCEEDED,,"[{""bodyOutcome"": ""FAILED"", ""exceptionClass"": ""pt.ulisboa.tecnico.socialsoftware.quizzes.microservices.exception.QuizzesException"", ""exceptionMessage"": ""Student with aggregate id 4 is already enrolled in course execution 2."", ""faultOrigin"": ""UNASSIGNED_RUNTIME"", ""kind"": ""FORWARD"", ""runtimeStepName"": ""enrollStudentStep"", ""sourceStepId"": ""pt.ulisboa.tecnico.socialsoftware.quizzes.microservices.execution.coordination.sagas.AddStudentFunctionalitySagas::enrollStudentStep#0"", ""status"": ""FAILED""}, {""bodyOutcome"": ""NOT_RUN"", ""exceptionClass"": null, ""exceptionMessage"": null, ""faultOrigin"": ""ASSIGNED"", ""kind"": ""FORWARD"", ""runtimeStepName"": ""updateStudentNameStep"", ""sourceStepId"": ""pt.ulisboa.tecnico.socialsoftware.quizzes.microservices.execution.coordination.sagas.UpdateStudentNameFunctionalitySagas::updateStudentNameStep#0"", ""status"": ""ASSIGNED_FAULT""}, {""bodyOutcome"": ""NOT_RUN"", ""exceptionClass"": null, ""exceptionMessage"": null, ""faultOrigin"": null, ""kind"": ""EVENT_CONSEQUENCE"", ""runtimeStepName"": ""updateStudentNameStep"", ""sourceStepId"": ""pt.ulisboa.tecnico.socialsoftware.quizzes.microservices.execution.coordination.sagas.UpdateStudentNameFunctionalitySagas::updateStudentNameStep#0"", ""status"": ""MASKED_BY_TRIGGER_FAULT""}, {""bodyOutcome"": ""NOT_RUN"", ""exceptionClass"": null, ""exceptionMessage"": null, ""faultOrigin"": null, ""kind"": ""EVENT_CONSEQUENCE"", ""runtimeStepName"": ""updateStudentNameStep"", ""sourceStepId"": ""pt.ulisboa.tecnico.socialsoftware.quizzes.microservices.execution.coordination.sagas.UpdateStudentNameFunctionalitySagas::updateStudentNameStep#0"", ""status"": ""MASKED_BY_TRIGGER_FAULT""}]",2.130462501,"[{""action"": ""setup-action-1"", ""inputs"": [""06ec67a4548e9ed6668523ec545f5237eb303ddca9ff0aa144cc4a0bab8bfdf2"", ""2dc70dcf0b54ac1885d22dc3d423a07e1bd9761b8ea8695052b929e766aa7bc4""], ""property"": ""aggregateId""}, {""action"": ""setup-action-5"", ""inputs"": [""06ec67a4548e9ed6668523ec545f5237eb303ddca9ff0aa144cc4a0bab8bfdf2"", ""2dc70dcf0b54ac1885d22dc3d423a07e1bd9761b8ea8695052b929e766aa7bc4""], ""property"": ""aggregateId""}]",True,[],"{""DELETED_DEPENDENCY"": 0, ""FAILED_OPERATION_RESIDUAL"": 0, ""UNRESOLVED_DELIVERED_EVENT"": 0}","{""execution.impact-v2.json"": ""6a11fffeb40c02ec17f8f4bf9674e3dcc67e6d21700e76033005b71c0d8ee42d"", ""execution.json"": ""71c65f0df2d62f5a71e34608a7c5e41e2b13fa00aa34eccb493f7486304da38a"", ""impact-v1.json"": ""3099f2cbd6ee4512463db0ca4d933378e20a534aec586e5526a73f0f8274313c""}"
w02,w02-05,10548d5be5be9f9c232482d9267b09d3c488d33a208330c273c6cbd0ef41c832,010,f2469f5f436302340c4fedd764885607174c0f42d341fd6594bfbb86bf6c35df,ab9b7465c132f08c7d75d09f163860f9f6875e1b52434757f93e5d4b26359d3b,1,PROCESS_FAILURE,1,29.513271625037305,EXECUTION_INVALID,INVALID,,UNEXPECTED_EXECUTION_FAILURE,INCOMPLETE,157f00d3-6395-4a80-86c2-f64d8c2a4df6,SUCCEEDED,SELECTED_SUBSCRIBER_NOT_FOUND,"[{""bodyOutcome"": ""NOT_RUN"", ""exceptionClass"": null, ""exceptionMessage"": null, ""faultOrigin"": ""ASSIGNED"", ""kind"": ""FORWARD"", ""runtimeStepName"": ""enrollStudentStep"", ""sourceStepId"": ""pt.ulisboa.tecnico.socialsoftware.quizzes.microservices.execution.coordination.sagas.AddStudentFunctionalitySagas::enrollStudentStep#0"", ""status"": ""ASSIGNED_FAULT""}, {""bodyOutcome"": ""FAILED"", ""exceptionClass"": ""pt.ulisboa.tecnico.socialsoftware.ms.notification.EventReplayException"", ""exceptionMessage"": ""selected event has no eligible subscriber for the persisted route"", ""faultOrigin"": null, ""kind"": ""EVENT_CONSEQUENCE"", ""runtimeStepName"": ""updateStudentNameStep"", ""sourceStepId"": ""pt.ulisboa.tecnico.socialsoftware.quizzes.microservices.execution.coordination.sagas.UpdateStudentNameFunctionalitySagas::updateStudentNameStep#0"", ""status"": ""SELECTED_SUBSCRIBER_NOT_FOUND""}]",3.082199418,"[{""action"": ""setup-action-1"", ""inputs"": [""06ec67a4548e9ed6668523ec545f5237eb303ddca9ff0aa144cc4a0bab8bfdf2"", ""2dc70dcf0b54ac1885d22dc3d423a07e1bd9761b8ea8695052b929e766aa7bc4""], ""property"": ""aggregateId""}, {""action"": ""setup-action-5"", ""inputs"": [""06ec67a4548e9ed6668523ec545f5237eb303ddca9ff0aa144cc4a0bab8bfdf2"", ""2dc70dcf0b54ac1885d22dc3d423a07e1bd9761b8ea8695052b929e766aa7bc4""], ""property"": ""aggregateId""}]",True,[],"{""DELETED_DEPENDENCY"": 0, ""FAILED_OPERATION_RESIDUAL"": 0, ""UNRESOLVED_DELIVERED_EVENT"": 0}","{""execution.impact-v2.json"": ""a313573c13384861c9935426203730c9495374438a40a3c80948cbed6c79d95e"", ""execution.json"": ""d4761f1bbe90b0ed8bf1acbaa5d6a496310cb5dabc9c7517415e9b04fea6c154"", ""impact-v1.json"": ""b8893b248ef44f13a599a733f99b14b6d55f94462469e3aa1b21bb08dc7b60b9""}"
w02,w02-06,90ea7f77790f439fe4008f0bfa7f11820bdd3ba52cff1f129ea5be25b3c3b424,010,f2469f5f436302340c4fedd764885607174c0f42d341fd6594bfbb86bf6c35df,ab9b7465c132f08c7d75d09f163860f9f6875e1b52434757f93e5d4b26359d3b,1,PROCESS_FAILURE,1,26.26874508400215,EXECUTION_INVALID,INVALID,,UNEXPECTED_EXECUTION_FAILURE,INCOMPLETE,68f250df-2b73-48c5-bb96-b5a93ee996b6,SUCCEEDED,SELECTED_SUBSCRIBER_NOT_FOUND,"[{""bodyOutcome"": ""NOT_RUN"", ""exceptionClass"": null, ""exceptionMessage"": null, ""faultOrigin"": ""ASSIGNED"", ""kind"": ""FORWARD"", ""runtimeStepName"": ""enrollStudentStep"", ""sourceStepId"": ""pt.ulisboa.tecnico.socialsoftware.quizzes.microservices.execution.coordination.sagas.AddStudentFunctionalitySagas::enrollStudentStep#0"", ""status"": ""ASSIGNED_FAULT""}, {""bodyOutcome"": ""FAILED"", ""exceptionClass"": ""pt.ulisboa.tecnico.socialsoftware.ms.notification.EventReplayException"", ""exceptionMessage"": ""selected event has no eligible subscriber for the persisted route"", ""faultOrigin"": null, ""kind"": ""EVENT_CONSEQUENCE"", ""runtimeStepName"": ""updateStudentNameStep"", ""sourceStepId"": ""pt.ulisboa.tecnico.socialsoftware.quizzes.microservices.execution.coordination.sagas.UpdateStudentNameFunctionalitySagas::updateStudentNameStep#0"", ""status"": ""SELECTED_SUBSCRIBER_NOT_FOUND""}]",2.155295918,"[{""action"": ""setup-action-1"", ""inputs"": [""06ec67a4548e9ed6668523ec545f5237eb303ddca9ff0aa144cc4a0bab8bfdf2"", ""2dc70dcf0b54ac1885d22dc3d423a07e1bd9761b8ea8695052b929e766aa7bc4""], ""property"": ""aggregateId""}, {""action"": ""setup-action-5"", ""inputs"": [""06ec67a4548e9ed6668523ec545f5237eb303ddca9ff0aa144cc4a0bab8bfdf2"", ""2dc70dcf0b54ac1885d22dc3d423a07e1bd9761b8ea8695052b929e766aa7bc4""], ""property"": ""aggregateId""}]",True,[],"{""DELETED_DEPENDENCY"": 0, ""FAILED_OPERATION_RESIDUAL"": 0, ""UNRESOLVED_DELIVERED_EVENT"": 0}","{""execution.impact-v2.json"": ""9a6c659e0ab9865e0fceaf08010b2452573ff03566568301ef32041b190294d8"", ""execution.json"": ""62c378ae3254dd91fcff56b1be40066b911e94e3eeacf6c1af2599ceb17be26e"", ""impact-v1.json"": ""315a62d28f4dd4d898d894d2f98cc90db058602a66437ba4c07c4caef7ad96a6""}"
w02,w02-07,ef3b75e4a74ccddd9698b70ec7bd14c59397240079a8c894971a2c7dca3e73ef,011,f2469f5f436302340c4fedd764885607174c0f42d341fd6594bfbb86bf6c35df,1867f677a5ba61f5e7c1693f03f730eb17eedcc88ced6f6db912e0becafec82e,1,COMPLETE,0,27.453408834000584,COMPLETE,COMPLETE,0,COMPENSATED,EXACT,8fe4df24-76ae-467f-b254-51111920b72b,SUCCEEDED,,"[{""bodyOutcome"": ""NOT_RUN"", ""exceptionClass"": null, ""exceptionMessage"": null, ""faultOrigin"": ""ASSIGNED"", ""kind"": ""FORWARD"", ""runtimeStepName"": ""enrollStudentStep"", ""sourceStepId"": ""pt.ulisboa.tecnico.socialsoftware.quizzes.microservices.execution.coordination.sagas.AddStudentFunctionalitySagas::enrollStudentStep#0"", ""status"": ""ASSIGNED_FAULT""}, {""bodyOutcome"": ""NOT_RUN"", ""exceptionClass"": null, ""exceptionMessage"": null, ""faultOrigin"": ""ASSIGNED"", ""kind"": ""FORWARD"", ""runtimeStepName"": ""updateStudentNameStep"", ""sourceStepId"": ""pt.ulisboa.tecnico.socialsoftware.quizzes.microservices.execution.coordination.sagas.UpdateStudentNameFunctionalitySagas::updateStudentNameStep#0"", ""status"": ""ASSIGNED_FAULT""}, {""bodyOutcome"": ""NOT_RUN"", ""exceptionClass"": null, ""exceptionMessage"": null, ""faultOrigin"": null, ""kind"": ""EVENT_CONSEQUENCE"", ""runtimeStepName"": ""updateStudentNameStep"", ""sourceStepId"": ""pt.ulisboa.tecnico.socialsoftware.quizzes.microservices.execution.coordination.sagas.UpdateStudentNameFunctionalitySagas::updateStudentNameStep#0"", ""status"": ""MASKED_BY_TRIGGER_FAULT""}, {""bodyOutcome"": ""NOT_RUN"", ""exceptionClass"": null, ""exceptionMessage"": null, ""faultOrigin"": null, ""kind"": ""EVENT_CONSEQUENCE"", ""runtimeStepName"": ""updateStudentNameStep"", ""sourceStepId"": ""pt.ulisboa.tecnico.socialsoftware.quizzes.microservices.execution.coordination.sagas.UpdateStudentNameFunctionalitySagas::updateStudentNameStep#0"", ""status"": ""MASKED_BY_TRIGGER_FAULT""}]",1.690581376,"[{""action"": ""setup-action-1"", ""inputs"": [""06ec67a4548e9ed6668523ec545f5237eb303ddca9ff0aa144cc4a0bab8bfdf2"", ""2dc70dcf0b54ac1885d22dc3d423a07e1bd9761b8ea8695052b929e766aa7bc4""], ""property"": ""aggregateId""}, {""action"": ""setup-action-5"", ""inputs"": [""06ec67a4548e9ed6668523ec545f5237eb303ddca9ff0aa144cc4a0bab8bfdf2"", ""2dc70dcf0b54ac1885d22dc3d423a07e1bd9761b8ea8695052b929e766aa7bc4""], ""property"": ""aggregateId""}]",True,[],"{""DELETED_DEPENDENCY"": 0, ""FAILED_OPERATION_RESIDUAL"": 0, ""UNRESOLVED_DELIVERED_EVENT"": 0}","{""execution.impact-v2.json"": ""f719c46699770dfedb650172870f39cb0a0e20e56cf4f32523e2045d24d8a056"", ""execution.json"": ""783d21c2692b9ee746e2115c04ee8b62a712cf7781e238a766378e0952b02c2f"", ""impact-v1.json"": ""3689b947b6f86b9c737b2f7077ef5bc5d3dd5f23bf3230de55f9637fce3ef6f0""}"
w02,w02-08,462380dd651c97b4a2140525e1c96ee762b63181d543eaffe142e992d2020e69,100,f2469f5f436302340c4fedd764885607174c0f42d341fd6594bfbb86bf6c35df,d5162fdca6f5ca28971710710462f5b57329147d52bcaf0ccf50828503ac497a,1,PROCESS_FAILURE,1,27.890112375025637,EXECUTION_INVALID,INVALID,,UNEXPECTED_EXECUTION_FAILURE,INCOMPLETE,607ee836-8843-49a7-84a5-3d1ad6039134,SUCCEEDED,SELECTED_SUBSCRIBER_NOT_FOUND,"[{""bodyOutcome"": ""NOT_RUN"", ""exceptionClass"": null, ""exceptionMessage"": null, ""faultOrigin"": ""ASSIGNED"", ""kind"": ""FORWARD"", ""runtimeStepName"": ""getUserStep"", ""sourceStepId"": ""pt.ulisboa.tecnico.socialsoftware.quizzes.microservices.execution.coordination.sagas.AddStudentFunctionalitySagas::getUserStep#0"", ""status"": ""ASSIGNED_FAULT""}, {""bodyOutcome"": ""FAILED"", ""exceptionClass"": ""pt.ulisboa.tecnico.socialsoftware.ms.notification.EventReplayException"", ""exceptionMessage"": ""selected event has no eligible subscriber for the persisted route"", ""faultOrigin"": null, ""kind"": ""EVENT_CONSEQUENCE"", ""runtimeStepName"": ""updateStudentNameStep"", ""sourceStepId"": ""pt.ulisboa.tecnico.socialsoftware.quizzes.microservices.execution.coordination.sagas.UpdateStudentNameFunctionalitySagas::updateStudentNameStep#0"", ""status"": ""SELECTED_SUBSCRIBER_NOT_FOUND""}]",2.601845043,"[{""action"": ""setup-action-1"", ""inputs"": [""06ec67a4548e9ed6668523ec545f5237eb303ddca9ff0aa144cc4a0bab8bfdf2"", ""2dc70dcf0b54ac1885d22dc3d423a07e1bd9761b8ea8695052b929e766aa7bc4""], ""property"": ""aggregateId""}, {""action"": ""setup-action-5"", ""inputs"": [""06ec67a4548e9ed6668523ec545f5237eb303ddca9ff0aa144cc4a0bab8bfdf2"", ""2dc70dcf0b54ac1885d22dc3d423a07e1bd9761b8ea8695052b929e766aa7bc4""], ""property"": ""aggregateId""}]",True,[],"{""DELETED_DEPENDENCY"": 0, ""FAILED_OPERATION_RESIDUAL"": 0, ""UNRESOLVED_DELIVERED_EVENT"": 0}","{""execution.impact-v2.json"": ""22f47a4c59624387e00522161c1d5afbc3e7b86673d4f9f5b78d442fce43f230"", ""execution.json"": ""5476fb613b4a057544ef7b9b2bb8b81cc2330ca4c0ee71a1e7e8fea6226d3dfc"", ""impact-v1.json"": ""f9ee4efbcd09d3ddc947f26a5a62e01489c094e5e130defb322c74489e26b146""}"
w02,w02-09,adc87ba2ab7d677b33560369d1ab75ce1ed644bafaa29be97ed50d626fb1cb32,100,f2469f5f436302340c4fedd764885607174c0f42d341fd6594bfbb86bf6c35df,d5162fdca6f5ca28971710710462f5b57329147d52bcaf0ccf50828503ac497a,1,PROCESS_FAILURE,1,33.47494566702517,EXECUTION_INVALID,INVALID,,UNEXPECTED_EXECUTION_FAILURE,INCOMPLETE,25776bf3-f37f-40c6-a387-5e5b08653a5e,SUCCEEDED,SELECTED_SUBSCRIBER_NOT_FOUND,"[{""bodyOutcome"": ""NOT_RUN"", ""exceptionClass"": null, ""exceptionMessage"": null, ""faultOrigin"": ""ASSIGNED"", ""kind"": ""FORWARD"", ""runtimeStepName"": ""getUserStep"", ""sourceStepId"": ""pt.ulisboa.tecnico.socialsoftware.quizzes.microservices.execution.coordination.sagas.AddStudentFunctionalitySagas::getUserStep#0"", ""status"": ""ASSIGNED_FAULT""}, {""bodyOutcome"": ""FAILED"", ""exceptionClass"": ""pt.ulisboa.tecnico.socialsoftware.ms.notification.EventReplayException"", ""exceptionMessage"": ""selected event has no eligible subscriber for the persisted route"", ""faultOrigin"": null, ""kind"": ""EVENT_CONSEQUENCE"", ""runtimeStepName"": ""updateStudentNameStep"", ""sourceStepId"": ""pt.ulisboa.tecnico.socialsoftware.quizzes.microservices.execution.coordination.sagas.UpdateStudentNameFunctionalitySagas::updateStudentNameStep#0"", ""status"": ""SELECTED_SUBSCRIBER_NOT_FOUND""}]",3.035430168,"[{""action"": ""setup-action-1"", ""inputs"": [""06ec67a4548e9ed6668523ec545f5237eb303ddca9ff0aa144cc4a0bab8bfdf2"", ""2dc70dcf0b54ac1885d22dc3d423a07e1bd9761b8ea8695052b929e766aa7bc4""], ""property"": ""aggregateId""}, {""action"": ""setup-action-5"", ""inputs"": [""06ec67a4548e9ed6668523ec545f5237eb303ddca9ff0aa144cc4a0bab8bfdf2"", ""2dc70dcf0b54ac1885d22dc3d423a07e1bd9761b8ea8695052b929e766aa7bc4""], ""property"": ""aggregateId""}]",True,[],"{""DELETED_DEPENDENCY"": 0, ""FAILED_OPERATION_RESIDUAL"": 0, ""UNRESOLVED_DELIVERED_EVENT"": 0}","{""execution.impact-v2.json"": ""54fd947ff2912a04f23661618f6ddcdd8c0791ef2f1d7a3c1a79d99aa0de1242"", ""execution.json"": ""44776d4a28bc8a68d5e4a3c139df8263dcd0c014d3d7108460816e78e1b69b02"", ""impact-v1.json"": ""0f10854f76287b88566166e333027dbe63b4c8a9f81d2dc9f6ad19cc1272f711""}"
w02,w02-10,31041baece2eaa017352007d2b22b8103ce7f3fcb178aaa90121a37279347e68,101,f2469f5f436302340c4fedd764885607174c0f42d341fd6594bfbb86bf6c35df,a2ecad0ddda71de2d16cee92d40f24297d49398943f023191b63fb5ce05c94ed,1,COMPLETE,0,32.68210899998667,COMPLETE,COMPLETE,0,COMPENSATED,EXACT,290c9450-276e-4860-9be8-35aa6fcfe576,SUCCEEDED,,"[{""bodyOutcome"": ""NOT_RUN"", ""exceptionClass"": null, ""exceptionMessage"": null, ""faultOrigin"": ""ASSIGNED"", ""kind"": ""FORWARD"", ""runtimeStepName"": ""getUserStep"", ""sourceStepId"": ""pt.ulisboa.tecnico.socialsoftware.quizzes.microservices.execution.coordination.sagas.AddStudentFunctionalitySagas::getUserStep#0"", ""status"": ""ASSIGNED_FAULT""}, {""bodyOutcome"": ""NOT_RUN"", ""exceptionClass"": null, ""exceptionMessage"": null, ""faultOrigin"": ""ASSIGNED"", ""kind"": ""FORWARD"", ""runtimeStepName"": ""updateStudentNameStep"", ""sourceStepId"": ""pt.ulisboa.tecnico.socialsoftware.quizzes.microservices.execution.coordination.sagas.UpdateStudentNameFunctionalitySagas::updateStudentNameStep#0"", ""status"": ""ASSIGNED_FAULT""}, {""bodyOutcome"": ""NOT_RUN"", ""exceptionClass"": null, ""exceptionMessage"": null, ""faultOrigin"": null, ""kind"": ""EVENT_CONSEQUENCE"", ""runtimeStepName"": ""updateStudentNameStep"", ""sourceStepId"": ""pt.ulisboa.tecnico.socialsoftware.quizzes.microservices.execution.coordination.sagas.UpdateStudentNameFunctionalitySagas::updateStudentNameStep#0"", ""status"": ""MASKED_BY_TRIGGER_FAULT""}, {""bodyOutcome"": ""NOT_RUN"", ""exceptionClass"": null, ""exceptionMessage"": null, ""faultOrigin"": null, ""kind"": ""EVENT_CONSEQUENCE"", ""runtimeStepName"": ""updateStudentNameStep"", ""sourceStepId"": ""pt.ulisboa.tecnico.socialsoftware.quizzes.microservices.execution.coordination.sagas.UpdateStudentNameFunctionalitySagas::updateStudentNameStep#0"", ""status"": ""MASKED_BY_TRIGGER_FAULT""}]",4.087576002,"[{""action"": ""setup-action-1"", ""inputs"": [""06ec67a4548e9ed6668523ec545f5237eb303ddca9ff0aa144cc4a0bab8bfdf2"", ""2dc70dcf0b54ac1885d22dc3d423a07e1bd9761b8ea8695052b929e766aa7bc4""], ""property"": ""aggregateId""}, {""action"": ""setup-action-5"", ""inputs"": [""06ec67a4548e9ed6668523ec545f5237eb303ddca9ff0aa144cc4a0bab8bfdf2"", ""2dc70dcf0b54ac1885d22dc3d423a07e1bd9761b8ea8695052b929e766aa7bc4""], ""property"": ""aggregateId""}]",True,[],"{""DELETED_DEPENDENCY"": 0, ""FAILED_OPERATION_RESIDUAL"": 0, ""UNRESOLVED_DELIVERED_EVENT"": 0}","{""execution.impact-v2.json"": ""5550da0b5bfba3cbb643301ff387e39921d4bf59ca02001d768b0660a745c263"", ""execution.json"": ""f6d059155625eb6e13910cc2c16261304e6b262b575856a0c2533c1775a50c4c"", ""impact-v1.json"": ""8169a3aecd0d19e73d20730ba528c403fd1098e6cdc511050848cdaa2a3edf10""}"
w03,w03-01,23e10324fa6a18b7646011e5f39f1ff38436541454bded030ba59ed3de912cf4,000,5eeaebb9c4c2651f29e6931d89feabc9a16fdd7afc9a341ecf0c9f2bdec39481,f088f62618007f63ef3ee9a42222335284d4098aba960909427c1a2294137df2,1,PROCESS_FAILURE,1,32.080698292003945,EXECUTION_INVALID,INVALID,,UNEXPECTED_EXECUTION_FAILURE,INCOMPLETE,9da3844c-ad72-4cff-a3f5-9b8d265df84c,SUCCEEDED,SELECTED_SUBSCRIBER_NOT_FOUND,"[{""bodyOutcome"": ""FAILED"", ""exceptionClass"": ""pt.ulisboa.tecnico.socialsoftware.ms.notification.EventReplayException"", ""exceptionMessage"": ""selected event has no eligible subscriber for the persisted route"", ""faultOrigin"": null, ""kind"": ""EVENT_CONSEQUENCE"", ""runtimeStepName"": ""updateStudentNameStep"", ""sourceStepId"": ""pt.ulisboa.tecnico.socialsoftware.quizzes.microservices.execution.coordination.sagas.UpdateStudentNameFunctionalitySagas::updateStudentNameStep#0"", ""status"": ""SELECTED_SUBSCRIBER_NOT_FOUND""}]",3.483107668,"[{""action"": ""setup-action-1"", ""inputs"": [""33aa7a218f45e1f6800808f9642e29f07109bbf33ebdf2b89a4fdd1d90c76511"", ""3449fad76f028934383b088b7e689f58ab1095523bed37469c088e19d52c8ccc""], ""property"": ""aggregateId""}, {""action"": ""setup-action-2"", ""inputs"": [""33aa7a218f45e1f6800808f9642e29f07109bbf33ebdf2b89a4fdd1d90c76511"", ""3449fad76f028934383b088b7e689f58ab1095523bed37469c088e19d52c8ccc""], ""property"": ""aggregateId""}]",True,[],"{""DELETED_DEPENDENCY"": 0, ""FAILED_OPERATION_RESIDUAL"": 0, ""UNRESOLVED_DELIVERED_EVENT"": 0}","{""execution.impact-v2.json"": ""4233084e79ef608114c9a155bd11bc1f6a38d936f4ebd25b7db21fdf18e5ba01"", ""execution.json"": ""ccb2a4f61e866b05d8525b6ac91a15c2477ede90404eba0b48314ddf33326e80"", ""impact-v1.json"": ""115da33436416ddcb9786e654136fa18342781f47470c317c22711302574c3f3""}"
w03,w03-02,fd8646d6350a45fef47dc759ab7560f3662ddfefef03fa46ee0f778186a620ca,000,5eeaebb9c4c2651f29e6931d89feabc9a16fdd7afc9a341ecf0c9f2bdec39481,f088f62618007f63ef3ee9a42222335284d4098aba960909427c1a2294137df2,1,PROCESS_FAILURE,1,28.74867900001118,EXECUTION_INVALID,INVALID,,UNEXPECTED_EXECUTION_FAILURE,INCOMPLETE,b57e3977-7035-4fb1-b6b8-75986e6faa7f,SUCCEEDED,SELECTED_SUBSCRIBER_NOT_FOUND,"[{""bodyOutcome"": ""FAILED"", ""exceptionClass"": ""pt.ulisboa.tecnico.socialsoftware.ms.notification.EventReplayException"", ""exceptionMessage"": ""selected event has no eligible subscriber for the persisted route"", ""faultOrigin"": null, ""kind"": ""EVENT_CONSEQUENCE"", ""runtimeStepName"": ""updateStudentNameStep"", ""sourceStepId"": ""pt.ulisboa.tecnico.socialsoftware.quizzes.microservices.execution.coordination.sagas.UpdateStudentNameFunctionalitySagas::updateStudentNameStep#0"", ""status"": ""SELECTED_SUBSCRIBER_NOT_FOUND""}]",2.74857671,"[{""action"": ""setup-action-1"", ""inputs"": [""33aa7a218f45e1f6800808f9642e29f07109bbf33ebdf2b89a4fdd1d90c76511"", ""3449fad76f028934383b088b7e689f58ab1095523bed37469c088e19d52c8ccc""], ""property"": ""aggregateId""}, {""action"": ""setup-action-2"", ""inputs"": [""33aa7a218f45e1f6800808f9642e29f07109bbf33ebdf2b89a4fdd1d90c76511"", ""3449fad76f028934383b088b7e689f58ab1095523bed37469c088e19d52c8ccc""], ""property"": ""aggregateId""}]",True,[],"{""DELETED_DEPENDENCY"": 0, ""FAILED_OPERATION_RESIDUAL"": 0, ""UNRESOLVED_DELIVERED_EVENT"": 0}","{""execution.impact-v2.json"": ""e64e4cd87010702cbb9f42e9191e4b226b830a7c9b40f948e6c69c7b4ca95333"", ""execution.json"": ""2ca9ff729fdd6da60ae092d58c1457947b98e9d52304418735e2f59c1ac115e3"", ""impact-v1.json"": ""e831f21d3395996f09ff20e5fdb33ed9328b4a11a196e74999af8ed767403846""}"
w03,w03-03,2e7f083c563caabfed942b7ff09a9758ea4ccb7100f62643e7f7c5185c6b8a93,001,5eeaebb9c4c2651f29e6931d89feabc9a16fdd7afc9a341ecf0c9f2bdec39481,c0af39b1ebac33f13d0f4f666a084ecbd58f0b834f988bd0aef306780ce2abe3,1,PROCESS_FAILURE,1,33.962699291005265,EXECUTION_INVALID,INVALID,,UNEXPECTED_EXECUTION_FAILURE,INCOMPLETE,606ac6c7-b58a-4716-9b4b-7b22f3dbb60c,SUCCEEDED,SELECTED_SUBSCRIBER_NOT_FOUND,"[{""bodyOutcome"": ""FAILED"", ""exceptionClass"": ""pt.ulisboa.tecnico.socialsoftware.ms.notification.EventReplayException"", ""exceptionMessage"": ""selected event has no eligible subscriber for the persisted route"", ""faultOrigin"": null, ""kind"": ""EVENT_CONSEQUENCE"", ""runtimeStepName"": ""updateStudentNameStep"", ""sourceStepId"": ""pt.ulisboa.tecnico.socialsoftware.quizzes.microservices.execution.coordination.sagas.UpdateStudentNameFunctionalitySagas::updateStudentNameStep#0"", ""status"": ""SELECTED_SUBSCRIBER_NOT_FOUND""}]",1.905845418,"[{""action"": ""setup-action-1"", ""inputs"": [""33aa7a218f45e1f6800808f9642e29f07109bbf33ebdf2b89a4fdd1d90c76511"", ""3449fad76f028934383b088b7e689f58ab1095523bed37469c088e19d52c8ccc""], ""property"": ""aggregateId""}, {""action"": ""setup-action-2"", ""inputs"": [""33aa7a218f45e1f6800808f9642e29f07109bbf33ebdf2b89a4fdd1d90c76511"", ""3449fad76f028934383b088b7e689f58ab1095523bed37469c088e19d52c8ccc""], ""property"": ""aggregateId""}]",True,[],"{""DELETED_DEPENDENCY"": 0, ""FAILED_OPERATION_RESIDUAL"": 0, ""UNRESOLVED_DELIVERED_EVENT"": 0}","{""execution.impact-v2.json"": ""8b7bc72da5b4c5c4354f3bde7019648e64492738621d31c010d21f09b21ba10d"", ""execution.json"": ""cda454cb7694ba4827e17dad4017fd0212db060e3e551e7f8ae8fc218f3cb162"", ""impact-v1.json"": ""209277063bc178d22af8c2a399ca063840c9d8f562bc3e45c0f021752d54baca""}"
w03,w03-04,3ef290d968cd6539bd3ed2d722e2f0dfaeea5f87e6c386352ad61b2338630c84,001,5eeaebb9c4c2651f29e6931d89feabc9a16fdd7afc9a341ecf0c9f2bdec39481,c0af39b1ebac33f13d0f4f666a084ecbd58f0b834f988bd0aef306780ce2abe3,1,PROCESS_FAILURE,1,34.62735733296722,EXECUTION_INVALID,INVALID,,UNEXPECTED_EXECUTION_FAILURE,INCOMPLETE,ad4202a6-dc83-4cc3-b81f-cc565140771b,SUCCEEDED,SELECTED_SUBSCRIBER_NOT_FOUND,"[{""bodyOutcome"": ""FAILED"", ""exceptionClass"": ""pt.ulisboa.tecnico.socialsoftware.ms.notification.EventReplayException"", ""exceptionMessage"": ""selected event has no eligible subscriber for the persisted route"", ""faultOrigin"": null, ""kind"": ""EVENT_CONSEQUENCE"", ""runtimeStepName"": ""updateStudentNameStep"", ""sourceStepId"": ""pt.ulisboa.tecnico.socialsoftware.quizzes.microservices.execution.coordination.sagas.UpdateStudentNameFunctionalitySagas::updateStudentNameStep#0"", ""status"": ""SELECTED_SUBSCRIBER_NOT_FOUND""}]",2.585062792,"[{""action"": ""setup-action-1"", ""inputs"": [""33aa7a218f45e1f6800808f9642e29f07109bbf33ebdf2b89a4fdd1d90c76511"", ""3449fad76f028934383b088b7e689f58ab1095523bed37469c088e19d52c8ccc""], ""property"": ""aggregateId""}, {""action"": ""setup-action-2"", ""inputs"": [""33aa7a218f45e1f6800808f9642e29f07109bbf33ebdf2b89a4fdd1d90c76511"", ""3449fad76f028934383b088b7e689f58ab1095523bed37469c088e19d52c8ccc""], ""property"": ""aggregateId""}]",True,[],"{""DELETED_DEPENDENCY"": 0, ""FAILED_OPERATION_RESIDUAL"": 0, ""UNRESOLVED_DELIVERED_EVENT"": 0}","{""execution.impact-v2.json"": ""d9c37bb53d14b639953a941554a48c1ebd96c3916a9ac3b58a6ffad69986961c"", ""execution.json"": ""8bee09bbb8d940e15e97c64a0a9d9a5215841ea8780f299ba0f0e5365d43e9b6"", ""impact-v1.json"": ""ae2993087f0c85e3a3c4d5aae6d1e6d171a859c58ee381302390258e27758ebf""}"
w03,w03-05,6e0eb15bce2130fb97aebff82b93bb3ef90361e05aafaaf34c7e393e5d4933ee,010,5eeaebb9c4c2651f29e6931d89feabc9a16fdd7afc9a341ecf0c9f2bdec39481,db29706c1575f00021c1d3ccf2be8a21d5deb5a8bcd1dada6581b9bb9352274d,1,PROCESS_FAILURE,1,29.822913625044748,EXECUTION_INVALID,INVALID,,UNEXPECTED_EXECUTION_FAILURE,INCOMPLETE,d2f007d9-a0c0-4ad0-a906-1aa650426008,SUCCEEDED,SELECTED_SUBSCRIBER_NOT_FOUND,"[{""bodyOutcome"": ""FAILED"", ""exceptionClass"": ""pt.ulisboa.tecnico.socialsoftware.ms.notification.EventReplayException"", ""exceptionMessage"": ""selected event has no eligible subscriber for the persisted route"", ""faultOrigin"": null, ""kind"": ""EVENT_CONSEQUENCE"", ""runtimeStepName"": ""updateStudentNameStep"", ""sourceStepId"": ""pt.ulisboa.tecnico.socialsoftware.quizzes.microservices.execution.coordination.sagas.UpdateStudentNameFunctionalitySagas::updateStudentNameStep#0"", ""status"": ""SELECTED_SUBSCRIBER_NOT_FOUND""}]",2.459752793,"[{""action"": ""setup-action-1"", ""inputs"": [""33aa7a218f45e1f6800808f9642e29f07109bbf33ebdf2b89a4fdd1d90c76511"", ""3449fad76f028934383b088b7e689f58ab1095523bed37469c088e19d52c8ccc""], ""property"": ""aggregateId""}, {""action"": ""setup-action-2"", ""inputs"": [""33aa7a218f45e1f6800808f9642e29f07109bbf33ebdf2b89a4fdd1d90c76511"", ""3449fad76f028934383b088b7e689f58ab1095523bed37469c088e19d52c8ccc""], ""property"": ""aggregateId""}]",True,[],"{""DELETED_DEPENDENCY"": 0, ""FAILED_OPERATION_RESIDUAL"": 0, ""UNRESOLVED_DELIVERED_EVENT"": 0}","{""execution.impact-v2.json"": ""b75ac92f8b8556f88f1a608a9551af132c85c50dacbb95273d9ace76c3dadd9a"", ""execution.json"": ""843cd5e70cb79f8bb636293113960da09135169bd13dddb458b021e33a8e0622"", ""impact-v1.json"": ""9004f877eacce72bb300d9304c0ab959aa4e9b8b65c5b458fa2f0d5ebb4560cb""}"
w03,w03-06,9e37673e8928dde4cdc34601f5d1d9eaaad2916a27c62060cf5574e77dd01d61,010,5eeaebb9c4c2651f29e6931d89feabc9a16fdd7afc9a341ecf0c9f2bdec39481,db29706c1575f00021c1d3ccf2be8a21d5deb5a8bcd1dada6581b9bb9352274d,1,PROCESS_FAILURE,1,28.995896499953233,EXECUTION_INVALID,INVALID,,UNEXPECTED_EXECUTION_FAILURE,INCOMPLETE,6e5fb88a-1e64-41dd-a2a0-86d508a6c1eb,SUCCEEDED,SELECTED_SUBSCRIBER_NOT_FOUND,"[{""bodyOutcome"": ""FAILED"", ""exceptionClass"": ""pt.ulisboa.tecnico.socialsoftware.ms.notification.EventReplayException"", ""exceptionMessage"": ""selected event has no eligible subscriber for the persisted route"", ""faultOrigin"": null, ""kind"": ""EVENT_CONSEQUENCE"", ""runtimeStepName"": ""updateStudentNameStep"", ""sourceStepId"": ""pt.ulisboa.tecnico.socialsoftware.quizzes.microservices.execution.coordination.sagas.UpdateStudentNameFunctionalitySagas::updateStudentNameStep#0"", ""status"": ""SELECTED_SUBSCRIBER_NOT_FOUND""}]",2.892183709,"[{""action"": ""setup-action-1"", ""inputs"": [""33aa7a218f45e1f6800808f9642e29f07109bbf33ebdf2b89a4fdd1d90c76511"", ""3449fad76f028934383b088b7e689f58ab1095523bed37469c088e19d52c8ccc""], ""property"": ""aggregateId""}, {""action"": ""setup-action-2"", ""inputs"": [""33aa7a218f45e1f6800808f9642e29f07109bbf33ebdf2b89a4fdd1d90c76511"", ""3449fad76f028934383b088b7e689f58ab1095523bed37469c088e19d52c8ccc""], ""property"": ""aggregateId""}]",True,[],"{""DELETED_DEPENDENCY"": 0, ""FAILED_OPERATION_RESIDUAL"": 0, ""UNRESOLVED_DELIVERED_EVENT"": 0}","{""execution.impact-v2.json"": ""d92f2d12f8fcfb95fceefcf7e5de5a467cada160d89d094011c2075401188b81"", ""execution.json"": ""aaa0ee2f77826f0aaeddc6a3b9d236f864ca861932d372447e7ed3810afe0b30"", ""impact-v1.json"": ""8975d41b3b3886a1d6cc27e9fb36a2c9334e9aed215e2a9ec413e3f6f743eb70""}"
w03,w03-07,611619c6d734dca11ea1a5626201c261cf51f6dc3d51189c1b0ba805df581c16,100,5eeaebb9c4c2651f29e6931d89feabc9a16fdd7afc9a341ecf0c9f2bdec39481,6213195fe407210a62f23ca1bcb125f2b0f783c83d0acab35b6373c1db80e579,1,COMPLETE,0,32.63923595898086,COMPLETE,COMPLETE,0,PARTIAL_COMPENSATED,EXACT,3fad3cf3-e5f4-4333-bb07-f83e12cf634f,SUCCEEDED,,"[{""bodyOutcome"": ""NOT_RUN"", ""exceptionClass"": null, ""exceptionMessage"": null, ""faultOrigin"": ""ASSIGNED"", ""kind"": ""FORWARD"", ""runtimeStepName"": ""updateStudentNameStep"", ""sourceStepId"": ""pt.ulisboa.tecnico.socialsoftware.quizzes.microservices.execution.coordination.sagas.UpdateStudentNameFunctionalitySagas::updateStudentNameStep#0"", ""status"": ""ASSIGNED_FAULT""}, {""bodyOutcome"": ""NOT_RUN"", ""exceptionClass"": null, ""exceptionMessage"": null, ""faultOrigin"": null, ""kind"": ""EVENT_CONSEQUENCE"", ""runtimeStepName"": ""updateStudentNameStep"", ""sourceStepId"": ""pt.ulisboa.tecnico.socialsoftware.quizzes.microservices.execution.coordination.sagas.UpdateStudentNameFunctionalitySagas::updateStudentNameStep#0"", ""status"": ""MASKED_BY_TRIGGER_FAULT""}, {""bodyOutcome"": ""NOT_RUN"", ""exceptionClass"": null, ""exceptionMessage"": null, ""faultOrigin"": null, ""kind"": ""EVENT_CONSEQUENCE"", ""runtimeStepName"": ""updateStudentNameStep"", ""sourceStepId"": ""pt.ulisboa.tecnico.socialsoftware.quizzes.microservices.execution.coordination.sagas.UpdateStudentNameFunctionalitySagas::updateStudentNameStep#0"", ""status"": ""MASKED_BY_TRIGGER_FAULT""}]",2.524165543,"[{""action"": ""setup-action-1"", ""inputs"": [""33aa7a218f45e1f6800808f9642e29f07109bbf33ebdf2b89a4fdd1d90c76511"", ""3449fad76f028934383b088b7e689f58ab1095523bed37469c088e19d52c8ccc""], ""property"": ""aggregateId""}, {""action"": ""setup-action-2"", ""inputs"": [""33aa7a218f45e1f6800808f9642e29f07109bbf33ebdf2b89a4fdd1d90c76511"", ""3449fad76f028934383b088b7e689f58ab1095523bed37469c088e19d52c8ccc""], ""property"": ""aggregateId""}]",True,[],"{""DELETED_DEPENDENCY"": 0, ""FAILED_OPERATION_RESIDUAL"": 0, ""UNRESOLVED_DELIVERED_EVENT"": 0}","{""execution.impact-v2.json"": ""1017984530663ada9f3463d0fb7ec783a3e4662cca13ba66bc26b036c687f6e3"", ""execution.json"": ""bc010c6822cff503467041f85252f5f046973f5a1deac5c5526327565e603631"", ""impact-v1.json"": ""05644b49904a69139634b5e16438c0b40743c43d8b578ad438cf11af473de256""}"
w03,w03-08,f7a0062559d4613c210c1c4ed514051827cf31d2560efffdc16efc593fc5bb85,100,5eeaebb9c4c2651f29e6931d89feabc9a16fdd7afc9a341ecf0c9f2bdec39481,6213195fe407210a62f23ca1bcb125f2b0f783c83d0acab35b6373c1db80e579,1,COMPLETE,0,33.93417095800396,COMPLETE,COMPLETE,0,PARTIAL_COMPENSATED,EXACT,3cc40ec7-7265-4cf7-af4d-04147adaf9e0,SUCCEEDED,,"[{""bodyOutcome"": ""NOT_RUN"", ""exceptionClass"": null, ""exceptionMessage"": null, ""faultOrigin"": ""ASSIGNED"", ""kind"": ""FORWARD"", ""runtimeStepName"": ""updateStudentNameStep"", ""sourceStepId"": ""pt.ulisboa.tecnico.socialsoftware.quizzes.microservices.execution.coordination.sagas.UpdateStudentNameFunctionalitySagas::updateStudentNameStep#0"", ""status"": ""ASSIGNED_FAULT""}, {""bodyOutcome"": ""NOT_RUN"", ""exceptionClass"": null, ""exceptionMessage"": null, ""faultOrigin"": null, ""kind"": ""EVENT_CONSEQUENCE"", ""runtimeStepName"": ""updateStudentNameStep"", ""sourceStepId"": ""pt.ulisboa.tecnico.socialsoftware.quizzes.microservices.execution.coordination.sagas.UpdateStudentNameFunctionalitySagas::updateStudentNameStep#0"", ""status"": ""MASKED_BY_TRIGGER_FAULT""}, {""bodyOutcome"": ""NOT_RUN"", ""exceptionClass"": null, ""exceptionMessage"": null, ""faultOrigin"": null, ""kind"": ""EVENT_CONSEQUENCE"", ""runtimeStepName"": ""updateStudentNameStep"", ""sourceStepId"": ""pt.ulisboa.tecnico.socialsoftware.quizzes.microservices.execution.coordination.sagas.UpdateStudentNameFunctionalitySagas::updateStudentNameStep#0"", ""status"": ""MASKED_BY_TRIGGER_FAULT""}]",3.678218043,"[{""action"": ""setup-action-1"", ""inputs"": [""33aa7a218f45e1f6800808f9642e29f07109bbf33ebdf2b89a4fdd1d90c76511"", ""3449fad76f028934383b088b7e689f58ab1095523bed37469c088e19d52c8ccc""], ""property"": ""aggregateId""}, {""action"": ""setup-action-2"", ""inputs"": [""33aa7a218f45e1f6800808f9642e29f07109bbf33ebdf2b89a4fdd1d90c76511"", ""3449fad76f028934383b088b7e689f58ab1095523bed37469c088e19d52c8ccc""], ""property"": ""aggregateId""}]",True,[],"{""DELETED_DEPENDENCY"": 0, ""FAILED_OPERATION_RESIDUAL"": 0, ""UNRESOLVED_DELIVERED_EVENT"": 0}","{""execution.impact-v2.json"": ""2c97a9b666e9c447499dc1a48d9e4ebbbe84392c0a53ad79649786c7bac27594"", ""execution.json"": ""c62f91cdebfd8196286bd661f9e66f486a6c262d9db3c378870e6864c8b029f5"", ""impact-v1.json"": ""8363f2b073cd7cc49ec323bd489df907a48ed8b2d89de5e8d66103085724cd07""}"
w03,w03-09,ff69732541898b248c2eaf4bfba7c4f6525f8c8132550eaa9a6f45929af3c5ae,101,5eeaebb9c4c2651f29e6931d89feabc9a16fdd7afc9a341ecf0c9f2bdec39481,ecbd7bced84eed22a71380c50fe02d383d01ea0cb16d96e7b3e173772dbc7fe7,1,COMPLETE,0,34.50935337500414,COMPLETE,COMPLETE,0,COMPENSATED,EXACT,fe9e7d53-3c6a-4c9c-9f68-dc61476b34a6,SUCCEEDED,,"[{""bodyOutcome"": ""NOT_RUN"", ""exceptionClass"": null, ""exceptionMessage"": null, ""faultOrigin"": ""ASSIGNED"", ""kind"": ""FORWARD"", ""runtimeStepName"": ""updateStudentNameStep"", ""sourceStepId"": ""pt.ulisboa.tecnico.socialsoftware.quizzes.microservices.execution.coordination.sagas.UpdateStudentNameFunctionalitySagas::updateStudentNameStep#0"", ""status"": ""ASSIGNED_FAULT""}, {""bodyOutcome"": ""NOT_RUN"", ""exceptionClass"": null, ""exceptionMessage"": null, ""faultOrigin"": null, ""kind"": ""EVENT_CONSEQUENCE"", ""runtimeStepName"": ""updateStudentNameStep"", ""sourceStepId"": ""pt.ulisboa.tecnico.socialsoftware.quizzes.microservices.execution.coordination.sagas.UpdateStudentNameFunctionalitySagas::updateStudentNameStep#0"", ""status"": ""MASKED_BY_TRIGGER_FAULT""}, {""bodyOutcome"": ""NOT_RUN"", ""exceptionClass"": null, ""exceptionMessage"": null, ""faultOrigin"": null, ""kind"": ""EVENT_CONSEQUENCE"", ""runtimeStepName"": ""updateStudentNameStep"", ""sourceStepId"": ""pt.ulisboa.tecnico.socialsoftware.quizzes.microservices.execution.coordination.sagas.UpdateStudentNameFunctionalitySagas::updateStudentNameStep#0"", ""status"": ""MASKED_BY_TRIGGER_FAULT""}, {""bodyOutcome"": ""NOT_RUN"", ""exceptionClass"": null, ""exceptionMessage"": null, ""faultOrigin"": ""ASSIGNED"", ""kind"": ""FORWARD"", ""runtimeStepName"": ""addParticipantStep"", ""sourceStepId"": ""pt.ulisboa.tecnico.socialsoftware.quizzes.microservices.tournament.coordination.sagas.AddParticipantFunctionalitySagas::addParticipantStep#0"", ""status"": ""ASSIGNED_FAULT""}]",2.228406918,"[{""action"": ""setup-action-1"", ""inputs"": [""33aa7a218f45e1f6800808f9642e29f07109bbf33ebdf2b89a4fdd1d90c76511"", ""3449fad76f028934383b088b7e689f58ab1095523bed37469c088e19d52c8ccc""], ""property"": ""aggregateId""}, {""action"": ""setup-action-2"", ""inputs"": [""33aa7a218f45e1f6800808f9642e29f07109bbf33ebdf2b89a4fdd1d90c76511"", ""3449fad76f028934383b088b7e689f58ab1095523bed37469c088e19d52c8ccc""], ""property"": ""aggregateId""}]",True,[],"{""DELETED_DEPENDENCY"": 0, ""FAILED_OPERATION_RESIDUAL"": 0, ""UNRESOLVED_DELIVERED_EVENT"": 0}","{""execution.impact-v2.json"": ""edc9a96ddff6a74411ce5621d00b84afa44b905fa808016cf932e1ba9e022b79"", ""execution.json"": ""ef7ef06faa94983964bc5a4dc1b679c4a6b94adf586e6493d983551e231b24a6"", ""impact-v1.json"": ""4d7106c722fba1b1eacf5fee29479941d98cf66566a7e3f019b552e645aaf791""}"
w03,w03-10,9a7b4e972031fcb8b806134341580dec96e959ac9076a4f530acd6200f40fca0,110,5eeaebb9c4c2651f29e6931d89feabc9a16fdd7afc9a341ecf0c9f2bdec39481,ed874d0658ef1849418729db5dea3434cf606ea4531b7f9dd9b2154c9d7c8e0a,1,COMPLETE,0,32.7570898749982,COMPLETE,COMPLETE,0,COMPENSATED,EXACT,69ff3980-e403-4608-83a1-3bdeee233692,SUCCEEDED,,"[{""bodyOutcome"": ""NOT_RUN"", ""exceptionClass"": null, ""exceptionMessage"": null, ""faultOrigin"": ""ASSIGNED"", ""kind"": ""FORWARD"", ""runtimeStepName"": ""updateStudentNameStep"", ""sourceStepId"": ""pt.ulisboa.tecnico.socialsoftware.quizzes.microservices.execution.coordination.sagas.UpdateStudentNameFunctionalitySagas::updateStudentNameStep#0"", ""status"": ""ASSIGNED_FAULT""}, {""bodyOutcome"": ""NOT_RUN"", ""exceptionClass"": null, ""exceptionMessage"": null, ""faultOrigin"": null, ""kind"": ""EVENT_CONSEQUENCE"", ""runtimeStepName"": ""updateStudentNameStep"", ""sourceStepId"": ""pt.ulisboa.tecnico.socialsoftware.quizzes.microservices.execution.coordination.sagas.UpdateStudentNameFunctionalitySagas::updateStudentNameStep#0"", ""status"": ""MASKED_BY_TRIGGER_FAULT""}, {""bodyOutcome"": ""NOT_RUN"", ""exceptionClass"": null, ""exceptionMessage"": null, ""faultOrigin"": ""ASSIGNED"", ""kind"": ""FORWARD"", ""runtimeStepName"": ""getUserStep"", ""sourceStepId"": ""pt.ulisboa.tecnico.socialsoftware.quizzes.microservices.tournament.coordination.sagas.AddParticipantFunctionalitySagas::getUserStep#0"", ""status"": ""ASSIGNED_FAULT""}, {""bodyOutcome"": ""NOT_RUN"", ""exceptionClass"": null, ""exceptionMessage"": null, ""faultOrigin"": null, ""kind"": ""EVENT_CONSEQUENCE"", ""runtimeStepName"": ""updateStudentNameStep"", ""sourceStepId"": ""pt.ulisboa.tecnico.socialsoftware.quizzes.microservices.execution.coordination.sagas.UpdateStudentNameFunctionalitySagas::updateStudentNameStep#0"", ""status"": ""MASKED_BY_TRIGGER_FAULT""}]",2.120581834,"[{""action"": ""setup-action-1"", ""inputs"": [""33aa7a218f45e1f6800808f9642e29f07109bbf33ebdf2b89a4fdd1d90c76511"", ""3449fad76f028934383b088b7e689f58ab1095523bed37469c088e19d52c8ccc""], ""property"": ""aggregateId""}, {""action"": ""setup-action-2"", ""inputs"": [""33aa7a218f45e1f6800808f9642e29f07109bbf33ebdf2b89a4fdd1d90c76511"", ""3449fad76f028934383b088b7e689f58ab1095523bed37469c088e19d52c8ccc""], ""property"": ""aggregateId""}]",True,[],"{""DELETED_DEPENDENCY"": 0, ""FAILED_OPERATION_RESIDUAL"": 0, ""UNRESOLVED_DELIVERED_EVENT"": 0}","{""execution.impact-v2.json"": ""8b7f386531a2268c2a548e797e92c4c40ee19c6a4ba8873c684ecb252265ff66"", ""execution.json"": ""4a35abea68e038d016c09e3ae516e52c97a72425c4c39c85c05f9a3f1f05236c"", ""impact-v1.json"": ""c83a1bb8a1be49ad9933d4d6a700184d7edcedebc49cd457a3248eebf8ac2cbd""}"
w04,w04-01,35ed5effc731d3dc247744a28df97b60498883fd3d6f76761790e5d5e7d13fd2,000,ed088c072d615ee4948058b4513c4a8855bec831ab9955671dc096473e069605,aefd7a11f555d66b8c0b081e558f75d5c7ba3a681f16b4d340b73c42bccd49b3,1,PROCESS_FAILURE,1,31.113854750001337,EXECUTION_INVALID,INVALID,,UNEXPECTED_EXECUTION_FAILURE,INCOMPLETE,2cd0c432-f7f4-4b62-a5bf-4043dfab385d,SUCCEEDED,SELECTED_SUBSCRIBER_NOT_FOUND,"[{""bodyOutcome"": ""FAILED"", ""exceptionClass"": ""pt.ulisboa.tecnico.socialsoftware.ms.notification.EventReplayException"", ""exceptionMessage"": ""selected event has no eligible subscriber for the persisted route"", ""faultOrigin"": null, ""kind"": ""EVENT_CONSEQUENCE"", ""runtimeStepName"": ""removeStudentStep"", ""sourceStepId"": ""pt.ulisboa.tecnico.socialsoftware.quizzes.microservices.execution.coordination.sagas.RemoveStudentFromCourseExecutionFunctionalitySagas::removeStudentStep#0"", ""status"": ""SELECTED_SUBSCRIBER_NOT_FOUND""}]",0.753265084,"[{""action"": ""setup-action-1"", ""inputs"": [""2d4d3ce0ed1358ff9834e64b25456d270f7f760ebc611dea0ace53074198ad22"", ""2fb7ea7b2acb46894c5953d8b6ef989fe94b6c8e34809d411527416850e7ed58""], ""property"": ""aggregateId""}, {""action"": ""setup-action-2"", ""inputs"": [""2d4d3ce0ed1358ff9834e64b25456d270f7f760ebc611dea0ace53074198ad22"", ""2fb7ea7b2acb46894c5953d8b6ef989fe94b6c8e34809d411527416850e7ed58""], ""property"": ""aggregateId""}]",True,[],"{""DELETED_DEPENDENCY"": 0, ""FAILED_OPERATION_RESIDUAL"": 0, ""UNRESOLVED_DELIVERED_EVENT"": 0}","{""execution.impact-v2.json"": ""3d292a16f82315faabbc896eeb8a90d7d8450a4531c172946e5a280061b40015"", ""execution.json"": ""5abefc8129ff2a79bec808ad217592049277e50d9077ceaaf3758510a264cd8a"", ""impact-v1.json"": ""39cd62d840003928bb4df6070b85cfc997d9e46d563a3b383dda85ea3359a24c""}"
w04,w04-02,e1c57b42c12be5e5b89b6f8c1d214dd4b5149bfb47a069608b0975288c610e6a,000,ed088c072d615ee4948058b4513c4a8855bec831ab9955671dc096473e069605,aefd7a11f555d66b8c0b081e558f75d5c7ba3a681f16b4d340b73c42bccd49b3,1,PROCESS_FAILURE,1,31.505351957981475,EXECUTION_INVALID,INVALID,,UNEXPECTED_EXECUTION_FAILURE,INCOMPLETE,0ba7f578-7235-42a2-ba38-bc039824bccf,SUCCEEDED,SELECTED_SUBSCRIBER_NOT_FOUND,"[{""bodyOutcome"": ""FAILED"", ""exceptionClass"": ""pt.ulisboa.tecnico.socialsoftware.ms.notification.EventReplayException"", ""exceptionMessage"": ""selected event has no eligible subscriber for the persisted route"", ""faultOrigin"": null, ""kind"": ""EVENT_CONSEQUENCE"", ""runtimeStepName"": ""removeStudentStep"", ""sourceStepId"": ""pt.ulisboa.tecnico.socialsoftware.quizzes.microservices.execution.coordination.sagas.RemoveStudentFromCourseExecutionFunctionalitySagas::removeStudentStep#0"", ""status"": ""SELECTED_SUBSCRIBER_NOT_FOUND""}]",0.728004042,"[{""action"": ""setup-action-1"", ""inputs"": [""2d4d3ce0ed1358ff9834e64b25456d270f7f760ebc611dea0ace53074198ad22"", ""2fb7ea7b2acb46894c5953d8b6ef989fe94b6c8e34809d411527416850e7ed58""], ""property"": ""aggregateId""}, {""action"": ""setup-action-2"", ""inputs"": [""2d4d3ce0ed1358ff9834e64b25456d270f7f760ebc611dea0ace53074198ad22"", ""2fb7ea7b2acb46894c5953d8b6ef989fe94b6c8e34809d411527416850e7ed58""], ""property"": ""aggregateId""}]",True,[],"{""DELETED_DEPENDENCY"": 0, ""FAILED_OPERATION_RESIDUAL"": 0, ""UNRESOLVED_DELIVERED_EVENT"": 0}","{""execution.impact-v2.json"": ""09108c088cdde967d9700f22ff41f1a7c7174cdf5dfe6d6e25279c60a898f4fa"", ""execution.json"": ""4a0a79be4a690c1d0726b79c3b8e9f927b331b6a70af9d047a21a4de3eb5a37d"", ""impact-v1.json"": ""20c3d52969b4ae29a7807a145937bbba73379c46e0502928b47ce01e1c14ac5c""}"
w04,w04-03,3852b7467ecd50639b0fbca76bfeea6fb099126797b45618af7d3cbf828d53df,001,ed088c072d615ee4948058b4513c4a8855bec831ab9955671dc096473e069605,634e99975fbff967330cc7897ac3f4b68a00d0294957071900c6c7c33391278b,1,PROCESS_FAILURE,1,25.531493499991484,EXECUTION_INVALID,INVALID,,UNEXPECTED_EXECUTION_FAILURE,INCOMPLETE,bbe8f903-d5f1-48f2-ac90-ff94bde82ec8,SUCCEEDED,SELECTED_SUBSCRIBER_NOT_FOUND,"[{""bodyOutcome"": ""FAILED"", ""exceptionClass"": ""pt.ulisboa.tecnico.socialsoftware.ms.notification.EventReplayException"", ""exceptionMessage"": ""selected event has no eligible subscriber for the persisted route"", ""faultOrigin"": null, ""kind"": ""EVENT_CONSEQUENCE"", ""runtimeStepName"": ""removeStudentStep"", ""sourceStepId"": ""pt.ulisboa.tecnico.socialsoftware.quizzes.microservices.execution.coordination.sagas.RemoveStudentFromCourseExecutionFunctionalitySagas::removeStudentStep#0"", ""status"": ""SELECTED_SUBSCRIBER_NOT_FOUND""}]",0.648402959,"[{""action"": ""setup-action-1"", ""inputs"": [""2d4d3ce0ed1358ff9834e64b25456d270f7f760ebc611dea0ace53074198ad22"", ""2fb7ea7b2acb46894c5953d8b6ef989fe94b6c8e34809d411527416850e7ed58""], ""property"": ""aggregateId""}, {""action"": ""setup-action-2"", ""inputs"": [""2d4d3ce0ed1358ff9834e64b25456d270f7f760ebc611dea0ace53074198ad22"", ""2fb7ea7b2acb46894c5953d8b6ef989fe94b6c8e34809d411527416850e7ed58""], ""property"": ""aggregateId""}]",True,[],"{""DELETED_DEPENDENCY"": 0, ""FAILED_OPERATION_RESIDUAL"": 0, ""UNRESOLVED_DELIVERED_EVENT"": 0}","{""execution.impact-v2.json"": ""313b3ff6d42af1aa3a296d2db0a3e4f782460697b89e8a410b05118742f751d1"", ""execution.json"": ""b67da052153cac7b3348657b94e526e824b8ed16adb98c5090cb33c579efff0e"", ""impact-v1.json"": ""a063ae2a9fa73c010065e422932df616e97fa750a95d4a22100f48056c6e2358""}"
w04,w04-04,9b9b1950d4546e6ec582334f0c2b259bdd7a650b9f2a988f0639bca9cfb77ae8,001,ed088c072d615ee4948058b4513c4a8855bec831ab9955671dc096473e069605,634e99975fbff967330cc7897ac3f4b68a00d0294957071900c6c7c33391278b,1,PROCESS_FAILURE,1,23.858521125046536,EXECUTION_INVALID,INVALID,,UNEXPECTED_EXECUTION_FAILURE,INCOMPLETE,b32dba5a-2a50-4571-a324-2198218ab275,SUCCEEDED,SELECTED_SUBSCRIBER_NOT_FOUND,"[{""bodyOutcome"": ""FAILED"", ""exceptionClass"": ""pt.ulisboa.tecnico.socialsoftware.ms.notification.EventReplayException"", ""exceptionMessage"": ""selected event has no eligible subscriber for the persisted route"", ""faultOrigin"": null, ""kind"": ""EVENT_CONSEQUENCE"", ""runtimeStepName"": ""removeStudentStep"", ""sourceStepId"": ""pt.ulisboa.tecnico.socialsoftware.quizzes.microservices.execution.coordination.sagas.RemoveStudentFromCourseExecutionFunctionalitySagas::removeStudentStep#0"", ""status"": ""SELECTED_SUBSCRIBER_NOT_FOUND""}]",0.676420625,"[{""action"": ""setup-action-1"", ""inputs"": [""2d4d3ce0ed1358ff9834e64b25456d270f7f760ebc611dea0ace53074198ad22"", ""2fb7ea7b2acb46894c5953d8b6ef989fe94b6c8e34809d411527416850e7ed58""], ""property"": ""aggregateId""}, {""action"": ""setup-action-2"", ""inputs"": [""2d4d3ce0ed1358ff9834e64b25456d270f7f760ebc611dea0ace53074198ad22"", ""2fb7ea7b2acb46894c5953d8b6ef989fe94b6c8e34809d411527416850e7ed58""], ""property"": ""aggregateId""}]",True,[],"{""DELETED_DEPENDENCY"": 0, ""FAILED_OPERATION_RESIDUAL"": 0, ""UNRESOLVED_DELIVERED_EVENT"": 0}","{""execution.impact-v2.json"": ""8792cf3fc4e37bdd526b7469a4395455916a5463025d432674ba25f1ee1b6001"", ""execution.json"": ""8c2e51cd9ec6fa82f74b2b6d540a77109f94da66db0d6c2fa4cb1e85f4ad5ba0"", ""impact-v1.json"": ""571bab173305ee7893eb5abe122401941149550c0bcd865169bc42269b902002""}"
w04,w04-05,7a8ebebe49b7df3bcb6a59275181a13a9c7ecf23552c618e0d91efd0bf34800d,010,ed088c072d615ee4948058b4513c4a8855bec831ab9955671dc096473e069605,6dfebf9dd332e45bbf400ad9e211f5768d28ed89c9220266eea5947af96a4217,1,COMPLETE,0,28.127069708018098,COMPLETE,COMPLETE,0,PARTIAL_COMPENSATED,EXACT,1dea77c2-abcf-4857-a40e-febd2e20d529,SUCCEEDED,,"[{""bodyOutcome"": ""NOT_RUN"", ""exceptionClass"": null, ""exceptionMessage"": null, ""faultOrigin"": ""ASSIGNED"", ""kind"": ""FORWARD"", ""runtimeStepName"": ""removeStudentStep"", ""sourceStepId"": ""pt.ulisboa.tecnico.socialsoftware.quizzes.microservices.execution.coordination.sagas.RemoveStudentFromCourseExecutionFunctionalitySagas::removeStudentStep#0"", ""status"": ""ASSIGNED_FAULT""}, {""bodyOutcome"": ""NOT_RUN"", ""exceptionClass"": null, ""exceptionMessage"": null, ""faultOrigin"": null, ""kind"": ""EVENT_CONSEQUENCE"", ""runtimeStepName"": ""removeStudentStep"", ""sourceStepId"": ""pt.ulisboa.tecnico.socialsoftware.quizzes.microservices.execution.coordination.sagas.RemoveStudentFromCourseExecutionFunctionalitySagas::removeStudentStep#0"", ""status"": ""MASKED_BY_TRIGGER_FAULT""}, {""bodyOutcome"": ""NOT_RUN"", ""exceptionClass"": null, ""exceptionMessage"": null, ""faultOrigin"": null, ""kind"": ""EVENT_CONSEQUENCE"", ""runtimeStepName"": ""removeStudentStep"", ""sourceStepId"": ""pt.ulisboa.tecnico.socialsoftware.quizzes.microservices.execution.coordination.sagas.RemoveStudentFromCourseExecutionFunctionalitySagas::removeStudentStep#0"", ""status"": ""MASKED_BY_TRIGGER_FAULT""}, {""bodyOutcome"": ""NOT_APPLICABLE"", ""exceptionClass"": null, ""exceptionMessage"": null, ""faultOrigin"": null, ""kind"": ""COMPENSATION"", ""runtimeStepName"": ""getOldCourseExecutionStep"", ""sourceStepId"": ""pt.ulisboa.tecnico.socialsoftware.quizzes.microservices.execution.coordination.sagas.RemoveStudentFromCourseExecutionFunctionalitySagas::getOldCourseExecutionStep#0"", ""status"": ""COMPENSATED""}]",1.903118834,"[{""action"": ""setup-action-1"", ""inputs"": [""2d4d3ce0ed1358ff9834e64b25456d270f7f760ebc611dea0ace53074198ad22"", ""2fb7ea7b2acb46894c5953d8b6ef989fe94b6c8e34809d411527416850e7ed58""], ""property"": ""aggregateId""}, {""action"": ""setup-action-2"", ""inputs"": [""2d4d3ce0ed1358ff9834e64b25456d270f7f760ebc611dea0ace53074198ad22"", ""2fb7ea7b2acb46894c5953d8b6ef989fe94b6c8e34809d411527416850e7ed58""], ""property"": ""aggregateId""}]",True,[],"{""DELETED_DEPENDENCY"": 0, ""FAILED_OPERATION_RESIDUAL"": 0, ""UNRESOLVED_DELIVERED_EVENT"": 0}","{""execution.impact-v2.json"": ""8bac4b9e026ca76a6a4e9c7af42ee26239222192ba011bb3789dd83125873b19"", ""execution.json"": ""801f554426639d0c4108b759e0f051f2836e54729d3496560430301671211866"", ""impact-v1.json"": ""39f59e40ca06d902645a96a83709dd6aeba53dd3940ffef8a3e6e9002072b456""}"
w04,w04-06,ae437e3823d4d3a9a3e66eabb342d3094edd8c1df67741863248e9344a262178,010,ed088c072d615ee4948058b4513c4a8855bec831ab9955671dc096473e069605,1735900efafd4e56b7bc0496deff160c22eb13ddaec54c37ea0189a74fb05d4e,1,COMPLETE,0,25.700448582996614,COMPLETE,COMPLETE,0,PARTIAL_COMPENSATED,EXACT,d9776700-0113-458a-b79c-989293c086cb,SUCCEEDED,,"[{""bodyOutcome"": ""NOT_RUN"", ""exceptionClass"": null, ""exceptionMessage"": null, ""faultOrigin"": ""ASSIGNED"", ""kind"": ""FORWARD"", ""runtimeStepName"": ""removeStudentStep"", ""sourceStepId"": ""pt.ulisboa.tecnico.socialsoftware.quizzes.microservices.execution.coordination.sagas.RemoveStudentFromCourseExecutionFunctionalitySagas::removeStudentStep#0"", ""status"": ""ASSIGNED_FAULT""}, {""bodyOutcome"": ""NOT_RUN"", ""exceptionClass"": null, ""exceptionMessage"": null, ""faultOrigin"": null, ""kind"": ""EVENT_CONSEQUENCE"", ""runtimeStepName"": ""removeStudentStep"", ""sourceStepId"": ""pt.ulisboa.tecnico.socialsoftware.quizzes.microservices.execution.coordination.sagas.RemoveStudentFromCourseExecutionFunctionalitySagas::removeStudentStep#0"", ""status"": ""MASKED_BY_TRIGGER_FAULT""}, {""bodyOutcome"": ""NOT_APPLICABLE"", ""exceptionClass"": null, ""exceptionMessage"": null, ""faultOrigin"": null, ""kind"": ""COMPENSATION"", ""runtimeStepName"": ""getOldCourseExecutionStep"", ""sourceStepId"": ""pt.ulisboa.tecnico.socialsoftware.quizzes.microservices.execution.coordination.sagas.RemoveStudentFromCourseExecutionFunctionalitySagas::getOldCourseExecutionStep#0"", ""status"": ""COMPENSATED""}, {""bodyOutcome"": ""NOT_RUN"", ""exceptionClass"": null, ""exceptionMessage"": null, ""faultOrigin"": null, ""kind"": ""EVENT_CONSEQUENCE"", ""runtimeStepName"": ""removeStudentStep"", ""sourceStepId"": ""pt.ulisboa.tecnico.socialsoftware.quizzes.microservices.execution.coordination.sagas.RemoveStudentFromCourseExecutionFunctionalitySagas::removeStudentStep#0"", ""status"": ""MASKED_BY_TRIGGER_FAULT""}]",0.855563293,"[{""action"": ""setup-action-1"", ""inputs"": [""2d4d3ce0ed1358ff9834e64b25456d270f7f760ebc611dea0ace53074198ad22"", ""2fb7ea7b2acb46894c5953d8b6ef989fe94b6c8e34809d411527416850e7ed58""], ""property"": ""aggregateId""}, {""action"": ""setup-action-2"", ""inputs"": [""2d4d3ce0ed1358ff9834e64b25456d270f7f760ebc611dea0ace53074198ad22"", ""2fb7ea7b2acb46894c5953d8b6ef989fe94b6c8e34809d411527416850e7ed58""], ""property"": ""aggregateId""}]",True,[],"{""DELETED_DEPENDENCY"": 0, ""FAILED_OPERATION_RESIDUAL"": 0, ""UNRESOLVED_DELIVERED_EVENT"": 0}","{""execution.impact-v2.json"": ""4aae7f538e54d95283b2b6ad091390fbc0ae257033316312589e0ee40654090e"", ""execution.json"": ""f8217a8bb959639dfc58e41d0576dab1774cc6d576a5e16466418d403136e442"", ""impact-v1.json"": ""b8432b8eac48435e897e3c36e9d023c749ce4f0398ee203604a1991964bb968f""}"
w04,w04-07,e0bebe0a778f37585748dc10553962fc9b471c5ce51aadc2a492aafd3dd1d6a6,010,ed088c072d615ee4948058b4513c4a8855bec831ab9955671dc096473e069605,1735900efafd4e56b7bc0496deff160c22eb13ddaec54c37ea0189a74fb05d4e,1,COMPLETE,0,26.943325833999552,COMPLETE,COMPLETE,0,PARTIAL_COMPENSATED,EXACT,14a597eb-26f2-4de7-a121-ca2a92f78ddb,SUCCEEDED,,"[{""bodyOutcome"": ""NOT_RUN"", ""exceptionClass"": null, ""exceptionMessage"": null, ""faultOrigin"": ""ASSIGNED"", ""kind"": ""FORWARD"", ""runtimeStepName"": ""removeStudentStep"", ""sourceStepId"": ""pt.ulisboa.tecnico.socialsoftware.quizzes.microservices.execution.coordination.sagas.RemoveStudentFromCourseExecutionFunctionalitySagas::removeStudentStep#0"", ""status"": ""ASSIGNED_FAULT""}, {""bodyOutcome"": ""NOT_RUN"", ""exceptionClass"": null, ""exceptionMessage"": null, ""faultOrigin"": null, ""kind"": ""EVENT_CONSEQUENCE"", ""runtimeStepName"": ""removeStudentStep"", ""sourceStepId"": ""pt.ulisboa.tecnico.socialsoftware.quizzes.microservices.execution.coordination.sagas.RemoveStudentFromCourseExecutionFunctionalitySagas::removeStudentStep#0"", ""status"": ""MASKED_BY_TRIGGER_FAULT""}, {""bodyOutcome"": ""NOT_APPLICABLE"", ""exceptionClass"": null, ""exceptionMessage"": null, ""faultOrigin"": null, ""kind"": ""COMPENSATION"", ""runtimeStepName"": ""getOldCourseExecutionStep"", ""sourceStepId"": ""pt.ulisboa.tecnico.socialsoftware.quizzes.microservices.execution.coordination.sagas.RemoveStudentFromCourseExecutionFunctionalitySagas::getOldCourseExecutionStep#0"", ""status"": ""COMPENSATED""}, {""bodyOutcome"": ""NOT_RUN"", ""exceptionClass"": null, ""exceptionMessage"": null, ""faultOrigin"": null, ""kind"": ""EVENT_CONSEQUENCE"", ""runtimeStepName"": ""removeStudentStep"", ""sourceStepId"": ""pt.ulisboa.tecnico.socialsoftware.quizzes.microservices.execution.coordination.sagas.RemoveStudentFromCourseExecutionFunctionalitySagas::removeStudentStep#0"", ""status"": ""MASKED_BY_TRIGGER_FAULT""}]",1.142772043,"[{""action"": ""setup-action-1"", ""inputs"": [""2d4d3ce0ed1358ff9834e64b25456d270f7f760ebc611dea0ace53074198ad22"", ""2fb7ea7b2acb46894c5953d8b6ef989fe94b6c8e34809d411527416850e7ed58""], ""property"": ""aggregateId""}, {""action"": ""setup-action-2"", ""inputs"": [""2d4d3ce0ed1358ff9834e64b25456d270f7f760ebc611dea0ace53074198ad22"", ""2fb7ea7b2acb46894c5953d8b6ef989fe94b6c8e34809d411527416850e7ed58""], ""property"": ""aggregateId""}]",True,[],"{""DELETED_DEPENDENCY"": 0, ""FAILED_OPERATION_RESIDUAL"": 0, ""UNRESOLVED_DELIVERED_EVENT"": 0}","{""execution.impact-v2.json"": ""58c4509e2045034f1b46d10c4af00d715f9ff0e817381585e49836bcdcc97ec3"", ""execution.json"": ""50e82da62722b7deb97f6d51260dc525dd01e18f246dc5c09c0f735af1fa1ce4"", ""impact-v1.json"": ""1bf03d8ccd4d04c698d69b242611563ae6680a010d22297cfdfee65250c7a69b""}"
w04,w04-08,0f82828ad7ecac85a148931b62ab25a0245f8d6b9358ce7fe4daf7de932800b0,011,ed088c072d615ee4948058b4513c4a8855bec831ab9955671dc096473e069605,a7e28535c1f4449c048328f2e5f9451b1a1ba9f2e0ab2b54077f631fbedcb06b,1,COMPLETE,0,23.130175457976293,COMPLETE,COMPLETE,0,COMPENSATED,EXACT,ed44852d-d651-48d9-967f-60626ab5edd1,SUCCEEDED,,"[{""bodyOutcome"": ""NOT_RUN"", ""exceptionClass"": null, ""exceptionMessage"": null, ""faultOrigin"": ""ASSIGNED"", ""kind"": ""FORWARD"", ""runtimeStepName"": ""removeStudentStep"", ""sourceStepId"": ""pt.ulisboa.tecnico.socialsoftware.quizzes.microservices.execution.coordination.sagas.RemoveStudentFromCourseExecutionFunctionalitySagas::removeStudentStep#0"", ""status"": ""ASSIGNED_FAULT""}, {""bodyOutcome"": ""NOT_RUN"", ""exceptionClass"": null, ""exceptionMessage"": null, ""faultOrigin"": null, ""kind"": ""EVENT_CONSEQUENCE"", ""runtimeStepName"": ""removeStudentStep"", ""sourceStepId"": ""pt.ulisboa.tecnico.socialsoftware.quizzes.microservices.execution.coordination.sagas.RemoveStudentFromCourseExecutionFunctionalitySagas::removeStudentStep#0"", ""status"": ""MASKED_BY_TRIGGER_FAULT""}, {""bodyOutcome"": ""NOT_RUN"", ""exceptionClass"": null, ""exceptionMessage"": null, ""faultOrigin"": ""ASSIGNED"", ""kind"": ""FORWARD"", ""runtimeStepName"": ""updateStudentNameStep"", ""sourceStepId"": ""pt.ulisboa.tecnico.socialsoftware.quizzes.microservices.execution.coordination.sagas.UpdateStudentNameFunctionalitySagas::updateStudentNameStep#0"", ""status"": ""ASSIGNED_FAULT""}, {""bodyOutcome"": ""NOT_RUN"", ""exceptionClass"": null, ""exceptionMessage"": null, ""faultOrigin"": null, ""kind"": ""EVENT_CONSEQUENCE"", ""runtimeStepName"": ""removeStudentStep"", ""sourceStepId"": ""pt.ulisboa.tecnico.socialsoftware.quizzes.microservices.execution.coordination.sagas.RemoveStudentFromCourseExecutionFunctionalitySagas::removeStudentStep#0"", ""status"": ""MASKED_BY_TRIGGER_FAULT""}, {""bodyOutcome"": ""NOT_APPLICABLE"", ""exceptionClass"": null, ""exceptionMessage"": null, ""faultOrigin"": null, ""kind"": ""COMPENSATION"", ""runtimeStepName"": ""getOldCourseExecutionStep"", ""sourceStepId"": ""pt.ulisboa.tecnico.socialsoftware.quizzes.microservices.execution.coordination.sagas.RemoveStudentFromCourseExecutionFunctionalitySagas::getOldCourseExecutionStep#0"", ""status"": ""COMPENSATED""}]",0.696688376,"[{""action"": ""setup-action-1"", ""inputs"": [""2d4d3ce0ed1358ff9834e64b25456d270f7f760ebc611dea0ace53074198ad22"", ""2fb7ea7b2acb46894c5953d8b6ef989fe94b6c8e34809d411527416850e7ed58""], ""property"": ""aggregateId""}, {""action"": ""setup-action-2"", ""inputs"": [""2d4d3ce0ed1358ff9834e64b25456d270f7f760ebc611dea0ace53074198ad22"", ""2fb7ea7b2acb46894c5953d8b6ef989fe94b6c8e34809d411527416850e7ed58""], ""property"": ""aggregateId""}]",True,[],"{""DELETED_DEPENDENCY"": 0, ""FAILED_OPERATION_RESIDUAL"": 0, ""UNRESOLVED_DELIVERED_EVENT"": 0}","{""execution.impact-v2.json"": ""9d9dc8294ad1b17acfc57f9a892169e5b3f5637e912df458d8089c4db8f9d7f4"", ""execution.json"": ""60b200dd1984d84254b9715e2790762af4b3b5d4605c8e09e57606e7ec428781"", ""impact-v1.json"": ""688b4485c1bdbd97a0211c090027ce7643acdc592bdfcb75bf9ed1d6a1785fa7""}"
w04,w04-09,d41d755333e2aa1738e320708bcd96162df2f19db0ff11a9f11c15d48985c43b,011,ed088c072d615ee4948058b4513c4a8855bec831ab9955671dc096473e069605,25a59c3fa64a3b599e797c3027ac107481dcae3ad62523bc99ec3b68f71ec0ca,1,COMPLETE,0,29.792135583993513,COMPLETE,COMPLETE,0,COMPENSATED,EXACT,00c0c52b-926b-446c-9a89-05651e5da9a4,SUCCEEDED,,"[{""bodyOutcome"": ""NOT_RUN"", ""exceptionClass"": null, ""exceptionMessage"": null, ""faultOrigin"": ""ASSIGNED"", ""kind"": ""FORWARD"", ""runtimeStepName"": ""removeStudentStep"", ""sourceStepId"": ""pt.ulisboa.tecnico.socialsoftware.quizzes.microservices.execution.coordination.sagas.RemoveStudentFromCourseExecutionFunctionalitySagas::removeStudentStep#0"", ""status"": ""ASSIGNED_FAULT""}, {""bodyOutcome"": ""NOT_RUN"", ""exceptionClass"": null, ""exceptionMessage"": null, ""faultOrigin"": null, ""kind"": ""EVENT_CONSEQUENCE"", ""runtimeStepName"": ""removeStudentStep"", ""sourceStepId"": ""pt.ulisboa.tecnico.socialsoftware.quizzes.microservices.execution.coordination.sagas.RemoveStudentFromCourseExecutionFunctionalitySagas::removeStudentStep#0"", ""status"": ""MASKED_BY_TRIGGER_FAULT""}, {""bodyOutcome"": ""NOT_APPLICABLE"", ""exceptionClass"": null, ""exceptionMessage"": null, ""faultOrigin"": null, ""kind"": ""COMPENSATION"", ""runtimeStepName"": ""getOldCourseExecutionStep"", ""sourceStepId"": ""pt.ulisboa.tecnico.socialsoftware.quizzes.microservices.execution.coordination.sagas.RemoveStudentFromCourseExecutionFunctionalitySagas::getOldCourseExecutionStep#0"", ""status"": ""COMPENSATED""}, {""bodyOutcome"": ""NOT_RUN"", ""exceptionClass"": null, ""exceptionMessage"": null, ""faultOrigin"": ""ASSIGNED"", ""kind"": ""FORWARD"", ""runtimeStepName"": ""updateStudentNameStep"", ""sourceStepId"": ""pt.ulisboa.tecnico.socialsoftware.quizzes.microservices.execution.coordination.sagas.UpdateStudentNameFunctionalitySagas::updateStudentNameStep#0"", ""status"": ""ASSIGNED_FAULT""}, {""bodyOutcome"": ""NOT_RUN"", ""exceptionClass"": null, ""exceptionMessage"": null, ""faultOrigin"": null, ""kind"": ""EVENT_CONSEQUENCE"", ""runtimeStepName"": ""removeStudentStep"", ""sourceStepId"": ""pt.ulisboa.tecnico.socialsoftware.quizzes.microservices.execution.coordination.sagas.RemoveStudentFromCourseExecutionFunctionalitySagas::removeStudentStep#0"", ""status"": ""MASKED_BY_TRIGGER_FAULT""}]",0.991849251,"[{""action"": ""setup-action-1"", ""inputs"": [""2d4d3ce0ed1358ff9834e64b25456d270f7f760ebc611dea0ace53074198ad22"", ""2fb7ea7b2acb46894c5953d8b6ef989fe94b6c8e34809d411527416850e7ed58""], ""property"": ""aggregateId""}, {""action"": ""setup-action-2"", ""inputs"": [""2d4d3ce0ed1358ff9834e64b25456d270f7f760ebc611dea0ace53074198ad22"", ""2fb7ea7b2acb46894c5953d8b6ef989fe94b6c8e34809d411527416850e7ed58""], ""property"": ""aggregateId""}]",True,[],"{""DELETED_DEPENDENCY"": 0, ""FAILED_OPERATION_RESIDUAL"": 0, ""UNRESOLVED_DELIVERED_EVENT"": 0}","{""execution.impact-v2.json"": ""1ad855d1d4b26833fcd850fbb1bf8733da5c3c6ef98751c9c5f5a8c33d681358"", ""execution.json"": ""355d9440a178a03271d9c237957b87c2c5ed6d291c34f6bc1d88ad0111076a35"", ""impact-v1.json"": ""45a583306d4810cd62eb97c2145eb8acb2579ae8e5e596002e8e11087ef1e90b""}"
w04,w04-10,44111cfaddf2ab51901a6c230f380cf39ade6fdf4b6f68883a00fa793efa430f,100,ed088c072d615ee4948058b4513c4a8855bec831ab9955671dc096473e069605,aa912cb95965d532a6aa5bc18a512d72c53e597db368d36af50511adbad0ca80,1,COMPLETE,0,26.912945958029013,COMPLETE,COMPLETE,0,PARTIAL_COMPENSATED,EXACT,5e57b55f-884d-4c49-8665-93dc96bf9627,SUCCEEDED,,"[{""bodyOutcome"": ""NOT_RUN"", ""exceptionClass"": null, ""exceptionMessage"": null, ""faultOrigin"": ""ASSIGNED"", ""kind"": ""FORWARD"", ""runtimeStepName"": ""getOldCourseExecutionStep"", ""sourceStepId"": ""pt.ulisboa.tecnico.socialsoftware.quizzes.microservices.execution.coordination.sagas.RemoveStudentFromCourseExecutionFunctionalitySagas::getOldCourseExecutionStep#0"", ""status"": ""ASSIGNED_FAULT""}, {""bodyOutcome"": ""NOT_RUN"", ""exceptionClass"": null, ""exceptionMessage"": null, ""faultOrigin"": null, ""kind"": ""EVENT_CONSEQUENCE"", ""runtimeStepName"": ""removeStudentStep"", ""sourceStepId"": ""pt.ulisboa.tecnico.socialsoftware.quizzes.microservices.execution.coordination.sagas.RemoveStudentFromCourseExecutionFunctionalitySagas::removeStudentStep#0"", ""status"": ""MASKED_BY_TRIGGER_NOT_REACHED""}, {""bodyOutcome"": ""NOT_RUN"", ""exceptionClass"": null, ""exceptionMessage"": null, ""faultOrigin"": null, ""kind"": ""EVENT_CONSEQUENCE"", ""runtimeStepName"": ""removeStudentStep"", ""sourceStepId"": ""pt.ulisboa.tecnico.socialsoftware.quizzes.microservices.execution.coordination.sagas.RemoveStudentFromCourseExecutionFunctionalitySagas::removeStudentStep#0"", ""status"": ""MASKED_BY_TRIGGER_NOT_REACHED""}]",0.680010583,"[{""action"": ""setup-action-1"", ""inputs"": [""2d4d3ce0ed1358ff9834e64b25456d270f7f760ebc611dea0ace53074198ad22"", ""2fb7ea7b2acb46894c5953d8b6ef989fe94b6c8e34809d411527416850e7ed58""], ""property"": ""aggregateId""}, {""action"": ""setup-action-2"", ""inputs"": [""2d4d3ce0ed1358ff9834e64b25456d270f7f760ebc611dea0ace53074198ad22"", ""2fb7ea7b2acb46894c5953d8b6ef989fe94b6c8e34809d411527416850e7ed58""], ""property"": ""aggregateId""}]",True,[],"{""DELETED_DEPENDENCY"": 0, ""FAILED_OPERATION_RESIDUAL"": 0, ""UNRESOLVED_DELIVERED_EVENT"": 0}","{""execution.impact-v2.json"": ""038575e5f0f63bbcbf3300cce219de7c420112c6bf85f0bab258b21aea11817e"", ""execution.json"": ""150fccc0a099ab48ceb0915b12376ec43130c0388747bd26a2a81dd40264bff6"", ""impact-v1.json"": ""e2b6f6da557ab04085b259cb4fb8cea95a295405dc7e95e5995338eaa2a3a847""}"
w04,w04-11,fd3232b129229a9e107fff3c47f65cef6e53c96c57047dd8bc8f7311bd6fd4e2,100,ed088c072d615ee4948058b4513c4a8855bec831ab9955671dc096473e069605,aa912cb95965d532a6aa5bc18a512d72c53e597db368d36af50511adbad0ca80,1,COMPLETE,0,26.399256499949843,COMPLETE,COMPLETE,0,PARTIAL_COMPENSATED,EXACT,9f02a726-2185-4782-a1a5-38faeddc846b,SUCCEEDED,,"[{""bodyOutcome"": ""NOT_RUN"", ""exceptionClass"": null, ""exceptionMessage"": null, ""faultOrigin"": ""ASSIGNED"", ""kind"": ""FORWARD"", ""runtimeStepName"": ""getOldCourseExecutionStep"", ""sourceStepId"": ""pt.ulisboa.tecnico.socialsoftware.quizzes.microservices.execution.coordination.sagas.RemoveStudentFromCourseExecutionFunctionalitySagas::getOldCourseExecutionStep#0"", ""status"": ""ASSIGNED_FAULT""}, {""bodyOutcome"": ""NOT_RUN"", ""exceptionClass"": null, ""exceptionMessage"": null, ""faultOrigin"": null, ""kind"": ""EVENT_CONSEQUENCE"", ""runtimeStepName"": ""removeStudentStep"", ""sourceStepId"": ""pt.ulisboa.tecnico.socialsoftware.quizzes.microservices.execution.coordination.sagas.RemoveStudentFromCourseExecutionFunctionalitySagas::removeStudentStep#0"", ""status"": ""MASKED_BY_TRIGGER_NOT_REACHED""}, {""bodyOutcome"": ""NOT_RUN"", ""exceptionClass"": null, ""exceptionMessage"": null, ""faultOrigin"": null, ""kind"": ""EVENT_CONSEQUENCE"", ""runtimeStepName"": ""removeStudentStep"", ""sourceStepId"": ""pt.ulisboa.tecnico.socialsoftware.quizzes.microservices.execution.coordination.sagas.RemoveStudentFromCourseExecutionFunctionalitySagas::removeStudentStep#0"", ""status"": ""MASKED_BY_TRIGGER_NOT_REACHED""}]",0.608965292,"[{""action"": ""setup-action-1"", ""inputs"": [""2d4d3ce0ed1358ff9834e64b25456d270f7f760ebc611dea0ace53074198ad22"", ""2fb7ea7b2acb46894c5953d8b6ef989fe94b6c8e34809d411527416850e7ed58""], ""property"": ""aggregateId""}, {""action"": ""setup-action-2"", ""inputs"": [""2d4d3ce0ed1358ff9834e64b25456d270f7f760ebc611dea0ace53074198ad22"", ""2fb7ea7b2acb46894c5953d8b6ef989fe94b6c8e34809d411527416850e7ed58""], ""property"": ""aggregateId""}]",True,[],"{""DELETED_DEPENDENCY"": 0, ""FAILED_OPERATION_RESIDUAL"": 0, ""UNRESOLVED_DELIVERED_EVENT"": 0}","{""execution.impact-v2.json"": ""2917cd80b50a6680005934ae8afe8aecf314a6da3c2050b87a36f87fb6fc2800"", ""execution.json"": ""699ad885e5dddb7a72b054df4f1e5d9452af9eb6b6772efb6a20976d82e5a2f2"", ""impact-v1.json"": ""fd0521487ac9cba009fd552f7356df8abd84528b6e8c895687672502a5739cc4""}"
w04,w04-12,8bdb0f14bebf415e96193a2eb6ee6038b8d6f13ca7c366647dbcb00dc88dc32b,101,ed088c072d615ee4948058b4513c4a8855bec831ab9955671dc096473e069605,00fdb48fde4cb148a3b8bc61b99e80d2ab768690c02c5d2a1c6f6e50b015961a,1,COMPLETE,0,27.539979583001696,COMPLETE,COMPLETE,0,COMPENSATED,EXACT,cc6ac98a-ab05-4e5a-92d9-24261de562fa,SUCCEEDED,,"[{""bodyOutcome"": ""NOT_RUN"", ""exceptionClass"": null, ""exceptionMessage"": null, ""faultOrigin"": ""ASSIGNED"", ""kind"": ""FORWARD"", ""runtimeStepName"": ""getOldCourseExecutionStep"", ""sourceStepId"": ""pt.ulisboa.tecnico.socialsoftware.quizzes.microservices.execution.coordination.sagas.RemoveStudentFromCourseExecutionFunctionalitySagas::getOldCourseExecutionStep#0"", ""status"": ""ASSIGNED_FAULT""}, {""bodyOutcome"": ""NOT_RUN"", ""exceptionClass"": null, ""exceptionMessage"": null, ""faultOrigin"": null, ""kind"": ""EVENT_CONSEQUENCE"", ""runtimeStepName"": ""removeStudentStep"", ""sourceStepId"": ""pt.ulisboa.tecnico.socialsoftware.quizzes.microservices.execution.coordination.sagas.RemoveStudentFromCourseExecutionFunctionalitySagas::removeStudentStep#0"", ""status"": ""MASKED_BY_TRIGGER_NOT_REACHED""}, {""bodyOutcome"": ""NOT_RUN"", ""exceptionClass"": null, ""exceptionMessage"": null, ""faultOrigin"": ""ASSIGNED"", ""kind"": ""FORWARD"", ""runtimeStepName"": ""updateStudentNameStep"", ""sourceStepId"": ""pt.ulisboa.tecnico.socialsoftware.quizzes.microservices.execution.coordination.sagas.UpdateStudentNameFunctionalitySagas::updateStudentNameStep#0"", ""status"": ""ASSIGNED_FAULT""}, {""bodyOutcome"": ""NOT_RUN"", ""exceptionClass"": null, ""exceptionMessage"": null, ""faultOrigin"": null, ""kind"": ""EVENT_CONSEQUENCE"", ""runtimeStepName"": ""removeStudentStep"", ""sourceStepId"": ""pt.ulisboa.tecnico.socialsoftware.quizzes.microservices.execution.coordination.sagas.RemoveStudentFromCourseExecutionFunctionalitySagas::removeStudentStep#0"", ""status"": ""MASKED_BY_TRIGGER_NOT_REACHED""}]",1.011947251,"[{""action"": ""setup-action-1"", ""inputs"": [""2d4d3ce0ed1358ff9834e64b25456d270f7f760ebc611dea0ace53074198ad22"", ""2fb7ea7b2acb46894c5953d8b6ef989fe94b6c8e34809d411527416850e7ed58""], ""property"": ""aggregateId""}, {""action"": ""setup-action-2"", ""inputs"": [""2d4d3ce0ed1358ff9834e64b25456d270f7f760ebc611dea0ace53074198ad22"", ""2fb7ea7b2acb46894c5953d8b6ef989fe94b6c8e34809d411527416850e7ed58""], ""property"": ""aggregateId""}]",True,[],"{""DELETED_DEPENDENCY"": 0, ""FAILED_OPERATION_RESIDUAL"": 0, ""UNRESOLVED_DELIVERED_EVENT"": 0}","{""execution.impact-v2.json"": ""e622ecf90780bacd760736e00bbbb0441a1d46a89de9cfb30fcb28701b33e9fc"", ""execution.json"": ""94e3d91a6d63f801a23af21e2fcc240dd98905e749a741e2a251a90142b63656"", ""impact-v1.json"": ""ddc41b33952e4d37d7239779fe116c2fb950e6d20a07f4aa243536d14fd040bc""}"
w05,w05-01,0692147ce4109eddf74649b29ad05111ce964a28caffe7d07e1b0e95e4ddb32b,0000,a5788c8dd3d1d6ec91ba2bb80c5fed412326312b7c31c675199b4af94efca305,40f2cbe190adc089654a5307d4b200952193138892ebc025a74cdd91441899e5,1,PROCESS_FAILURE,1,39.708170750003774,EXECUTION_INVALID,INVALID,,UNEXPECTED_EXECUTION_FAILURE,INCOMPLETE,c701a486-7c00-49cc-9efc-c409ff21ad0e,SUCCEEDED,SELECTED_SUBSCRIBER_NOT_FOUND,"[{""bodyOutcome"": ""FAILED"", ""exceptionClass"": ""pt.ulisboa.tecnico.socialsoftware.quizzes.microservices.exception.QuizzesException"", ""exceptionMessage"": ""Aggregate 12 breaks invariants"", ""faultOrigin"": ""UNASSIGNED_RUNTIME"", ""kind"": ""FORWARD"", ""runtimeStepName"": ""addParticipantStep"", ""sourceStepId"": ""pt.ulisboa.tecnico.socialsoftware.quizzes.microservices.tournament.coordination.sagas.AddParticipantFunctionalitySagas::addParticipantStep#0"", ""status"": ""FAILED""}, {""bodyOutcome"": ""FAILED"", ""exceptionClass"": ""pt.ulisboa.tecnico.socialsoftware.ms.notification.EventReplayException"", ""exceptionMessage"": ""selected event has no eligible subscriber for the persisted route"", ""faultOrigin"": null, ""kind"": ""EVENT_CONSEQUENCE"", ""runtimeStepName"": ""updateStudentNameStep"", ""sourceStepId"": ""pt.ulisboa.tecnico.socialsoftware.quizzes.microservices.execution.coordination.sagas.UpdateStudentNameFunctionalitySagas::updateStudentNameStep#0"", ""status"": ""SELECTED_SUBSCRIBER_NOT_FOUND""}]",2.498407002,"[{""action"": ""setup-action-1"", ""inputs"": [""2113453558f5ab7d764eaa783ce46291ae1996374e4a1a54dc1b6d070a572c82"", ""33aa7a218f45e1f6800808f9642e29f07109bbf33ebdf2b89a4fdd1d90c76511"", ""3449fad76f028934383b088b7e689f58ab1095523bed37469c088e19d52c8ccc""], ""property"": ""aggregateId""}, {""action"": ""setup-action-2"", ""inputs"": [""33aa7a218f45e1f6800808f9642e29f07109bbf33ebdf2b89a4fdd1d90c76511"", ""3449fad76f028934383b088b7e689f58ab1095523bed37469c088e19d52c8ccc""], ""property"": ""aggregateId""}]",True,[],"{""DELETED_DEPENDENCY"": 0, ""FAILED_OPERATION_RESIDUAL"": 0, ""UNRESOLVED_DELIVERED_EVENT"": 0}","{""execution.impact-v2.json"": ""5534dcd05cea5be3a98a8e68548b452caedc71a2b07c0898dec881cdc769c870"", ""execution.json"": ""aa18c874faa8244094bfed1e8a5014a810261ffdec4ba888230c4fb7aba3f303"", ""impact-v1.json"": ""1443604b9a4a3627a7306e6af4ae670e92197a0baa2ae46880b38368c83bd2bb""}"
w05,w05-02,a597f65db9ce35ba2271bee952c95d9b990d6592b6c9eb337d1b46c2a7e5c3fd,0000,a5788c8dd3d1d6ec91ba2bb80c5fed412326312b7c31c675199b4af94efca305,40f2cbe190adc089654a5307d4b200952193138892ebc025a74cdd91441899e5,1,PROCESS_FAILURE,1,35.502129167027306,EXECUTION_INVALID,INVALID,,UNEXPECTED_EXECUTION_FAILURE,INCOMPLETE,c4a82b0d-ee15-4c97-a09d-596ff7484bb3,SUCCEEDED,SELECTED_SUBSCRIBER_NOT_FOUND,"[{""bodyOutcome"": ""FAILED"", ""exceptionClass"": ""pt.ulisboa.tecnico.socialsoftware.quizzes.microservices.exception.QuizzesException"", ""exceptionMessage"": ""Aggregate 12 breaks invariants"", ""faultOrigin"": ""UNASSIGNED_RUNTIME"", ""kind"": ""FORWARD"", ""runtimeStepName"": ""addParticipantStep"", ""sourceStepId"": ""pt.ulisboa.tecnico.socialsoftware.quizzes.microservices.tournament.coordination.sagas.AddParticipantFunctionalitySagas::addParticipantStep#0"", ""status"": ""FAILED""}, {""bodyOutcome"": ""FAILED"", ""exceptionClass"": ""pt.ulisboa.tecnico.socialsoftware.ms.notification.EventReplayException"", ""exceptionMessage"": ""selected event has no eligible subscriber for the persisted route"", ""faultOrigin"": null, ""kind"": ""EVENT_CONSEQUENCE"", ""runtimeStepName"": ""updateStudentNameStep"", ""sourceStepId"": ""pt.ulisboa.tecnico.socialsoftware.quizzes.microservices.execution.coordination.sagas.UpdateStudentNameFunctionalitySagas::updateStudentNameStep#0"", ""status"": ""SELECTED_SUBSCRIBER_NOT_FOUND""}]",2.648066793,"[{""action"": ""setup-action-1"", ""inputs"": [""2113453558f5ab7d764eaa783ce46291ae1996374e4a1a54dc1b6d070a572c82"", ""33aa7a218f45e1f6800808f9642e29f07109bbf33ebdf2b89a4fdd1d90c76511"", ""3449fad76f028934383b088b7e689f58ab1095523bed37469c088e19d52c8ccc""], ""property"": ""aggregateId""}, {""action"": ""setup-action-2"", ""inputs"": [""33aa7a218f45e1f6800808f9642e29f07109bbf33ebdf2b89a4fdd1d90c76511"", ""3449fad76f028934383b088b7e689f58ab1095523bed37469c088e19d52c8ccc""], ""property"": ""aggregateId""}]",True,[],"{""DELETED_DEPENDENCY"": 0, ""FAILED_OPERATION_RESIDUAL"": 0, ""UNRESOLVED_DELIVERED_EVENT"": 0}","{""execution.impact-v2.json"": ""b895f0e21fa9302655d4eca72e9409dcf4fb9241aced54ad81fa994d48c4c0ae"", ""execution.json"": ""cb56970125ebe2be0104057a1b8ac71214fc604f75f8097144e63e9b7ea24b6d"", ""impact-v1.json"": ""8f8404f7f88eabdf3921555c0fe5c82a8f772f7e3c223dcd2198839aac1edf0e""}"
w05,w05-03,de89738ed0cc922b102235f92c2a068dd8bd8c7b92f2122a1a1effcf97219a99,0001,a5788c8dd3d1d6ec91ba2bb80c5fed412326312b7c31c675199b4af94efca305,73b83e6cf13fe9c2eb4ea8bbe2cb0946c793429b74f66bd7e018dec9376823de,1,PROCESS_FAILURE,1,34.14988024998456,EXECUTION_INVALID,INVALID,,UNEXPECTED_EXECUTION_FAILURE,INCOMPLETE,565263b1-1295-44b1-ac50-2dc3aa076e8d,SUCCEEDED,SELECTED_SUBSCRIBER_NOT_FOUND,"[{""bodyOutcome"": ""NOT_RUN"", ""exceptionClass"": null, ""exceptionMessage"": null, ""faultOrigin"": ""ASSIGNED"", ""kind"": ""FORWARD"", ""runtimeStepName"": ""addParticipantStep"", ""sourceStepId"": ""pt.ulisboa.tecnico.socialsoftware.quizzes.microservices.tournament.coordination.sagas.AddParticipantFunctionalitySagas::addParticipantStep#0"", ""status"": ""ASSIGNED_FAULT""}, {""bodyOutcome"": ""FAILED"", ""exceptionClass"": ""pt.ulisboa.tecnico.socialsoftware.ms.notification.EventReplayException"", ""exceptionMessage"": ""selected event has no eligible subscriber for the persisted route"", ""faultOrigin"": null, ""kind"": ""EVENT_CONSEQUENCE"", ""runtimeStepName"": ""updateStudentNameStep"", ""sourceStepId"": ""pt.ulisboa.tecnico.socialsoftware.quizzes.microservices.execution.coordination.sagas.UpdateStudentNameFunctionalitySagas::updateStudentNameStep#0"", ""status"": ""SELECTED_SUBSCRIBER_NOT_FOUND""}]",1.714802418,"[{""action"": ""setup-action-1"", ""inputs"": [""2113453558f5ab7d764eaa783ce46291ae1996374e4a1a54dc1b6d070a572c82"", ""33aa7a218f45e1f6800808f9642e29f07109bbf33ebdf2b89a4fdd1d90c76511"", ""3449fad76f028934383b088b7e689f58ab1095523bed37469c088e19d52c8ccc""], ""property"": ""aggregateId""}, {""action"": ""setup-action-2"", ""inputs"": [""33aa7a218f45e1f6800808f9642e29f07109bbf33ebdf2b89a4fdd1d90c76511"", ""3449fad76f028934383b088b7e689f58ab1095523bed37469c088e19d52c8ccc""], ""property"": ""aggregateId""}]",True,[],"{""DELETED_DEPENDENCY"": 0, ""FAILED_OPERATION_RESIDUAL"": 0, ""UNRESOLVED_DELIVERED_EVENT"": 0}","{""execution.impact-v2.json"": ""9553c01a39387b4daa2e865eadf0770661dbfda17ac71f30403869d8a2e00db1"", ""execution.json"": ""512389318feddfa15c17d5348a4b8d91a3568f93f4eefb443cff428954e7e288"", ""impact-v1.json"": ""4b19ecc2999757235569adb3f6837dfb4674be93fbc143611f7717dd00e17335""}"
w05,w05-04,e8955ee51c01a2725c1c72bfb2cdd6792f47b171dd69375a138aefa97e6874f9,0001,a5788c8dd3d1d6ec91ba2bb80c5fed412326312b7c31c675199b4af94efca305,73b83e6cf13fe9c2eb4ea8bbe2cb0946c793429b74f66bd7e018dec9376823de,1,PROCESS_FAILURE,1,34.59069087501848,EXECUTION_INVALID,INVALID,,UNEXPECTED_EXECUTION_FAILURE,INCOMPLETE,fd936335-ac63-42f9-9331-a54bb16747e7,SUCCEEDED,SELECTED_SUBSCRIBER_NOT_FOUND,"[{""bodyOutcome"": ""NOT_RUN"", ""exceptionClass"": null, ""exceptionMessage"": null, ""faultOrigin"": ""ASSIGNED"", ""kind"": ""FORWARD"", ""runtimeStepName"": ""addParticipantStep"", ""sourceStepId"": ""pt.ulisboa.tecnico.socialsoftware.quizzes.microservices.tournament.coordination.sagas.AddParticipantFunctionalitySagas::addParticipantStep#0"", ""status"": ""ASSIGNED_FAULT""}, {""bodyOutcome"": ""FAILED"", ""exceptionClass"": ""pt.ulisboa.tecnico.socialsoftware.ms.notification.EventReplayException"", ""exceptionMessage"": ""selected event has no eligible subscriber for the persisted route"", ""faultOrigin"": null, ""kind"": ""EVENT_CONSEQUENCE"", ""runtimeStepName"": ""updateStudentNameStep"", ""sourceStepId"": ""pt.ulisboa.tecnico.socialsoftware.quizzes.microservices.execution.coordination.sagas.UpdateStudentNameFunctionalitySagas::updateStudentNameStep#0"", ""status"": ""SELECTED_SUBSCRIBER_NOT_FOUND""}]",2.745412668,"[{""action"": ""setup-action-1"", ""inputs"": [""2113453558f5ab7d764eaa783ce46291ae1996374e4a1a54dc1b6d070a572c82"", ""33aa7a218f45e1f6800808f9642e29f07109bbf33ebdf2b89a4fdd1d90c76511"", ""3449fad76f028934383b088b7e689f58ab1095523bed37469c088e19d52c8ccc""], ""property"": ""aggregateId""}, {""action"": ""setup-action-2"", ""inputs"": [""33aa7a218f45e1f6800808f9642e29f07109bbf33ebdf2b89a4fdd1d90c76511"", ""3449fad76f028934383b088b7e689f58ab1095523bed37469c088e19d52c8ccc""], ""property"": ""aggregateId""}]",True,[],"{""DELETED_DEPENDENCY"": 0, ""FAILED_OPERATION_RESIDUAL"": 0, ""UNRESOLVED_DELIVERED_EVENT"": 0}","{""execution.impact-v2.json"": ""63c67938ea50b59ebd6df8d3dc671952e0b08e5d9a61571de83d5be4e7c33439"", ""execution.json"": ""b754c8d32f3d478483a00e88d51df6e687a36c7e906893617517131c2255a685"", ""impact-v1.json"": ""8e31287062beae95dfaa66c963401698bee38cb2a8f3177f1f70fa697877cce4""}"
w05,w05-05,6651364ca9134fc33678c1f97adc187ba344e50ae8ec7badedc0ade42fe25db8,0010,a5788c8dd3d1d6ec91ba2bb80c5fed412326312b7c31c675199b4af94efca305,b742f9c07986eaf44ba88696ad8e43f3b47b920307e86ef6e777829d4dac186b,1,PROCESS_FAILURE,1,30.823965333984233,EXECUTION_INVALID,INVALID,,UNEXPECTED_EXECUTION_FAILURE,INCOMPLETE,bc5934ac-3619-4289-b0af-e1678b034fa8,SUCCEEDED,SELECTED_SUBSCRIBER_NOT_FOUND,"[{""bodyOutcome"": ""NOT_RUN"", ""exceptionClass"": null, ""exceptionMessage"": null, ""faultOrigin"": ""ASSIGNED"", ""kind"": ""FORWARD"", ""runtimeStepName"": ""getUserStep"", ""sourceStepId"": ""pt.ulisboa.tecnico.socialsoftware.quizzes.microservices.tournament.coordination.sagas.AddParticipantFunctionalitySagas::getUserStep#0"", ""status"": ""ASSIGNED_FAULT""}, {""bodyOutcome"": ""FAILED"", ""exceptionClass"": ""pt.ulisboa.tecnico.socialsoftware.ms.notification.EventReplayException"", ""exceptionMessage"": ""selected event has no eligible subscriber for the persisted route"", ""faultOrigin"": null, ""kind"": ""EVENT_CONSEQUENCE"", ""runtimeStepName"": ""updateStudentNameStep"", ""sourceStepId"": ""pt.ulisboa.tecnico.socialsoftware.quizzes.microservices.execution.coordination.sagas.UpdateStudentNameFunctionalitySagas::updateStudentNameStep#0"", ""status"": ""SELECTED_SUBSCRIBER_NOT_FOUND""}]",2.177182001,"[{""action"": ""setup-action-1"", ""inputs"": [""2113453558f5ab7d764eaa783ce46291ae1996374e4a1a54dc1b6d070a572c82"", ""33aa7a218f45e1f6800808f9642e29f07109bbf33ebdf2b89a4fdd1d90c76511"", ""3449fad76f028934383b088b7e689f58ab1095523bed37469c088e19d52c8ccc""], ""property"": ""aggregateId""}, {""action"": ""setup-action-2"", ""inputs"": [""33aa7a218f45e1f6800808f9642e29f07109bbf33ebdf2b89a4fdd1d90c76511"", ""3449fad76f028934383b088b7e689f58ab1095523bed37469c088e19d52c8ccc""], ""property"": ""aggregateId""}]",True,[],"{""DELETED_DEPENDENCY"": 0, ""FAILED_OPERATION_RESIDUAL"": 0, ""UNRESOLVED_DELIVERED_EVENT"": 0}","{""execution.impact-v2.json"": ""9720f4675a47d107baeb2fa9339bf017eb5fecd46aabd8e05048ead9f23867e1"", ""execution.json"": ""8ff4deee47a1c3fe7b587d6db1fad14184e419f2ce0b144e9a918c88d32a8dad"", ""impact-v1.json"": ""18afb643e75fb6875453df9d31a1d6e7038feac85fc5b297bf2b25e5185fc6f8""}"
w05,w05-06,9bf2289c4cc7bb2200fb9789514cf19eb1d2d21459a2f4bcd6f5ec4c9bc3bcc5,0010,a5788c8dd3d1d6ec91ba2bb80c5fed412326312b7c31c675199b4af94efca305,b742f9c07986eaf44ba88696ad8e43f3b47b920307e86ef6e777829d4dac186b,1,PROCESS_FAILURE,1,31.142691333021503,EXECUTION_INVALID,INVALID,,UNEXPECTED_EXECUTION_FAILURE,INCOMPLETE,08e1e72a-e92c-4078-bcd6-ab2c75a6bbe3,SUCCEEDED,SELECTED_SUBSCRIBER_NOT_FOUND,"[{""bodyOutcome"": ""NOT_RUN"", ""exceptionClass"": null, ""exceptionMessage"": null, ""faultOrigin"": ""ASSIGNED"", ""kind"": ""FORWARD"", ""runtimeStepName"": ""getUserStep"", ""sourceStepId"": ""pt.ulisboa.tecnico.socialsoftware.quizzes.microservices.tournament.coordination.sagas.AddParticipantFunctionalitySagas::getUserStep#0"", ""status"": ""ASSIGNED_FAULT""}, {""bodyOutcome"": ""FAILED"", ""exceptionClass"": ""pt.ulisboa.tecnico.socialsoftware.ms.notification.EventReplayException"", ""exceptionMessage"": ""selected event has no eligible subscriber for the persisted route"", ""faultOrigin"": null, ""kind"": ""EVENT_CONSEQUENCE"", ""runtimeStepName"": ""updateStudentNameStep"", ""sourceStepId"": ""pt.ulisboa.tecnico.socialsoftware.quizzes.microservices.execution.coordination.sagas.UpdateStudentNameFunctionalitySagas::updateStudentNameStep#0"", ""status"": ""SELECTED_SUBSCRIBER_NOT_FOUND""}]",3.493007626,"[{""action"": ""setup-action-1"", ""inputs"": [""2113453558f5ab7d764eaa783ce46291ae1996374e4a1a54dc1b6d070a572c82"", ""33aa7a218f45e1f6800808f9642e29f07109bbf33ebdf2b89a4fdd1d90c76511"", ""3449fad76f028934383b088b7e689f58ab1095523bed37469c088e19d52c8ccc""], ""property"": ""aggregateId""}, {""action"": ""setup-action-2"", ""inputs"": [""33aa7a218f45e1f6800808f9642e29f07109bbf33ebdf2b89a4fdd1d90c76511"", ""3449fad76f028934383b088b7e689f58ab1095523bed37469c088e19d52c8ccc""], ""property"": ""aggregateId""}]",True,[],"{""DELETED_DEPENDENCY"": 0, ""FAILED_OPERATION_RESIDUAL"": 0, ""UNRESOLVED_DELIVERED_EVENT"": 0}","{""execution.impact-v2.json"": ""5c8f101a90437968cd884a494258e834491d0be7c0984180936216c24cb649b0"", ""execution.json"": ""bffa2b93616dd0d33de9d3d9eb1810f52ed597b4c02cbe2140f1795f2f0235b1"", ""impact-v1.json"": ""c51a681d7e0a0895613f245ce3c3b71e22b4d92d5927feb77f0fb5e349a453a7""}"
w05,w05-07,810c745a6e8d08cb91e502280775e34da574549fab571ac15d12ac21c2ed7915,0100,a5788c8dd3d1d6ec91ba2bb80c5fed412326312b7c31c675199b4af94efca305,a38469b3558b5da674de208ca62ecd1108eb00976c78d33a57a5e572387be7e8,1,COMPLETE,0,32.62433391698869,COMPLETE,COMPLETE,0,PARTIAL_COMPENSATED,EXACT,fbe72ae5-dac8-4164-b7a8-9bf40b440574,SUCCEEDED,,"[{""bodyOutcome"": ""NOT_RUN"", ""exceptionClass"": null, ""exceptionMessage"": null, ""faultOrigin"": ""ASSIGNED"", ""kind"": ""FORWARD"", ""runtimeStepName"": ""updateStudentNameStep"", ""sourceStepId"": ""pt.ulisboa.tecnico.socialsoftware.quizzes.microservices.execution.coordination.sagas.UpdateStudentNameFunctionalitySagas::updateStudentNameStep#0"", ""status"": ""ASSIGNED_FAULT""}, {""bodyOutcome"": ""NOT_RUN"", ""exceptionClass"": null, ""exceptionMessage"": null, ""faultOrigin"": null, ""kind"": ""EVENT_CONSEQUENCE"", ""runtimeStepName"": ""updateStudentNameStep"", ""sourceStepId"": ""pt.ulisboa.tecnico.socialsoftware.quizzes.microservices.execution.coordination.sagas.UpdateStudentNameFunctionalitySagas::updateStudentNameStep#0"", ""status"": ""MASKED_BY_TRIGGER_FAULT""}, {""bodyOutcome"": ""NOT_RUN"", ""exceptionClass"": null, ""exceptionMessage"": null, ""faultOrigin"": null, ""kind"": ""EVENT_CONSEQUENCE"", ""runtimeStepName"": ""updateStudentNameStep"", ""sourceStepId"": ""pt.ulisboa.tecnico.socialsoftware.quizzes.microservices.execution.coordination.sagas.UpdateStudentNameFunctionalitySagas::updateStudentNameStep#0"", ""status"": ""MASKED_BY_TRIGGER_FAULT""}]",1.705279542,"[{""action"": ""setup-action-1"", ""inputs"": [""2113453558f5ab7d764eaa783ce46291ae1996374e4a1a54dc1b6d070a572c82"", ""33aa7a218f45e1f6800808f9642e29f07109bbf33ebdf2b89a4fdd1d90c76511"", ""3449fad76f028934383b088b7e689f58ab1095523bed37469c088e19d52c8ccc""], ""property"": ""aggregateId""}, {""action"": ""setup-action-2"", ""inputs"": [""33aa7a218f45e1f6800808f9642e29f07109bbf33ebdf2b89a4fdd1d90c76511"", ""3449fad76f028934383b088b7e689f58ab1095523bed37469c088e19d52c8ccc""], ""property"": ""aggregateId""}]",True,[],"{""DELETED_DEPENDENCY"": 0, ""FAILED_OPERATION_RESIDUAL"": 0, ""UNRESOLVED_DELIVERED_EVENT"": 0}","{""execution.impact-v2.json"": ""ee4f25f66b606d59019cf583172b59f1170256908a48f4d131ec0f98ac89702c"", ""execution.json"": ""11d7727a67e2468300ab6b8b76b12299b0e722ad82f90dc49ae2dce115d766d6"", ""impact-v1.json"": ""4c73d1f0ced407a8b085a3405c9eda55e266305152f84ce814b31b5a6e440190""}"
w05,w05-08,cdd30ea9af656b8973fe3a2984d440af81170050a5ed74167f172c747c6c16ce,0100,a5788c8dd3d1d6ec91ba2bb80c5fed412326312b7c31c675199b4af94efca305,a38469b3558b5da674de208ca62ecd1108eb00976c78d33a57a5e572387be7e8,1,COMPLETE,0,32.160804332990665,COMPLETE,COMPLETE,0,PARTIAL_COMPENSATED,EXACT,33443d97-7dbe-4f51-bfba-f085c8eb0fab,SUCCEEDED,,"[{""bodyOutcome"": ""NOT_RUN"", ""exceptionClass"": null, ""exceptionMessage"": null, ""faultOrigin"": ""ASSIGNED"", ""kind"": ""FORWARD"", ""runtimeStepName"": ""updateStudentNameStep"", ""sourceStepId"": ""pt.ulisboa.tecnico.socialsoftware.quizzes.microservices.execution.coordination.sagas.UpdateStudentNameFunctionalitySagas::updateStudentNameStep#0"", ""status"": ""ASSIGNED_FAULT""}, {""bodyOutcome"": ""NOT_RUN"", ""exceptionClass"": null, ""exceptionMessage"": null, ""faultOrigin"": null, ""kind"": ""EVENT_CONSEQUENCE"", ""runtimeStepName"": ""updateStudentNameStep"", ""sourceStepId"": ""pt.ulisboa.tecnico.socialsoftware.quizzes.microservices.execution.coordination.sagas.UpdateStudentNameFunctionalitySagas::updateStudentNameStep#0"", ""status"": ""MASKED_BY_TRIGGER_FAULT""}, {""bodyOutcome"": ""NOT_RUN"", ""exceptionClass"": null, ""exceptionMessage"": null, ""faultOrigin"": null, ""kind"": ""EVENT_CONSEQUENCE"", ""runtimeStepName"": ""updateStudentNameStep"", ""sourceStepId"": ""pt.ulisboa.tecnico.socialsoftware.quizzes.microservices.execution.coordination.sagas.UpdateStudentNameFunctionalitySagas::updateStudentNameStep#0"", ""status"": ""MASKED_BY_TRIGGER_FAULT""}]",2.487769877,"[{""action"": ""setup-action-1"", ""inputs"": [""2113453558f5ab7d764eaa783ce46291ae1996374e4a1a54dc1b6d070a572c82"", ""33aa7a218f45e1f6800808f9642e29f07109bbf33ebdf2b89a4fdd1d90c76511"", ""3449fad76f028934383b088b7e689f58ab1095523bed37469c088e19d52c8ccc""], ""property"": ""aggregateId""}, {""action"": ""setup-action-2"", ""inputs"": [""33aa7a218f45e1f6800808f9642e29f07109bbf33ebdf2b89a4fdd1d90c76511"", ""3449fad76f028934383b088b7e689f58ab1095523bed37469c088e19d52c8ccc""], ""property"": ""aggregateId""}]",True,[],"{""DELETED_DEPENDENCY"": 0, ""FAILED_OPERATION_RESIDUAL"": 0, ""UNRESOLVED_DELIVERED_EVENT"": 0}","{""execution.impact-v2.json"": ""f772460ca3ecd56bf3fa8280ca634774c5526f03114bbf45331120b67c1c89c6"", ""execution.json"": ""7246de9fde1d3ab20eebe61c1f0cf115a2f8be0347358bf7e56b05bac5e33ee1"", ""impact-v1.json"": ""ac1313031877f2a7af6210e42278642e07636b7b54ca4aa3731dade4ec6f8e24""}"
w05,w05-09,29cb793f5596fa46bc1acd9de5ff194e49cf9759c6e8d9fb00497d5295f1648a,0101,a5788c8dd3d1d6ec91ba2bb80c5fed412326312b7c31c675199b4af94efca305,ea002f3e04c30549643c998b777db9afe62ab707d8e62ae41d895054235bc795,1,COMPLETE,0,27.97757637500763,COMPLETE,COMPLETE,0,PARTIAL_COMPENSATED,EXACT,40ba0e06-0e32-46ee-9874-0a53632c487d,SUCCEEDED,,"[{""bodyOutcome"": ""NOT_RUN"", ""exceptionClass"": null, ""exceptionMessage"": null, ""faultOrigin"": ""ASSIGNED"", ""kind"": ""FORWARD"", ""runtimeStepName"": ""updateStudentNameStep"", ""sourceStepId"": ""pt.ulisboa.tecnico.socialsoftware.quizzes.microservices.execution.coordination.sagas.UpdateStudentNameFunctionalitySagas::updateStudentNameStep#0"", ""status"": ""ASSIGNED_FAULT""}, {""bodyOutcome"": ""NOT_RUN"", ""exceptionClass"": null, ""exceptionMessage"": null, ""faultOrigin"": ""ASSIGNED"", ""kind"": ""FORWARD"", ""runtimeStepName"": ""addParticipantStep"", ""sourceStepId"": ""pt.ulisboa.tecnico.socialsoftware.quizzes.microservices.tournament.coordination.sagas.AddParticipantFunctionalitySagas::addParticipantStep#0"", ""status"": ""ASSIGNED_FAULT""}, {""bodyOutcome"": ""NOT_RUN"", ""exceptionClass"": null, ""exceptionMessage"": null, ""faultOrigin"": null, ""kind"": ""EVENT_CONSEQUENCE"", ""runtimeStepName"": ""updateStudentNameStep"", ""sourceStepId"": ""pt.ulisboa.tecnico.socialsoftware.quizzes.microservices.execution.coordination.sagas.UpdateStudentNameFunctionalitySagas::updateStudentNameStep#0"", ""status"": ""MASKED_BY_TRIGGER_FAULT""}, {""bodyOutcome"": ""NOT_RUN"", ""exceptionClass"": null, ""exceptionMessage"": null, ""faultOrigin"": null, ""kind"": ""EVENT_CONSEQUENCE"", ""runtimeStepName"": ""updateStudentNameStep"", ""sourceStepId"": ""pt.ulisboa.tecnico.socialsoftware.quizzes.microservices.execution.coordination.sagas.UpdateStudentNameFunctionalitySagas::updateStudentNameStep#0"", ""status"": ""MASKED_BY_TRIGGER_FAULT""}]",2.124689459,"[{""action"": ""setup-action-1"", ""inputs"": [""2113453558f5ab7d764eaa783ce46291ae1996374e4a1a54dc1b6d070a572c82"", ""33aa7a218f45e1f6800808f9642e29f07109bbf33ebdf2b89a4fdd1d90c76511"", ""3449fad76f028934383b088b7e689f58ab1095523bed37469c088e19d52c8ccc""], ""property"": ""aggregateId""}, {""action"": ""setup-action-2"", ""inputs"": [""33aa7a218f45e1f6800808f9642e29f07109bbf33ebdf2b89a4fdd1d90c76511"", ""3449fad76f028934383b088b7e689f58ab1095523bed37469c088e19d52c8ccc""], ""property"": ""aggregateId""}]",True,[],"{""DELETED_DEPENDENCY"": 0, ""FAILED_OPERATION_RESIDUAL"": 0, ""UNRESOLVED_DELIVERED_EVENT"": 0}","{""execution.impact-v2.json"": ""c08d3ff3e4a7a265bf132791e156ddf63de47fc709f429d56aada0271252a104"", ""execution.json"": ""1b076f60f9602599b76c4af9c00f87c325b7e6f0314ad0585e0f84119a4572aa"", ""impact-v1.json"": ""fa31e443422b1934c24977dbd5e7c6134b9baaa751ad5a5a0ee7a594e7d6009d""}"
w05,w05-10,4f4d8ab3368067cd3c38d425a4fce4134899966f3bc65cb880bfedbd3284fffc,0110,a5788c8dd3d1d6ec91ba2bb80c5fed412326312b7c31c675199b4af94efca305,3b0d300a098cf5c9785782397657629ca1f57530e8bcf79e8a40ce86494a83c2,1,COMPLETE,0,27.381368833011948,COMPLETE,COMPLETE,0,PARTIAL_COMPENSATED,EXACT,71650c55-42c3-44f6-950d-69d1579246e2,SUCCEEDED,,"[{""bodyOutcome"": ""NOT_RUN"", ""exceptionClass"": null, ""exceptionMessage"": null, ""faultOrigin"": ""ASSIGNED"", ""kind"": ""FORWARD"", ""runtimeStepName"": ""updateStudentNameStep"", ""sourceStepId"": ""pt.ulisboa.tecnico.socialsoftware.quizzes.microservices.execution.coordination.sagas.UpdateStudentNameFunctionalitySagas::updateStudentNameStep#0"", ""status"": ""ASSIGNED_FAULT""}, {""bodyOutcome"": ""NOT_RUN"", ""exceptionClass"": null, ""exceptionMessage"": null, ""faultOrigin"": ""ASSIGNED"", ""kind"": ""FORWARD"", ""runtimeStepName"": ""getUserStep"", ""sourceStepId"": ""pt.ulisboa.tecnico.socialsoftware.quizzes.microservices.tournament.coordination.sagas.AddParticipantFunctionalitySagas::getUserStep#0"", ""status"": ""ASSIGNED_FAULT""}, {""bodyOutcome"": ""NOT_RUN"", ""exceptionClass"": null, ""exceptionMessage"": null, ""faultOrigin"": null, ""kind"": ""EVENT_CONSEQUENCE"", ""runtimeStepName"": ""updateStudentNameStep"", ""sourceStepId"": ""pt.ulisboa.tecnico.socialsoftware.quizzes.microservices.execution.coordination.sagas.UpdateStudentNameFunctionalitySagas::updateStudentNameStep#0"", ""status"": ""MASKED_BY_TRIGGER_FAULT""}, {""bodyOutcome"": ""NOT_RUN"", ""exceptionClass"": null, ""exceptionMessage"": null, ""faultOrigin"": null, ""kind"": ""EVENT_CONSEQUENCE"", ""runtimeStepName"": ""updateStudentNameStep"", ""sourceStepId"": ""pt.ulisboa.tecnico.socialsoftware.quizzes.microservices.execution.coordination.sagas.UpdateStudentNameFunctionalitySagas::updateStudentNameStep#0"", ""status"": ""MASKED_BY_TRIGGER_FAULT""}]",2.22499825,"[{""action"": ""setup-action-1"", ""inputs"": [""2113453558f5ab7d764eaa783ce46291ae1996374e4a1a54dc1b6d070a572c82"", ""33aa7a218f45e1f6800808f9642e29f07109bbf33ebdf2b89a4fdd1d90c76511"", ""3449fad76f028934383b088b7e689f58ab1095523bed37469c088e19d52c8ccc""], ""property"": ""aggregateId""}, {""action"": ""setup-action-2"", ""inputs"": [""33aa7a218f45e1f6800808f9642e29f07109bbf33ebdf2b89a4fdd1d90c76511"", ""3449fad76f028934383b088b7e689f58ab1095523bed37469c088e19d52c8ccc""], ""property"": ""aggregateId""}]",True,[],"{""DELETED_DEPENDENCY"": 0, ""FAILED_OPERATION_RESIDUAL"": 0, ""UNRESOLVED_DELIVERED_EVENT"": 0}","{""execution.impact-v2.json"": ""4f3f5dc2a6ade99e129c42bedbbee4d1d4d1a6e906fbe2980b7d89a166139b3f"", ""execution.json"": ""b17ef9b77a7464c294f1efade066e2909dc7ced0db4f49a24d4ec9c21f121ae4"", ""impact-v1.json"": ""04c0e309f0b50b7ee5877684c17e4380f27bee7ef85950f4e81851cadbaa974d""}"
w05,w05-11,2798007bd3c602f20f417fa19a9d9770616c8efff04a9bb936328bb9c840b55b,1000,a5788c8dd3d1d6ec91ba2bb80c5fed412326312b7c31c675199b4af94efca305,708386fb3bbf643b7425cce01a8dfa02df1f6e41342076ff977d9129d740d9d1,1,PROCESS_FAILURE,1,27.849568250006996,EXECUTION_INVALID,INVALID,,UNEXPECTED_EXECUTION_FAILURE,INCOMPLETE,a973b67f-d8ad-44d9-824b-7a5455578398,SUCCEEDED,SELECTED_SUBSCRIBER_NOT_FOUND,"[{""bodyOutcome"": ""NOT_RUN"", ""exceptionClass"": null, ""exceptionMessage"": null, ""faultOrigin"": ""ASSIGNED"", ""kind"": ""FORWARD"", ""runtimeStepName"": ""getCourseExecutionStep"", ""sourceStepId"": ""pt.ulisboa.tecnico.socialsoftware.quizzes.microservices.execution.coordination.sagas.GetCourseExecutionByIdFunctionalitySagas::getCourseExecutionStep#0"", ""status"": ""ASSIGNED_FAULT""}, {""bodyOutcome"": ""FAILED"", ""exceptionClass"": ""pt.ulisboa.tecnico.socialsoftware.quizzes.microservices.exception.QuizzesException"", ""exceptionMessage"": ""Aggregate 12 breaks invariants"", ""faultOrigin"": ""UNASSIGNED_RUNTIME"", ""kind"": ""FORWARD"", ""runtimeStepName"": ""addParticipantStep"", ""sourceStepId"": ""pt.ulisboa.tecnico.socialsoftware.quizzes.microservices.tournament.coordination.sagas.AddParticipantFunctionalitySagas::addParticipantStep#0"", ""status"": ""FAILED""}, {""bodyOutcome"": ""FAILED"", ""exceptionClass"": ""pt.ulisboa.tecnico.socialsoftware.ms.notification.EventReplayException"", ""exceptionMessage"": ""selected event has no eligible subscriber for the persisted route"", ""faultOrigin"": null, ""kind"": ""EVENT_CONSEQUENCE"", ""runtimeStepName"": ""updateStudentNameStep"", ""sourceStepId"": ""pt.ulisboa.tecnico.socialsoftware.quizzes.microservices.execution.coordination.sagas.UpdateStudentNameFunctionalitySagas::updateStudentNameStep#0"", ""status"": ""SELECTED_SUBSCRIBER_NOT_FOUND""}]",3.063233502,"[{""action"": ""setup-action-1"", ""inputs"": [""2113453558f5ab7d764eaa783ce46291ae1996374e4a1a54dc1b6d070a572c82"", ""33aa7a218f45e1f6800808f9642e29f07109bbf33ebdf2b89a4fdd1d90c76511"", ""3449fad76f028934383b088b7e689f58ab1095523bed37469c088e19d52c8ccc""], ""property"": ""aggregateId""}, {""action"": ""setup-action-2"", ""inputs"": [""33aa7a218f45e1f6800808f9642e29f07109bbf33ebdf2b89a4fdd1d90c76511"", ""3449fad76f028934383b088b7e689f58ab1095523bed37469c088e19d52c8ccc""], ""property"": ""aggregateId""}]",True,[],"{""DELETED_DEPENDENCY"": 0, ""FAILED_OPERATION_RESIDUAL"": 0, ""UNRESOLVED_DELIVERED_EVENT"": 0}","{""execution.impact-v2.json"": ""d6f5eb59670f9a661c1a1de30da19f3025bba84d8161e59e3137dbbf5467629d"", ""execution.json"": ""1170db001942ada45fe6f3476af15af0915b3ede35f828ebb04987a5e9174c04"", ""impact-v1.json"": ""4dd3f108da1513868920852aba1258186e6289485ac2dadbe2983f9d99188993""}"
w05,w05-12,3c93b5c3cc6eb2d317d6e093f3cb1710290cc0b1a5552f1b272adad8cc2612d9,1000,a5788c8dd3d1d6ec91ba2bb80c5fed412326312b7c31c675199b4af94efca305,708386fb3bbf643b7425cce01a8dfa02df1f6e41342076ff977d9129d740d9d1,1,PROCESS_FAILURE,1,28.25637345801806,EXECUTION_INVALID,INVALID,,UNEXPECTED_EXECUTION_FAILURE,INCOMPLETE,e7de0ffd-9f8b-4787-962d-55965439c137,SUCCEEDED,SELECTED_SUBSCRIBER_NOT_FOUND,"[{""bodyOutcome"": ""NOT_RUN"", ""exceptionClass"": null, ""exceptionMessage"": null, ""faultOrigin"": ""ASSIGNED"", ""kind"": ""FORWARD"", ""runtimeStepName"": ""getCourseExecutionStep"", ""sourceStepId"": ""pt.ulisboa.tecnico.socialsoftware.quizzes.microservices.execution.coordination.sagas.GetCourseExecutionByIdFunctionalitySagas::getCourseExecutionStep#0"", ""status"": ""ASSIGNED_FAULT""}, {""bodyOutcome"": ""FAILED"", ""exceptionClass"": ""pt.ulisboa.tecnico.socialsoftware.quizzes.microservices.exception.QuizzesException"", ""exceptionMessage"": ""Aggregate 12 breaks invariants"", ""faultOrigin"": ""UNASSIGNED_RUNTIME"", ""kind"": ""FORWARD"", ""runtimeStepName"": ""addParticipantStep"", ""sourceStepId"": ""pt.ulisboa.tecnico.socialsoftware.quizzes.microservices.tournament.coordination.sagas.AddParticipantFunctionalitySagas::addParticipantStep#0"", ""status"": ""FAILED""}, {""bodyOutcome"": ""FAILED"", ""exceptionClass"": ""pt.ulisboa.tecnico.socialsoftware.ms.notification.EventReplayException"", ""exceptionMessage"": ""selected event has no eligible subscriber for the persisted route"", ""faultOrigin"": null, ""kind"": ""EVENT_CONSEQUENCE"", ""runtimeStepName"": ""updateStudentNameStep"", ""sourceStepId"": ""pt.ulisboa.tecnico.socialsoftware.quizzes.microservices.execution.coordination.sagas.UpdateStudentNameFunctionalitySagas::updateStudentNameStep#0"", ""status"": ""SELECTED_SUBSCRIBER_NOT_FOUND""}]",1.998212126,"[{""action"": ""setup-action-1"", ""inputs"": [""2113453558f5ab7d764eaa783ce46291ae1996374e4a1a54dc1b6d070a572c82"", ""33aa7a218f45e1f6800808f9642e29f07109bbf33ebdf2b89a4fdd1d90c76511"", ""3449fad76f028934383b088b7e689f58ab1095523bed37469c088e19d52c8ccc""], ""property"": ""aggregateId""}, {""action"": ""setup-action-2"", ""inputs"": [""33aa7a218f45e1f6800808f9642e29f07109bbf33ebdf2b89a4fdd1d90c76511"", ""3449fad76f028934383b088b7e689f58ab1095523bed37469c088e19d52c8ccc""], ""property"": ""aggregateId""}]",True,[],"{""DELETED_DEPENDENCY"": 0, ""FAILED_OPERATION_RESIDUAL"": 0, ""UNRESOLVED_DELIVERED_EVENT"": 0}","{""execution.impact-v2.json"": ""c509fea93e38fd1da4c0d2d1657e97d6429d844a91b6779c312ee3ba2da4c455"", ""execution.json"": ""2af3106d974faefe2164e4d7bf71102d718cc1ce6e401eb62a2fe378abc9959d"", ""impact-v1.json"": ""6af4212ba3bb9e76ae1d61be8ce9df3f1ad9fb3b1fdb0e90271120cc27f8bd86""}"
w05,w05-13,176cd13fecd98bce67ff93d8e77b170926f5d590c8c4147aea648875b8709c0c,1001,a5788c8dd3d1d6ec91ba2bb80c5fed412326312b7c31c675199b4af94efca305,33c6c4068a44aaf9c454275855c84e45e9ce01ccc2127c5dedb5c5039fd279be,1,PROCESS_FAILURE,1,41.13715450000018,EXECUTION_INVALID,INVALID,,UNEXPECTED_EXECUTION_FAILURE,INCOMPLETE,c282f4ed-85a5-44d2-93dd-f347573b97ba,SUCCEEDED,SELECTED_SUBSCRIBER_NOT_FOUND,"[{""bodyOutcome"": ""NOT_RUN"", ""exceptionClass"": null, ""exceptionMessage"": null, ""faultOrigin"": ""ASSIGNED"", ""kind"": ""FORWARD"", ""runtimeStepName"": ""getCourseExecutionStep"", ""sourceStepId"": ""pt.ulisboa.tecnico.socialsoftware.quizzes.microservices.execution.coordination.sagas.GetCourseExecutionByIdFunctionalitySagas::getCourseExecutionStep#0"", ""status"": ""ASSIGNED_FAULT""}, {""bodyOutcome"": ""NOT_RUN"", ""exceptionClass"": null, ""exceptionMessage"": null, ""faultOrigin"": ""ASSIGNED"", ""kind"": ""FORWARD"", ""runtimeStepName"": ""addParticipantStep"", ""sourceStepId"": ""pt.ulisboa.tecnico.socialsoftware.quizzes.microservices.tournament.coordination.sagas.AddParticipantFunctionalitySagas::addParticipantStep#0"", ""status"": ""ASSIGNED_FAULT""}, {""bodyOutcome"": ""FAILED"", ""exceptionClass"": ""pt.ulisboa.tecnico.socialsoftware.ms.notification.EventReplayException"", ""exceptionMessage"": ""selected event has no eligible subscriber for the persisted route"", ""faultOrigin"": null, ""kind"": ""EVENT_CONSEQUENCE"", ""runtimeStepName"": ""updateStudentNameStep"", ""sourceStepId"": ""pt.ulisboa.tecnico.socialsoftware.quizzes.microservices.execution.coordination.sagas.UpdateStudentNameFunctionalitySagas::updateStudentNameStep#0"", ""status"": ""SELECTED_SUBSCRIBER_NOT_FOUND""}]",1.535485126,"[{""action"": ""setup-action-1"", ""inputs"": [""2113453558f5ab7d764eaa783ce46291ae1996374e4a1a54dc1b6d070a572c82"", ""33aa7a218f45e1f6800808f9642e29f07109bbf33ebdf2b89a4fdd1d90c76511"", ""3449fad76f028934383b088b7e689f58ab1095523bed37469c088e19d52c8ccc""], ""property"": ""aggregateId""}, {""action"": ""setup-action-2"", ""inputs"": [""33aa7a218f45e1f6800808f9642e29f07109bbf33ebdf2b89a4fdd1d90c76511"", ""3449fad76f028934383b088b7e689f58ab1095523bed37469c088e19d52c8ccc""], ""property"": ""aggregateId""}]",True,[],"{""DELETED_DEPENDENCY"": 0, ""FAILED_OPERATION_RESIDUAL"": 0, ""UNRESOLVED_DELIVERED_EVENT"": 0}","{""execution.impact-v2.json"": ""121479a69f3ada1bd368ffaf65e9714d743ef2cbeb7923809538ffeab9e7441c"", ""execution.json"": ""13160a39b4bf6f7986444515898b19eb46c8ba015d17142de849989e50b226a0"", ""impact-v1.json"": ""87cd448bcde7e16a56c13f3dcfa47c67f78fc92f8d736fe46e6207596ba619b8""}"
w05,w05-14,f62d264f14af20b398f04b0c53fcf5a932306fb02fedf717f2d11459217a1633,1010,a5788c8dd3d1d6ec91ba2bb80c5fed412326312b7c31c675199b4af94efca305,8dbf098d314172c6829830d33ba732729ff81311ee104872cad56d7f38affed6,1,PROCESS_FAILURE,1,40.34777737502009,EXECUTION_INVALID,INVALID,,UNEXPECTED_EXECUTION_FAILURE,INCOMPLETE,9539a701-c1ab-4350-aa5a-236f019ccf3c,SUCCEEDED,SELECTED_SUBSCRIBER_NOT_FOUND,"[{""bodyOutcome"": ""NOT_RUN"", ""exceptionClass"": null, ""exceptionMessage"": null, ""faultOrigin"": ""ASSIGNED"", ""kind"": ""FORWARD"", ""runtimeStepName"": ""getCourseExecutionStep"", ""sourceStepId"": ""pt.ulisboa.tecnico.socialsoftware.quizzes.microservices.execution.coordination.sagas.GetCourseExecutionByIdFunctionalitySagas::getCourseExecutionStep#0"", ""status"": ""ASSIGNED_FAULT""}, {""bodyOutcome"": ""NOT_RUN"", ""exceptionClass"": null, ""exceptionMessage"": null, ""faultOrigin"": ""ASSIGNED"", ""kind"": ""FORWARD"", ""runtimeStepName"": ""getUserStep"", ""sourceStepId"": ""pt.ulisboa.tecnico.socialsoftware.quizzes.microservices.tournament.coordination.sagas.AddParticipantFunctionalitySagas::getUserStep#0"", ""status"": ""ASSIGNED_FAULT""}, {""bodyOutcome"": ""FAILED"", ""exceptionClass"": ""pt.ulisboa.tecnico.socialsoftware.ms.notification.EventReplayException"", ""exceptionMessage"": ""selected event has no eligible subscriber for the persisted route"", ""faultOrigin"": null, ""kind"": ""EVENT_CONSEQUENCE"", ""runtimeStepName"": ""updateStudentNameStep"", ""sourceStepId"": ""pt.ulisboa.tecnico.socialsoftware.quizzes.microservices.execution.coordination.sagas.UpdateStudentNameFunctionalitySagas::updateStudentNameStep#0"", ""status"": ""SELECTED_SUBSCRIBER_NOT_FOUND""}]",1.831158668,"[{""action"": ""setup-action-1"", ""inputs"": [""2113453558f5ab7d764eaa783ce46291ae1996374e4a1a54dc1b6d070a572c82"", ""33aa7a218f45e1f6800808f9642e29f07109bbf33ebdf2b89a4fdd1d90c76511"", ""3449fad76f028934383b088b7e689f58ab1095523bed37469c088e19d52c8ccc""], ""property"": ""aggregateId""}, {""action"": ""setup-action-2"", ""inputs"": [""33aa7a218f45e1f6800808f9642e29f07109bbf33ebdf2b89a4fdd1d90c76511"", ""3449fad76f028934383b088b7e689f58ab1095523bed37469c088e19d52c8ccc""], ""property"": ""aggregateId""}]",True,[],"{""DELETED_DEPENDENCY"": 0, ""FAILED_OPERATION_RESIDUAL"": 0, ""UNRESOLVED_DELIVERED_EVENT"": 0}","{""execution.impact-v2.json"": ""035cb5c1646d9293d2dec307859cf87a070063d41e9ad0981054d3c7b343ebab"", ""execution.json"": ""0b4d27af8c632c1d122163d13d67ff56064b8f65b47bd1f78403536c45d7eaa2"", ""impact-v1.json"": ""7929922cbdcccac95859d7bd5ed97b830aaa1987f85ddd0c9942129c2b1ac9ac""}"
w05,w05-15,1222fa2113fded5f0ca5d8ea69bbc9e5dc422f63219e3b18dd6554b3724789d4,1100,a5788c8dd3d1d6ec91ba2bb80c5fed412326312b7c31c675199b4af94efca305,113e3c12487017f43c59deae19d111e8559f9fe910ae8b0017ff741ca351f6b4,1,COMPLETE,0,25.609961209003814,COMPLETE,COMPLETE,0,PARTIAL_COMPENSATED,EXACT,fe742e7d-7b5f-488f-a123-83d305d4f178,SUCCEEDED,,"[{""bodyOutcome"": ""NOT_RUN"", ""exceptionClass"": null, ""exceptionMessage"": null, ""faultOrigin"": ""ASSIGNED"", ""kind"": ""FORWARD"", ""runtimeStepName"": ""getCourseExecutionStep"", ""sourceStepId"": ""pt.ulisboa.tecnico.socialsoftware.quizzes.microservices.execution.coordination.sagas.GetCourseExecutionByIdFunctionalitySagas::getCourseExecutionStep#0"", ""status"": ""ASSIGNED_FAULT""}, {""bodyOutcome"": ""NOT_RUN"", ""exceptionClass"": null, ""exceptionMessage"": null, ""faultOrigin"": ""ASSIGNED"", ""kind"": ""FORWARD"", ""runtimeStepName"": ""updateStudentNameStep"", ""sourceStepId"": ""pt.ulisboa.tecnico.socialsoftware.quizzes.microservices.execution.coordination.sagas.UpdateStudentNameFunctionalitySagas::updateStudentNameStep#0"", ""status"": ""ASSIGNED_FAULT""}, {""bodyOutcome"": ""NOT_RUN"", ""exceptionClass"": null, ""exceptionMessage"": null, ""faultOrigin"": null, ""kind"": ""EVENT_CONSEQUENCE"", ""runtimeStepName"": ""updateStudentNameStep"", ""sourceStepId"": ""pt.ulisboa.tecnico.socialsoftware.quizzes.microservices.execution.coordination.sagas.UpdateStudentNameFunctionalitySagas::updateStudentNameStep#0"", ""status"": ""MASKED_BY_TRIGGER_FAULT""}, {""bodyOutcome"": ""NOT_RUN"", ""exceptionClass"": null, ""exceptionMessage"": null, ""faultOrigin"": null, ""kind"": ""EVENT_CONSEQUENCE"", ""runtimeStepName"": ""updateStudentNameStep"", ""sourceStepId"": ""pt.ulisboa.tecnico.socialsoftware.quizzes.microservices.execution.coordination.sagas.UpdateStudentNameFunctionalitySagas::updateStudentNameStep#0"", ""status"": ""MASKED_BY_TRIGGER_FAULT""}]",1.565761042,"[{""action"": ""setup-action-1"", ""inputs"": [""2113453558f5ab7d764eaa783ce46291ae1996374e4a1a54dc1b6d070a572c82"", ""33aa7a218f45e1f6800808f9642e29f07109bbf33ebdf2b89a4fdd1d90c76511"", ""3449fad76f028934383b088b7e689f58ab1095523bed37469c088e19d52c8ccc""], ""property"": ""aggregateId""}, {""action"": ""setup-action-2"", ""inputs"": [""33aa7a218f45e1f6800808f9642e29f07109bbf33ebdf2b89a4fdd1d90c76511"", ""3449fad76f028934383b088b7e689f58ab1095523bed37469c088e19d52c8ccc""], ""property"": ""aggregateId""}]",True,[],"{""DELETED_DEPENDENCY"": 0, ""FAILED_OPERATION_RESIDUAL"": 0, ""UNRESOLVED_DELIVERED_EVENT"": 0}","{""execution.impact-v2.json"": ""e4c251fea8275417ca99a784353b34dde0b941ce8868fd714e570658fe2d77d4"", ""execution.json"": ""24af91807333868b1d61c19e126be725b179ab76bc02de23a1d54d1ece64f98d"", ""impact-v1.json"": ""9c2a0a115dd7ad6b1a3589a75a93278cd16e248a2cfa15252a02bca3ba451345""}"
w05,w05-16,08adbf1b2be3f8a3158579945dade5ae6efb9208f8049aee87ec9c2d0955014c,1101,a5788c8dd3d1d6ec91ba2bb80c5fed412326312b7c31c675199b4af94efca305,24162e123f302d7045d26fdede485f1aa72b3ee6a35b7b559d0abd4ad145c04f,1,COMPLETE,0,26.572191959014162,COMPLETE,COMPLETE,0,COMPENSATED,EXACT,6e6133d0-7368-481f-a284-2d9164fbab4d,SUCCEEDED,,"[{""bodyOutcome"": ""NOT_RUN"", ""exceptionClass"": null, ""exceptionMessage"": null, ""faultOrigin"": ""ASSIGNED"", ""kind"": ""FORWARD"", ""runtimeStepName"": ""getCourseExecutionStep"", ""sourceStepId"": ""pt.ulisboa.tecnico.socialsoftware.quizzes.microservices.execution.coordination.sagas.GetCourseExecutionByIdFunctionalitySagas::getCourseExecutionStep#0"", ""status"": ""ASSIGNED_FAULT""}, {""bodyOutcome"": ""NOT_RUN"", ""exceptionClass"": null, ""exceptionMessage"": null, ""faultOrigin"": ""ASSIGNED"", ""kind"": ""FORWARD"", ""runtimeStepName"": ""updateStudentNameStep"", ""sourceStepId"": ""pt.ulisboa.tecnico.socialsoftware.quizzes.microservices.execution.coordination.sagas.UpdateStudentNameFunctionalitySagas::updateStudentNameStep#0"", ""status"": ""ASSIGNED_FAULT""}, {""bodyOutcome"": ""NOT_RUN"", ""exceptionClass"": null, ""exceptionMessage"": null, ""faultOrigin"": ""ASSIGNED"", ""kind"": ""FORWARD"", ""runtimeStepName"": ""addParticipantStep"", ""sourceStepId"": ""pt.ulisboa.tecnico.socialsoftware.quizzes.microservices.tournament.coordination.sagas.AddParticipantFunctionalitySagas::addParticipantStep#0"", ""status"": ""ASSIGNED_FAULT""}, {""bodyOutcome"": ""NOT_RUN"", ""exceptionClass"": null, ""exceptionMessage"": null, ""faultOrigin"": null, ""kind"": ""EVENT_CONSEQUENCE"", ""runtimeStepName"": ""updateStudentNameStep"", ""sourceStepId"": ""pt.ulisboa.tecnico.socialsoftware.quizzes.microservices.execution.coordination.sagas.UpdateStudentNameFunctionalitySagas::updateStudentNameStep#0"", ""status"": ""MASKED_BY_TRIGGER_FAULT""}, {""bodyOutcome"": ""NOT_RUN"", ""exceptionClass"": null, ""exceptionMessage"": null, ""faultOrigin"": null, ""kind"": ""EVENT_CONSEQUENCE"", ""runtimeStepName"": ""updateStudentNameStep"", ""sourceStepId"": ""pt.ulisboa.tecnico.socialsoftware.quizzes.microservices.execution.coordination.sagas.UpdateStudentNameFunctionalitySagas::updateStudentNameStep#0"", ""status"": ""MASKED_BY_TRIGGER_FAULT""}]",1.994995709,"[{""action"": ""setup-action-1"", ""inputs"": [""2113453558f5ab7d764eaa783ce46291ae1996374e4a1a54dc1b6d070a572c82"", ""33aa7a218f45e1f6800808f9642e29f07109bbf33ebdf2b89a4fdd1d90c76511"", ""3449fad76f028934383b088b7e689f58ab1095523bed37469c088e19d52c8ccc""], ""property"": ""aggregateId""}, {""action"": ""setup-action-2"", ""inputs"": [""33aa7a218f45e1f6800808f9642e29f07109bbf33ebdf2b89a4fdd1d90c76511"", ""3449fad76f028934383b088b7e689f58ab1095523bed37469c088e19d52c8ccc""], ""property"": ""aggregateId""}]",True,[],"{""DELETED_DEPENDENCY"": 0, ""FAILED_OPERATION_RESIDUAL"": 0, ""UNRESOLVED_DELIVERED_EVENT"": 0}","{""execution.impact-v2.json"": ""f4f100446ad3b4b2e16c479c5bdc9361b533f2c01b1afc9d15752a6e1db21e4c"", ""execution.json"": ""8ef8f492655182012a3372e80dce180a572e5e5e0825f6bb191559a70f71d6a0"", ""impact-v1.json"": ""2f39ee8aa1c6197866dcda894b0d4eae1ab9cdfc13826431d0327e63d8d44678""}"
w05,w05-17,586e041d480484aea4b65854e3928a1701e6c33b05a0de11d392fccdda3c1814,1110,a5788c8dd3d1d6ec91ba2bb80c5fed412326312b7c31c675199b4af94efca305,63888834499fabadcff3cb4944b1f23cf3d6b99c1e60c52c9af301ef37b98088,1,COMPLETE,0,25.689789374999236,COMPLETE,COMPLETE,0,COMPENSATED,EXACT,b5a84d6c-ec98-452e-98cd-e90b77ad46ed,SUCCEEDED,,"[{""bodyOutcome"": ""NOT_RUN"", ""exceptionClass"": null, ""exceptionMessage"": null, ""faultOrigin"": ""ASSIGNED"", ""kind"": ""FORWARD"", ""runtimeStepName"": ""getCourseExecutionStep"", ""sourceStepId"": ""pt.ulisboa.tecnico.socialsoftware.quizzes.microservices.execution.coordination.sagas.GetCourseExecutionByIdFunctionalitySagas::getCourseExecutionStep#0"", ""status"": ""ASSIGNED_FAULT""}, {""bodyOutcome"": ""NOT_RUN"", ""exceptionClass"": null, ""exceptionMessage"": null, ""faultOrigin"": ""ASSIGNED"", ""kind"": ""FORWARD"", ""runtimeStepName"": ""updateStudentNameStep"", ""sourceStepId"": ""pt.ulisboa.tecnico.socialsoftware.quizzes.microservices.execution.coordination.sagas.UpdateStudentNameFunctionalitySagas::updateStudentNameStep#0"", ""status"": ""ASSIGNED_FAULT""}, {""bodyOutcome"": ""NOT_RUN"", ""exceptionClass"": null, ""exceptionMessage"": null, ""faultOrigin"": ""ASSIGNED"", ""kind"": ""FORWARD"", ""runtimeStepName"": ""getUserStep"", ""sourceStepId"": ""pt.ulisboa.tecnico.socialsoftware.quizzes.microservices.tournament.coordination.sagas.AddParticipantFunctionalitySagas::getUserStep#0"", ""status"": ""ASSIGNED_FAULT""}, {""bodyOutcome"": ""NOT_RUN"", ""exceptionClass"": null, ""exceptionMessage"": null, ""faultOrigin"": null, ""kind"": ""EVENT_CONSEQUENCE"", ""runtimeStepName"": ""updateStudentNameStep"", ""sourceStepId"": ""pt.ulisboa.tecnico.socialsoftware.quizzes.microservices.execution.coordination.sagas.UpdateStudentNameFunctionalitySagas::updateStudentNameStep#0"", ""status"": ""MASKED_BY_TRIGGER_FAULT""}, {""bodyOutcome"": ""NOT_RUN"", ""exceptionClass"": null, ""exceptionMessage"": null, ""faultOrigin"": null, ""kind"": ""EVENT_CONSEQUENCE"", ""runtimeStepName"": ""updateStudentNameStep"", ""sourceStepId"": ""pt.ulisboa.tecnico.socialsoftware.quizzes.microservices.execution.coordination.sagas.UpdateStudentNameFunctionalitySagas::updateStudentNameStep#0"", ""status"": ""MASKED_BY_TRIGGER_FAULT""}]",1.657903792,"[{""action"": ""setup-action-1"", ""inputs"": [""2113453558f5ab7d764eaa783ce46291ae1996374e4a1a54dc1b6d070a572c82"", ""33aa7a218f45e1f6800808f9642e29f07109bbf33ebdf2b89a4fdd1d90c76511"", ""3449fad76f028934383b088b7e689f58ab1095523bed37469c088e19d52c8ccc""], ""property"": ""aggregateId""}, {""action"": ""setup-action-2"", ""inputs"": [""33aa7a218f45e1f6800808f9642e29f07109bbf33ebdf2b89a4fdd1d90c76511"", ""3449fad76f028934383b088b7e689f58ab1095523bed37469c088e19d52c8ccc""], ""property"": ""aggregateId""}]",True,[],"{""DELETED_DEPENDENCY"": 0, ""FAILED_OPERATION_RESIDUAL"": 0, ""UNRESOLVED_DELIVERED_EVENT"": 0}","{""execution.impact-v2.json"": ""0f806b0a99852664a5eb262bf092103842e3cf8e21dc94efbc7cea1af6af3417"", ""execution.json"": ""b25aec6b2ea69cc580b6042ee5bc3908ccc6c7012a55c103dc2c0f75c1e9d791"", ""impact-v1.json"": ""256c2d7761dbd1ad97589c772f1aa49899ccbfb9b3eb48b7ee405f2f257605f9""}"
w06,w06-01,c21b40aa89bb955435f0cbdc781584f62d37da67a1ec295b70bd6196fee0a64a,00000,794eb8199ee3d535e8630c498b1ad366e0096f900ee6472dab6f7312aca390fa,0b9ad3f22a23ac625574a80038479e6e57fb5e658749c38623833f329d89a310,1,PROCESS_FAILURE,1,23.40589383401675,EXECUTION_INVALID,INVALID,,UNEXPECTED_EXECUTION_FAILURE,INCOMPLETE,692bfb1d-0593-4633-8393-efec18d9a957,SUCCEEDED,SELECTED_SUBSCRIBER_NOT_FOUND,"[{""bodyOutcome"": ""FAILED"", ""exceptionClass"": ""pt.ulisboa.tecnico.socialsoftware.ms.notification.EventReplayException"", ""exceptionMessage"": ""selected event has no eligible subscriber for the persisted route"", ""faultOrigin"": null, ""kind"": ""EVENT_CONSEQUENCE"", ""runtimeStepName"": ""anonymizeStudentStep"", ""sourceStepId"": ""pt.ulisboa.tecnico.socialsoftware.quizzes.microservices.execution.coordination.sagas.AnonymizeStudentFunctionalitySagas::anonymizeStudentStep#0"", ""status"": ""SELECTED_SUBSCRIBER_NOT_FOUND""}]",0.982885292,"[{""action"": ""setup-action-1"", ""inputs"": [""18fec49934ddcb27d9edcd2454c16b4ca822a7d267ec0617a910a55a1157c5b3"", ""2f2ce8c6f8339b26f06def9cac90a1e5329265d4ccff89a6822ddc401feba8ad"", ""495bfd7b31d5da9ab2b10287c2cb95a74bd2cc4e6d44b471e66eb44cd88f9902""], ""property"": ""aggregateId""}, {""action"": ""setup-action-2"", ""inputs"": [""18fec49934ddcb27d9edcd2454c16b4ca822a7d267ec0617a910a55a1157c5b3"", ""495bfd7b31d5da9ab2b10287c2cb95a74bd2cc4e6d44b471e66eb44cd88f9902""], ""property"": ""aggregateId""}]",True,[],"{""DELETED_DEPENDENCY"": 0, ""FAILED_OPERATION_RESIDUAL"": 0, ""UNRESOLVED_DELIVERED_EVENT"": 0}","{""execution.impact-v2.json"": ""aa9b7bd49897a547f4cb9f09d7641da1a6f92ab012b3f598e8aed57c7e0342b5"", ""execution.json"": ""d28fdb3b0c9e4488fb9ba25df6596e03bb1c05397626db29b57d4ebc3c14e9cb"", ""impact-v1.json"": ""929baf2a0c1b713b24c9d6eaee8e46cf92d55609024a483b488266f927f76a8f""}"
w06,w06-02,52fe64261871c7c5c8de7a1d2778bca5ab610cbe616e00f34cfd15a28cadbef8,00001,794eb8199ee3d535e8630c498b1ad366e0096f900ee6472dab6f7312aca390fa,bd17c78f1c91b43574a06bd6f4b2ed1210754e54cbdaabd87c43192956d3c4e8,1,PROCESS_FAILURE,1,22.70440383401001,EXECUTION_INVALID,INVALID,,UNEXPECTED_EXECUTION_FAILURE,INCOMPLETE,1d77f096-bb14-4a0a-8334-199893874770,SUCCEEDED,SELECTED_SUBSCRIBER_NOT_FOUND,"[{""bodyOutcome"": ""FAILED"", ""exceptionClass"": ""pt.ulisboa.tecnico.socialsoftware.ms.notification.EventReplayException"", ""exceptionMessage"": ""selected event has no eligible subscriber for the persisted route"", ""faultOrigin"": null, ""kind"": ""EVENT_CONSEQUENCE"", ""runtimeStepName"": ""anonymizeStudentStep"", ""sourceStepId"": ""pt.ulisboa.tecnico.socialsoftware.quizzes.microservices.execution.coordination.sagas.AnonymizeStudentFunctionalitySagas::anonymizeStudentStep#0"", ""status"": ""SELECTED_SUBSCRIBER_NOT_FOUND""}]",0.555149459,"[{""action"": ""setup-action-1"", ""inputs"": [""18fec49934ddcb27d9edcd2454c16b4ca822a7d267ec0617a910a55a1157c5b3"", ""2f2ce8c6f8339b26f06def9cac90a1e5329265d4ccff89a6822ddc401feba8ad"", ""495bfd7b31d5da9ab2b10287c2cb95a74bd2cc4e6d44b471e66eb44cd88f9902""], ""property"": ""aggregateId""}, {""action"": ""setup-action-2"", ""inputs"": [""18fec49934ddcb27d9edcd2454c16b4ca822a7d267ec0617a910a55a1157c5b3"", ""495bfd7b31d5da9ab2b10287c2cb95a74bd2cc4e6d44b471e66eb44cd88f9902""], ""property"": ""aggregateId""}]",True,[],"{""DELETED_DEPENDENCY"": 0, ""FAILED_OPERATION_RESIDUAL"": 0, ""UNRESOLVED_DELIVERED_EVENT"": 0}","{""execution.impact-v2.json"": ""9be7866098f1baac459eb9bdae4e4d39dc779b28f7ae17ea74d7a525a3c4a4ad"", ""execution.json"": ""f030ef9c8c06ab5a913c024f5f412133c52dade08f5f5309f0573b1152583cf1"", ""impact-v1.json"": ""c5afcd3a2fc78398d73695cb374cd190fee5c8a1e2d0a9b0505d0367925e2472""}"
w06,w06-03,1581dd61b951ac7889b5b281b3afb09c48ff343bf9b50be082bdc3c98084a956,00010,794eb8199ee3d535e8630c498b1ad366e0096f900ee6472dab6f7312aca390fa,3b01426edd79c55919e49a86bddc970ea9fae13cff2288e77fc6159593a4593b,1,PROCESS_FAILURE,1,24.33754120900994,EXECUTION_INVALID,INVALID,,UNEXPECTED_EXECUTION_FAILURE,INCOMPLETE,dfb83f45-0fba-47b0-aea5-4b42878edb9a,SUCCEEDED,SELECTED_SUBSCRIBER_NOT_FOUND,"[{""bodyOutcome"": ""FAILED"", ""exceptionClass"": ""pt.ulisboa.tecnico.socialsoftware.ms.notification.EventReplayException"", ""exceptionMessage"": ""selected event has no eligible subscriber for the persisted route"", ""faultOrigin"": null, ""kind"": ""EVENT_CONSEQUENCE"", ""runtimeStepName"": ""anonymizeStudentStep"", ""sourceStepId"": ""pt.ulisboa.tecnico.socialsoftware.quizzes.microservices.execution.coordination.sagas.AnonymizeStudentFunctionalitySagas::anonymizeStudentStep#0"", ""status"": ""SELECTED_SUBSCRIBER_NOT_FOUND""}]",0.818358042,"[{""action"": ""setup-action-1"", ""inputs"": [""18fec49934ddcb27d9edcd2454c16b4ca822a7d267ec0617a910a55a1157c5b3"", ""2f2ce8c6f8339b26f06def9cac90a1e5329265d4ccff89a6822ddc401feba8ad"", ""495bfd7b31d5da9ab2b10287c2cb95a74bd2cc4e6d44b471e66eb44cd88f9902""], ""property"": ""aggregateId""}, {""action"": ""setup-action-2"", ""inputs"": [""18fec49934ddcb27d9edcd2454c16b4ca822a7d267ec0617a910a55a1157c5b3"", ""495bfd7b31d5da9ab2b10287c2cb95a74bd2cc4e6d44b471e66eb44cd88f9902""], ""property"": ""aggregateId""}]",True,[],"{""DELETED_DEPENDENCY"": 0, ""FAILED_OPERATION_RESIDUAL"": 0, ""UNRESOLVED_DELIVERED_EVENT"": 0}","{""execution.impact-v2.json"": ""c5b0e2e490bdbaf9a55247e339764cadc1375bd6dd0477b2df3afcb091c1b996"", ""execution.json"": ""dbc6dcc0c953afb883e242ac18858027129b206ba9cb0d25b2f958e5fe51735f"", ""impact-v1.json"": ""e03c0ae85cc46650d73596756f189b3d2b27d13dd05483778f30de200d856a9b""}"
w06,w06-04,623d0ad9d0a3a0028d6d3c185bd0d4ae046cb2b5b68c701d60fe8c4a8d8880d6,00010,794eb8199ee3d535e8630c498b1ad366e0096f900ee6472dab6f7312aca390fa,3b01426edd79c55919e49a86bddc970ea9fae13cff2288e77fc6159593a4593b,1,PROCESS_FAILURE,1,23.75701137498254,EXECUTION_INVALID,INVALID,,UNEXPECTED_EXECUTION_FAILURE,INCOMPLETE,1f8a7ded-6d50-4482-b197-28f1f9a85d37,SUCCEEDED,SELECTED_SUBSCRIBER_NOT_FOUND,"[{""bodyOutcome"": ""FAILED"", ""exceptionClass"": ""pt.ulisboa.tecnico.socialsoftware.ms.notification.EventReplayException"", ""exceptionMessage"": ""selected event has no eligible subscriber for the persisted route"", ""faultOrigin"": null, ""kind"": ""EVENT_CONSEQUENCE"", ""runtimeStepName"": ""anonymizeStudentStep"", ""sourceStepId"": ""pt.ulisboa.tecnico.socialsoftware.quizzes.microservices.execution.coordination.sagas.AnonymizeStudentFunctionalitySagas::anonymizeStudentStep#0"", ""status"": ""SELECTED_SUBSCRIBER_NOT_FOUND""}]",0.702426167,"[{""action"": ""setup-action-1"", ""inputs"": [""18fec49934ddcb27d9edcd2454c16b4ca822a7d267ec0617a910a55a1157c5b3"", ""2f2ce8c6f8339b26f06def9cac90a1e5329265d4ccff89a6822ddc401feba8ad"", ""495bfd7b31d5da9ab2b10287c2cb95a74bd2cc4e6d44b471e66eb44cd88f9902""], ""property"": ""aggregateId""}, {""action"": ""setup-action-2"", ""inputs"": [""18fec49934ddcb27d9edcd2454c16b4ca822a7d267ec0617a910a55a1157c5b3"", ""495bfd7b31d5da9ab2b10287c2cb95a74bd2cc4e6d44b471e66eb44cd88f9902""], ""property"": ""aggregateId""}]",True,[],"{""DELETED_DEPENDENCY"": 0, ""FAILED_OPERATION_RESIDUAL"": 0, ""UNRESOLVED_DELIVERED_EVENT"": 0}","{""execution.impact-v2.json"": ""a706819cced397d7e567e111f4df9465600d6526925cdcbe22e12c08886f9f59"", ""execution.json"": ""6bc78faeaf757e66987673ff1bb6c51b6c3a5db9e1dd120de4afe84e4c453d66"", ""impact-v1.json"": ""cb9640cfe61ed150fdbb2cc64bc5590275a4a3c980a4aac86bf1a9157dd7e2c6""}"
w06,w06-05,3808821c251c152ae4ab61a9077431ac77bb86cce84317f1f7813e56f50a12ab,00100,794eb8199ee3d535e8630c498b1ad366e0096f900ee6472dab6f7312aca390fa,5adfd5b31f62e737d6ebdafda98710742200441481f09a57dec2223312f218d6,1,PROCESS_FAILURE,1,23.479770000034478,EXECUTION_INVALID,INVALID,,UNEXPECTED_EXECUTION_FAILURE,INCOMPLETE,30e25fb0-f5cd-4a8f-83b8-f39123292b84,SUCCEEDED,SELECTED_SUBSCRIBER_NOT_FOUND,"[{""bodyOutcome"": ""FAILED"", ""exceptionClass"": ""pt.ulisboa.tecnico.socialsoftware.ms.notification.EventReplayException"", ""exceptionMessage"": ""selected event has no eligible subscriber for the persisted route"", ""faultOrigin"": null, ""kind"": ""EVENT_CONSEQUENCE"", ""runtimeStepName"": ""anonymizeStudentStep"", ""sourceStepId"": ""pt.ulisboa.tecnico.socialsoftware.quizzes.microservices.execution.coordination.sagas.AnonymizeStudentFunctionalitySagas::anonymizeStudentStep#0"", ""status"": ""SELECTED_SUBSCRIBER_NOT_FOUND""}]",1.035165917,"[{""action"": ""setup-action-1"", ""inputs"": [""18fec49934ddcb27d9edcd2454c16b4ca822a7d267ec0617a910a55a1157c5b3"", ""2f2ce8c6f8339b26f06def9cac90a1e5329265d4ccff89a6822ddc401feba8ad"", ""495bfd7b31d5da9ab2b10287c2cb95a74bd2cc4e6d44b471e66eb44cd88f9902""], ""property"": ""aggregateId""}, {""action"": ""setup-action-2"", ""inputs"": [""18fec49934ddcb27d9edcd2454c16b4ca822a7d267ec0617a910a55a1157c5b3"", ""495bfd7b31d5da9ab2b10287c2cb95a74bd2cc4e6d44b471e66eb44cd88f9902""], ""property"": ""aggregateId""}]",True,[],"{""DELETED_DEPENDENCY"": 0, ""FAILED_OPERATION_RESIDUAL"": 0, ""UNRESOLVED_DELIVERED_EVENT"": 0}","{""execution.impact-v2.json"": ""de2fe5ee9c49048b4a81627a7ab3d41726f02473e676c5651cbcc97c91e1e152"", ""execution.json"": ""51aa4eb573ecc682afd75beb2a118064b7b1e7d5683f4fc445d88f25143ed960"", ""impact-v1.json"": ""8b7cb6fb60251c1c60cf256a593d3d3bcea1233126557c35d12b42c91dc1e32f""}"
w06,w06-06,c075fbfba59590302524e658a6f86c797e4e50fb504fb2d86fe02f6802f36935,00100,794eb8199ee3d535e8630c498b1ad366e0096f900ee6472dab6f7312aca390fa,5adfd5b31f62e737d6ebdafda98710742200441481f09a57dec2223312f218d6,1,PROCESS_FAILURE,1,24.982713749981485,EXECUTION_INVALID,INVALID,,UNEXPECTED_EXECUTION_FAILURE,INCOMPLETE,2d94191b-e977-4dea-b66f-faf8d4beb23a,SUCCEEDED,SELECTED_SUBSCRIBER_NOT_FOUND,"[{""bodyOutcome"": ""FAILED"", ""exceptionClass"": ""pt.ulisboa.tecnico.socialsoftware.ms.notification.EventReplayException"", ""exceptionMessage"": ""selected event has no eligible subscriber for the persisted route"", ""faultOrigin"": null, ""kind"": ""EVENT_CONSEQUENCE"", ""runtimeStepName"": ""anonymizeStudentStep"", ""sourceStepId"": ""pt.ulisboa.tecnico.socialsoftware.quizzes.microservices.execution.coordination.sagas.AnonymizeStudentFunctionalitySagas::anonymizeStudentStep#0"", ""status"": ""SELECTED_SUBSCRIBER_NOT_FOUND""}]",0.679807,"[{""action"": ""setup-action-1"", ""inputs"": [""18fec49934ddcb27d9edcd2454c16b4ca822a7d267ec0617a910a55a1157c5b3"", ""2f2ce8c6f8339b26f06def9cac90a1e5329265d4ccff89a6822ddc401feba8ad"", ""495bfd7b31d5da9ab2b10287c2cb95a74bd2cc4e6d44b471e66eb44cd88f9902""], ""property"": ""aggregateId""}, {""action"": ""setup-action-2"", ""inputs"": [""18fec49934ddcb27d9edcd2454c16b4ca822a7d267ec0617a910a55a1157c5b3"", ""495bfd7b31d5da9ab2b10287c2cb95a74bd2cc4e6d44b471e66eb44cd88f9902""], ""property"": ""aggregateId""}]",True,[],"{""DELETED_DEPENDENCY"": 0, ""FAILED_OPERATION_RESIDUAL"": 0, ""UNRESOLVED_DELIVERED_EVENT"": 0}","{""execution.impact-v2.json"": ""0a2251e34255a4040159c4d1a947b0d9de9674bd60694a96c80d85e6b61838f9"", ""execution.json"": ""646abdb6e122c4d0b527301426a98246a4425c25de45e62675b71d7f20a988d2"", ""impact-v1.json"": ""8dad8cd297af5d9aae9db143b6d4023fcb970a326ede8d8938dadba7c084c242""}"
w06,w06-07,59f77c018075d2001f26bfe6615ee61e9bd40d7932025d6eb7a3db7157a9dead,00101,794eb8199ee3d535e8630c498b1ad366e0096f900ee6472dab6f7312aca390fa,4f2e624a415c85fd71b39b097e3e30db6f4b86e9a5751b9f5c3f0fa6edf8cbd4,1,PROCESS_FAILURE,1,25.266538416035473,EXECUTION_INVALID,INVALID,,UNEXPECTED_EXECUTION_FAILURE,INCOMPLETE,eabcfdb4-13ae-48bc-9bec-50d49498ef04,SUCCEEDED,SELECTED_SUBSCRIBER_NOT_FOUND,"[{""bodyOutcome"": ""FAILED"", ""exceptionClass"": ""pt.ulisboa.tecnico.socialsoftware.ms.notification.EventReplayException"", ""exceptionMessage"": ""selected event has no eligible subscriber for the persisted route"", ""faultOrigin"": null, ""kind"": ""EVENT_CONSEQUENCE"", ""runtimeStepName"": ""anonymizeStudentStep"", ""sourceStepId"": ""pt.ulisboa.tecnico.socialsoftware.quizzes.microservices.execution.coordination.sagas.AnonymizeStudentFunctionalitySagas::anonymizeStudentStep#0"", ""status"": ""SELECTED_SUBSCRIBER_NOT_FOUND""}]",1.349295459,"[{""action"": ""setup-action-1"", ""inputs"": [""18fec49934ddcb27d9edcd2454c16b4ca822a7d267ec0617a910a55a1157c5b3"", ""2f2ce8c6f8339b26f06def9cac90a1e5329265d4ccff89a6822ddc401feba8ad"", ""495bfd7b31d5da9ab2b10287c2cb95a74bd2cc4e6d44b471e66eb44cd88f9902""], ""property"": ""aggregateId""}, {""action"": ""setup-action-2"", ""inputs"": [""18fec49934ddcb27d9edcd2454c16b4ca822a7d267ec0617a910a55a1157c5b3"", ""495bfd7b31d5da9ab2b10287c2cb95a74bd2cc4e6d44b471e66eb44cd88f9902""], ""property"": ""aggregateId""}]",True,[],"{""DELETED_DEPENDENCY"": 0, ""FAILED_OPERATION_RESIDUAL"": 0, ""UNRESOLVED_DELIVERED_EVENT"": 0}","{""execution.impact-v2.json"": ""737212328805d0ee2e9152d8787e832fb264db402a6324ad4d0d76b19edc3b5a"", ""execution.json"": ""0c3c5d88cd981874aac0456bb140a5c86e3909a5fe5654a83a5c1003b874c2ef"", ""impact-v1.json"": ""b50227a68740a25b416d999db16cae8f82595f168cfb1efff634b00a79e2730b""}"
w06,w06-08,ac8cd01a116d43bee070b662b9b5d1f99dbe36228699f271c925ee111538619a,00110,794eb8199ee3d535e8630c498b1ad366e0096f900ee6472dab6f7312aca390fa,eff1f791378756bdcd49b78f38544682375ec7215c4a6b74a7f881645ac63844,1,PROCESS_FAILURE,1,24.00501079199603,EXECUTION_INVALID,INVALID,,UNEXPECTED_EXECUTION_FAILURE,INCOMPLETE,bba41c5a-40c5-4fab-b8f9-f27eef505038,SUCCEEDED,SELECTED_SUBSCRIBER_NOT_FOUND,"[{""bodyOutcome"": ""FAILED"", ""exceptionClass"": ""pt.ulisboa.tecnico.socialsoftware.ms.notification.EventReplayException"", ""exceptionMessage"": ""selected event has no eligible subscriber for the persisted route"", ""faultOrigin"": null, ""kind"": ""EVENT_CONSEQUENCE"", ""runtimeStepName"": ""anonymizeStudentStep"", ""sourceStepId"": ""pt.ulisboa.tecnico.socialsoftware.quizzes.microservices.execution.coordination.sagas.AnonymizeStudentFunctionalitySagas::anonymizeStudentStep#0"", ""status"": ""SELECTED_SUBSCRIBER_NOT_FOUND""}]",0.629000626,"[{""action"": ""setup-action-1"", ""inputs"": [""18fec49934ddcb27d9edcd2454c16b4ca822a7d267ec0617a910a55a1157c5b3"", ""2f2ce8c6f8339b26f06def9cac90a1e5329265d4ccff89a6822ddc401feba8ad"", ""495bfd7b31d5da9ab2b10287c2cb95a74bd2cc4e6d44b471e66eb44cd88f9902""], ""property"": ""aggregateId""}, {""action"": ""setup-action-2"", ""inputs"": [""18fec49934ddcb27d9edcd2454c16b4ca822a7d267ec0617a910a55a1157c5b3"", ""495bfd7b31d5da9ab2b10287c2cb95a74bd2cc4e6d44b471e66eb44cd88f9902""], ""property"": ""aggregateId""}]",True,[],"{""DELETED_DEPENDENCY"": 0, ""FAILED_OPERATION_RESIDUAL"": 0, ""UNRESOLVED_DELIVERED_EVENT"": 0}","{""execution.impact-v2.json"": ""48e07ad092252186fe2abd8594bc5cc64be1d6b2f4062a6289647da1dad62b32"", ""execution.json"": ""011c12902a5c3d8b1bfca638923d77b568f2fba138e10218195dda81f24a08e6"", ""impact-v1.json"": ""ca9c0192d78e0a5f6a5c55a519ac5c988bc81c3ac44cba24dde4d7a2d92bb245""}"
w06,w06-09,4291eb13df6012bd6d836bb16fa7e9413211c15ecc8810e3191734fbcf9fc2fc,01000,794eb8199ee3d535e8630c498b1ad366e0096f900ee6472dab6f7312aca390fa,d616912c406626f453a57bfbc3157e5ee1722decda3975c8909f8ded8f3e99a4,1,COMPLETE,0,24.338533749978524,COMPLETE,COMPLETE,0,PARTIAL_COMPENSATED,DEVIATED,f7a7062d-bf94-4b9e-8c2e-86b6e7d1b041,SUCCEEDED,,"[{""bodyOutcome"": ""NOT_RUN"", ""exceptionClass"": null, ""exceptionMessage"": null, ""faultOrigin"": ""ASSIGNED"", ""kind"": ""FORWARD"", ""runtimeStepName"": ""anonymizeStudentStep"", ""sourceStepId"": ""pt.ulisboa.tecnico.socialsoftware.quizzes.microservices.execution.coordination.sagas.AnonymizeStudentFunctionalitySagas::anonymizeStudentStep#0"", ""status"": ""ASSIGNED_FAULT""}, {""bodyOutcome"": ""NOT_RUN"", ""exceptionClass"": null, ""exceptionMessage"": null, ""faultOrigin"": null, ""kind"": ""EVENT_CONSEQUENCE"", ""runtimeStepName"": ""anonymizeStudentStep"", ""sourceStepId"": ""pt.ulisboa.tecnico.socialsoftware.quizzes.microservices.execution.coordination.sagas.AnonymizeStudentFunctionalitySagas::anonymizeStudentStep#0"", ""status"": ""MASKED_BY_TRIGGER_FAULT""}, {""bodyOutcome"": ""NOT_RUN"", ""exceptionClass"": null, ""exceptionMessage"": null, ""faultOrigin"": null, ""kind"": ""EVENT_CONSEQUENCE"", ""runtimeStepName"": ""anonymizeStudentStep"", ""sourceStepId"": ""pt.ulisboa.tecnico.socialsoftware.quizzes.microservices.execution.coordination.sagas.AnonymizeStudentFunctionalitySagas::anonymizeStudentStep#0"", ""status"": ""MASKED_BY_TRIGGER_FAULT""}, {""bodyOutcome"": ""NOT_APPLICABLE"", ""exceptionClass"": null, ""exceptionMessage"": null, ""faultOrigin"": null, ""kind"": ""COMPENSATION"", ""runtimeStepName"": ""getCourseExecutionStep"", ""sourceStepId"": ""pt.ulisboa.tecnico.socialsoftware.quizzes.microservices.execution.coordination.sagas.AnonymizeStudentFunctionalitySagas::getCourseExecutionStep#0"", ""status"": ""COMPENSATED""}, {""bodyOutcome"": ""FAILED"", ""exceptionClass"": ""pt.ulisboa.tecnico.socialsoftware.ms.exception.SimulatorDomainException"", ""exceptionMessage"": ""Aggregate is being used in READ_COURSE saga."", ""faultOrigin"": ""UNASSIGNED_RUNTIME"", ""kind"": ""FORWARD"", ""runtimeStepName"": ""getOldCourseExecutionStep"", ""sourceStepId"": ""pt.ulisboa.tecnico.socialsoftware.quizzes.microservices.execution.coordination.sagas.RemoveStudentFromCourseExecutionFunctionalitySagas::getOldCourseExecutionStep#0"", ""status"": ""FAILED""}]",0.857953167,"[{""action"": ""setup-action-1"", ""inputs"": [""18fec49934ddcb27d9edcd2454c16b4ca822a7d267ec0617a910a55a1157c5b3"", ""2f2ce8c6f8339b26f06def9cac90a1e5329265d4ccff89a6822ddc401feba8ad"", ""495bfd7b31d5da9ab2b10287c2cb95a74bd2cc4e6d44b471e66eb44cd88f9902""], ""property"": ""aggregateId""}, {""action"": ""setup-action-2"", ""inputs"": [""18fec49934ddcb27d9edcd2454c16b4ca822a7d267ec0617a910a55a1157c5b3"", ""495bfd7b31d5da9ab2b10287c2cb95a74bd2cc4e6d44b471e66eb44cd88f9902""], ""property"": ""aggregateId""}]",True,[],"{""DELETED_DEPENDENCY"": 0, ""FAILED_OPERATION_RESIDUAL"": 0, ""UNRESOLVED_DELIVERED_EVENT"": 0}","{""execution.impact-v2.json"": ""552d68571f3c6cdd045df584b41a7ac3aa9f860990b5c6f350294413ebbca862"", ""execution.json"": ""7c7bcf4bd55c636ceebbb6e9c2e6586facf79821c198220a1988c8a7550ac9fe"", ""impact-v1.json"": ""8d985302091226c0487e81980fb195a75d73c54c284a8af65dc213de2170b789""}"
w06,w06-10,a45887f1d2578f6227cf65cbad178520edb03fb4e0da2f56b1bad4e244bede8e,01000,794eb8199ee3d535e8630c498b1ad366e0096f900ee6472dab6f7312aca390fa,d616912c406626f453a57bfbc3157e5ee1722decda3975c8909f8ded8f3e99a4,1,COMPLETE,0,24.109747250040527,COMPLETE,COMPLETE,0,PARTIAL_COMPENSATED,DEVIATED,13edc013-563c-4c1c-9d1c-1f2b84e4377f,SUCCEEDED,,"[{""bodyOutcome"": ""NOT_RUN"", ""exceptionClass"": null, ""exceptionMessage"": null, ""faultOrigin"": ""ASSIGNED"", ""kind"": ""FORWARD"", ""runtimeStepName"": ""anonymizeStudentStep"", ""sourceStepId"": ""pt.ulisboa.tecnico.socialsoftware.quizzes.microservices.execution.coordination.sagas.AnonymizeStudentFunctionalitySagas::anonymizeStudentStep#0"", ""status"": ""ASSIGNED_FAULT""}, {""bodyOutcome"": ""NOT_RUN"", ""exceptionClass"": null, ""exceptionMessage"": null, ""faultOrigin"": null, ""kind"": ""EVENT_CONSEQUENCE"", ""runtimeStepName"": ""anonymizeStudentStep"", ""sourceStepId"": ""pt.ulisboa.tecnico.socialsoftware.quizzes.microservices.execution.coordination.sagas.AnonymizeStudentFunctionalitySagas::anonymizeStudentStep#0"", ""status"": ""MASKED_BY_TRIGGER_FAULT""}, {""bodyOutcome"": ""NOT_RUN"", ""exceptionClass"": null, ""exceptionMessage"": null, ""faultOrigin"": null, ""kind"": ""EVENT_CONSEQUENCE"", ""runtimeStepName"": ""anonymizeStudentStep"", ""sourceStepId"": ""pt.ulisboa.tecnico.socialsoftware.quizzes.microservices.execution.coordination.sagas.AnonymizeStudentFunctionalitySagas::anonymizeStudentStep#0"", ""status"": ""MASKED_BY_TRIGGER_FAULT""}, {""bodyOutcome"": ""NOT_APPLICABLE"", ""exceptionClass"": null, ""exceptionMessage"": null, ""faultOrigin"": null, ""kind"": ""COMPENSATION"", ""runtimeStepName"": ""getCourseExecutionStep"", ""sourceStepId"": ""pt.ulisboa.tecnico.socialsoftware.quizzes.microservices.execution.coordination.sagas.AnonymizeStudentFunctionalitySagas::getCourseExecutionStep#0"", ""status"": ""COMPENSATED""}, {""bodyOutcome"": ""FAILED"", ""exceptionClass"": ""pt.ulisboa.tecnico.socialsoftware.ms.exception.SimulatorDomainException"", ""exceptionMessage"": ""Aggregate is being used in READ_COURSE saga."", ""faultOrigin"": ""UNASSIGNED_RUNTIME"", ""kind"": ""FORWARD"", ""runtimeStepName"": ""getOldCourseExecutionStep"", ""sourceStepId"": ""pt.ulisboa.tecnico.socialsoftware.quizzes.microservices.execution.coordination.sagas.RemoveStudentFromCourseExecutionFunctionalitySagas::getOldCourseExecutionStep#0"", ""status"": ""FAILED""}]",0.529396958,"[{""action"": ""setup-action-1"", ""inputs"": [""18fec49934ddcb27d9edcd2454c16b4ca822a7d267ec0617a910a55a1157c5b3"", ""2f2ce8c6f8339b26f06def9cac90a1e5329265d4ccff89a6822ddc401feba8ad"", ""495bfd7b31d5da9ab2b10287c2cb95a74bd2cc4e6d44b471e66eb44cd88f9902""], ""property"": ""aggregateId""}, {""action"": ""setup-action-2"", ""inputs"": [""18fec49934ddcb27d9edcd2454c16b4ca822a7d267ec0617a910a55a1157c5b3"", ""495bfd7b31d5da9ab2b10287c2cb95a74bd2cc4e6d44b471e66eb44cd88f9902""], ""property"": ""aggregateId""}]",True,[],"{""DELETED_DEPENDENCY"": 0, ""FAILED_OPERATION_RESIDUAL"": 0, ""UNRESOLVED_DELIVERED_EVENT"": 0}","{""execution.impact-v2.json"": ""1dd621ea657841b12baf3dde851259fca6ea1177793692f51a2b5ffdd13a5370"", ""execution.json"": ""11d60c4bd505bd57c71d035cb9ab6f2c708d09d80a0fdd173f2455926b0152af"", ""impact-v1.json"": ""d4167c8a12207d4fdcc8134d6064f71775771432faf5f9877731cc967297a55b""}"
w06,w06-11,b76f2591a7977e6f023eacfcc9c565e46ef95c58c912f6959deca0b92e2a5401,01000,794eb8199ee3d535e8630c498b1ad366e0096f900ee6472dab6f7312aca390fa,4313148115d16d5055b031181304c8c5999f6485bebc587f59a9e6fb74c22f7a,1,COMPLETE,0,23.649653790984303,COMPLETE,COMPLETE,0,PARTIAL_COMPENSATED,DEVIATED,09e62bf7-e9a9-42b5-a042-8fc971152b3e,SUCCEEDED,,"[{""bodyOutcome"": ""NOT_RUN"", ""exceptionClass"": null, ""exceptionMessage"": null, ""faultOrigin"": ""ASSIGNED"", ""kind"": ""FORWARD"", ""runtimeStepName"": ""anonymizeStudentStep"", ""sourceStepId"": ""pt.ulisboa.tecnico.socialsoftware.quizzes.microservices.execution.coordination.sagas.AnonymizeStudentFunctionalitySagas::anonymizeStudentStep#0"", ""status"": ""ASSIGNED_FAULT""}, {""bodyOutcome"": ""NOT_RUN"", ""exceptionClass"": null, ""exceptionMessage"": null, ""faultOrigin"": null, ""kind"": ""EVENT_CONSEQUENCE"", ""runtimeStepName"": ""anonymizeStudentStep"", ""sourceStepId"": ""pt.ulisboa.tecnico.socialsoftware.quizzes.microservices.execution.coordination.sagas.AnonymizeStudentFunctionalitySagas::anonymizeStudentStep#0"", ""status"": ""MASKED_BY_TRIGGER_FAULT""}, {""bodyOutcome"": ""NOT_RUN"", ""exceptionClass"": null, ""exceptionMessage"": null, ""faultOrigin"": null, ""kind"": ""EVENT_CONSEQUENCE"", ""runtimeStepName"": ""anonymizeStudentStep"", ""sourceStepId"": ""pt.ulisboa.tecnico.socialsoftware.quizzes.microservices.execution.coordination.sagas.AnonymizeStudentFunctionalitySagas::anonymizeStudentStep#0"", ""status"": ""MASKED_BY_TRIGGER_FAULT""}, {""bodyOutcome"": ""FAILED"", ""exceptionClass"": ""pt.ulisboa.tecnico.socialsoftware.ms.exception.SimulatorDomainException"", ""exceptionMessage"": ""Aggregate is being used in READ_COURSE saga."", ""faultOrigin"": ""UNASSIGNED_RUNTIME"", ""kind"": ""FORWARD"", ""runtimeStepName"": ""getOldCourseExecutionStep"", ""sourceStepId"": ""pt.ulisboa.tecnico.socialsoftware.quizzes.microservices.execution.coordination.sagas.RemoveStudentFromCourseExecutionFunctionalitySagas::getOldCourseExecutionStep#0"", ""status"": ""FAILED""}, {""bodyOutcome"": ""NOT_APPLICABLE"", ""exceptionClass"": null, ""exceptionMessage"": null, ""faultOrigin"": null, ""kind"": ""COMPENSATION"", ""runtimeStepName"": ""getCourseExecutionStep"", ""sourceStepId"": ""pt.ulisboa.tecnico.socialsoftware.quizzes.microservices.execution.coordination.sagas.AnonymizeStudentFunctionalitySagas::getCourseExecutionStep#0"", ""status"": ""COMPENSATED""}]",0.998538251,"[{""action"": ""setup-action-1"", ""inputs"": [""18fec49934ddcb27d9edcd2454c16b4ca822a7d267ec0617a910a55a1157c5b3"", ""2f2ce8c6f8339b26f06def9cac90a1e5329265d4ccff89a6822ddc401feba8ad"", ""495bfd7b31d5da9ab2b10287c2cb95a74bd2cc4e6d44b471e66eb44cd88f9902""], ""property"": ""aggregateId""}, {""action"": ""setup-action-2"", ""inputs"": [""18fec49934ddcb27d9edcd2454c16b4ca822a7d267ec0617a910a55a1157c5b3"", ""495bfd7b31d5da9ab2b10287c2cb95a74bd2cc4e6d44b471e66eb44cd88f9902""], ""property"": ""aggregateId""}]",True,[],"{""DELETED_DEPENDENCY"": 0, ""FAILED_OPERATION_RESIDUAL"": 0, ""UNRESOLVED_DELIVERED_EVENT"": 0}","{""execution.impact-v2.json"": ""81c65c7e865a7598de998602da3921edd057ab5f7cb016945704bdffc8eb650c"", ""execution.json"": ""468fde960a8d9631982e248e936162168d073b2a3be3a08def6ccec864dd50f2"", ""impact-v1.json"": ""97e82f2f2baa386bd2b63e0fe655919ac05e538935beedbc95cc88e14f69f18e""}"
w06,w06-12,c717a8596ae23bb90829f06c19cdb234ab005a18be153dee621ad236997a19c0,01000,794eb8199ee3d535e8630c498b1ad366e0096f900ee6472dab6f7312aca390fa,5a4d923deb0938620e1d8f2badd72f50a4a5a7662351e963faf4ce1da2c43a4b,1,COMPLETE,0,27.91725033300463,COMPLETE,COMPLETE,0,PARTIAL_COMPENSATED,DEVIATED,bbeb229d-8400-41fc-b38c-43281f869e79,SUCCEEDED,,"[{""bodyOutcome"": ""NOT_RUN"", ""exceptionClass"": null, ""exceptionMessage"": null, ""faultOrigin"": ""ASSIGNED"", ""kind"": ""FORWARD"", ""runtimeStepName"": ""anonymizeStudentStep"", ""sourceStepId"": ""pt.ulisboa.tecnico.socialsoftware.quizzes.microservices.execution.coordination.sagas.AnonymizeStudentFunctionalitySagas::anonymizeStudentStep#0"", ""status"": ""ASSIGNED_FAULT""}, {""bodyOutcome"": ""NOT_RUN"", ""exceptionClass"": null, ""exceptionMessage"": null, ""faultOrigin"": null, ""kind"": ""EVENT_CONSEQUENCE"", ""runtimeStepName"": ""anonymizeStudentStep"", ""sourceStepId"": ""pt.ulisboa.tecnico.socialsoftware.quizzes.microservices.execution.coordination.sagas.AnonymizeStudentFunctionalitySagas::anonymizeStudentStep#0"", ""status"": ""MASKED_BY_TRIGGER_FAULT""}, {""bodyOutcome"": ""NOT_RUN"", ""exceptionClass"": null, ""exceptionMessage"": null, ""faultOrigin"": null, ""kind"": ""EVENT_CONSEQUENCE"", ""runtimeStepName"": ""anonymizeStudentStep"", ""sourceStepId"": ""pt.ulisboa.tecnico.socialsoftware.quizzes.microservices.execution.coordination.sagas.AnonymizeStudentFunctionalitySagas::anonymizeStudentStep#0"", ""status"": ""MASKED_BY_TRIGGER_FAULT""}, {""bodyOutcome"": ""FAILED"", ""exceptionClass"": ""pt.ulisboa.tecnico.socialsoftware.ms.exception.SimulatorDomainException"", ""exceptionMessage"": ""Aggregate is being used in READ_COURSE saga."", ""faultOrigin"": ""UNASSIGNED_RUNTIME"", ""kind"": ""FORWARD"", ""runtimeStepName"": ""getOldCourseExecutionStep"", ""sourceStepId"": ""pt.ulisboa.tecnico.socialsoftware.quizzes.microservices.execution.coordination.sagas.RemoveStudentFromCourseExecutionFunctionalitySagas::getOldCourseExecutionStep#0"", ""status"": ""FAILED""}, {""bodyOutcome"": ""NOT_APPLICABLE"", ""exceptionClass"": null, ""exceptionMessage"": null, ""faultOrigin"": null, ""kind"": ""COMPENSATION"", ""runtimeStepName"": ""getCourseExecutionStep"", ""sourceStepId"": ""pt.ulisboa.tecnico.socialsoftware.quizzes.microservices.execution.coordination.sagas.AnonymizeStudentFunctionalitySagas::getCourseExecutionStep#0"", ""status"": ""COMPENSATED""}]",0.589641458,"[{""action"": ""setup-action-1"", ""inputs"": [""18fec49934ddcb27d9edcd2454c16b4ca822a7d267ec0617a910a55a1157c5b3"", ""2f2ce8c6f8339b26f06def9cac90a1e5329265d4ccff89a6822ddc401feba8ad"", ""495bfd7b31d5da9ab2b10287c2cb95a74bd2cc4e6d44b471e66eb44cd88f9902""], ""property"": ""aggregateId""}, {""action"": ""setup-action-2"", ""inputs"": [""18fec49934ddcb27d9edcd2454c16b4ca822a7d267ec0617a910a55a1157c5b3"", ""495bfd7b31d5da9ab2b10287c2cb95a74bd2cc4e6d44b471e66eb44cd88f9902""], ""property"": ""aggregateId""}]",True,[],"{""DELETED_DEPENDENCY"": 0, ""FAILED_OPERATION_RESIDUAL"": 0, ""UNRESOLVED_DELIVERED_EVENT"": 0}","{""execution.impact-v2.json"": ""c667bfc3d95d40b92a3a1270d4683934f44a6bbd7e15d988c55ee4d6510f16d2"", ""execution.json"": ""a7144be4f7ea4b1ccf6a7bd5ed10ed7e48f2fb8d36d1358d2b2544220f0dad44"", ""impact-v1.json"": ""b1bc0c2274a2da80e413313cccf3266a2f91f88f7271bc39701a9f6337c11d83""}"
w06,w06-13,c8a70356070e6dd196e21a1541ac57bb63fd051d8540aee1f9f06dcc8ad02ae2,01000,794eb8199ee3d535e8630c498b1ad366e0096f900ee6472dab6f7312aca390fa,bb2c91150ac89edc6a046a409e2f1702f9d38e64048230a9cec9bf2b43841678,1,COMPLETE,0,27.868253708991688,COMPLETE,COMPLETE,0,PARTIAL_COMPENSATED,DEVIATED,da6ba924-ae76-40a2-b3e2-554f1c2f75f0,SUCCEEDED,,"[{""bodyOutcome"": ""NOT_RUN"", ""exceptionClass"": null, ""exceptionMessage"": null, ""faultOrigin"": ""ASSIGNED"", ""kind"": ""FORWARD"", ""runtimeStepName"": ""anonymizeStudentStep"", ""sourceStepId"": ""pt.ulisboa.tecnico.socialsoftware.quizzes.microservices.execution.coordination.sagas.AnonymizeStudentFunctionalitySagas::anonymizeStudentStep#0"", ""status"": ""ASSIGNED_FAULT""}, {""bodyOutcome"": ""NOT_RUN"", ""exceptionClass"": null, ""exceptionMessage"": null, ""faultOrigin"": null, ""kind"": ""EVENT_CONSEQUENCE"", ""runtimeStepName"": ""anonymizeStudentStep"", ""sourceStepId"": ""pt.ulisboa.tecnico.socialsoftware.quizzes.microservices.execution.coordination.sagas.AnonymizeStudentFunctionalitySagas::anonymizeStudentStep#0"", ""status"": ""MASKED_BY_TRIGGER_FAULT""}, {""bodyOutcome"": ""NOT_RUN"", ""exceptionClass"": null, ""exceptionMessage"": null, ""faultOrigin"": null, ""kind"": ""EVENT_CONSEQUENCE"", ""runtimeStepName"": ""anonymizeStudentStep"", ""sourceStepId"": ""pt.ulisboa.tecnico.socialsoftware.quizzes.microservices.execution.coordination.sagas.AnonymizeStudentFunctionalitySagas::anonymizeStudentStep#0"", ""status"": ""MASKED_BY_TRIGGER_FAULT""}, {""bodyOutcome"": ""NOT_APPLICABLE"", ""exceptionClass"": null, ""exceptionMessage"": null, ""faultOrigin"": null, ""kind"": ""COMPENSATION"", ""runtimeStepName"": ""getCourseExecutionStep"", ""sourceStepId"": ""pt.ulisboa.tecnico.socialsoftware.quizzes.microservices.execution.coordination.sagas.AnonymizeStudentFunctionalitySagas::getCourseExecutionStep#0"", ""status"": ""COMPENSATED""}, {""bodyOutcome"": ""FAILED"", ""exceptionClass"": ""pt.ulisboa.tecnico.socialsoftware.ms.exception.SimulatorDomainException"", ""exceptionMessage"": ""Aggregate is being used in READ_COURSE saga."", ""faultOrigin"": ""UNASSIGNED_RUNTIME"", ""kind"": ""FORWARD"", ""runtimeStepName"": ""getOldCourseExecutionStep"", ""sourceStepId"": ""pt.ulisboa.tecnico.socialsoftware.quizzes.microservices.execution.coordination.sagas.RemoveStudentFromCourseExecutionFunctionalitySagas::getOldCourseExecutionStep#0"", ""status"": ""FAILED""}]",1.206737626,"[{""action"": ""setup-action-1"", ""inputs"": [""18fec49934ddcb27d9edcd2454c16b4ca822a7d267ec0617a910a55a1157c5b3"", ""2f2ce8c6f8339b26f06def9cac90a1e5329265d4ccff89a6822ddc401feba8ad"", ""495bfd7b31d5da9ab2b10287c2cb95a74bd2cc4e6d44b471e66eb44cd88f9902""], ""property"": ""aggregateId""}, {""action"": ""setup-action-2"", ""inputs"": [""18fec49934ddcb27d9edcd2454c16b4ca822a7d267ec0617a910a55a1157c5b3"", ""495bfd7b31d5da9ab2b10287c2cb95a74bd2cc4e6d44b471e66eb44cd88f9902""], ""property"": ""aggregateId""}]",True,[],"{""DELETED_DEPENDENCY"": 0, ""FAILED_OPERATION_RESIDUAL"": 0, ""UNRESOLVED_DELIVERED_EVENT"": 0}","{""execution.impact-v2.json"": ""5cf4880b6aeb2e0d729ecf518802db9744e10d5c780d059ad04de4bfbf08a372"", ""execution.json"": ""3f522e5684fc8525caf8f27e96ca18178ecdf26ca0f9b5b46e3cbdef0e489876"", ""impact-v1.json"": ""aa5ee679379ca38736ad9f7ad38bbc3cf3f4cda6b9f5bc70e5db486f2aedbd15""}"
w06,w06-14,4e3a7a469cd1883d4493e1c2c147a39ce70ee42b401f612a1f73406430129d4e,01001,794eb8199ee3d535e8630c498b1ad366e0096f900ee6472dab6f7312aca390fa,32991b7d3f937a4eb5a67b987ef9f21d829aebfc0b99fa11cf34b8287aa9a007,1,COMPLETE,0,27.53073741699336,COMPLETE,COMPLETE,0,PARTIAL_COMPENSATED,DEVIATED,fddb7e04-5d21-4619-877a-d010280f3f0a,SUCCEEDED,,"[{""bodyOutcome"": ""NOT_RUN"", ""exceptionClass"": null, ""exceptionMessage"": null, ""faultOrigin"": ""ASSIGNED"", ""kind"": ""FORWARD"", ""runtimeStepName"": ""anonymizeStudentStep"", ""sourceStepId"": ""pt.ulisboa.tecnico.socialsoftware.quizzes.microservices.execution.coordination.sagas.AnonymizeStudentFunctionalitySagas::anonymizeStudentStep#0"", ""status"": ""ASSIGNED_FAULT""}, {""bodyOutcome"": ""NOT_RUN"", ""exceptionClass"": null, ""exceptionMessage"": null, ""faultOrigin"": null, ""kind"": ""EVENT_CONSEQUENCE"", ""runtimeStepName"": ""anonymizeStudentStep"", ""sourceStepId"": ""pt.ulisboa.tecnico.socialsoftware.quizzes.microservices.execution.coordination.sagas.AnonymizeStudentFunctionalitySagas::anonymizeStudentStep#0"", ""status"": ""MASKED_BY_TRIGGER_FAULT""}, {""bodyOutcome"": ""NOT_RUN"", ""exceptionClass"": null, ""exceptionMessage"": null, ""faultOrigin"": null, ""kind"": ""EVENT_CONSEQUENCE"", ""runtimeStepName"": ""anonymizeStudentStep"", ""sourceStepId"": ""pt.ulisboa.tecnico.socialsoftware.quizzes.microservices.execution.coordination.sagas.AnonymizeStudentFunctionalitySagas::anonymizeStudentStep#0"", ""status"": ""MASKED_BY_TRIGGER_FAULT""}, {""bodyOutcome"": ""FAILED"", ""exceptionClass"": ""pt.ulisboa.tecnico.socialsoftware.ms.exception.SimulatorDomainException"", ""exceptionMessage"": ""Aggregate is being used in READ_COURSE saga."", ""faultOrigin"": ""UNASSIGNED_RUNTIME"", ""kind"": ""FORWARD"", ""runtimeStepName"": ""getOldCourseExecutionStep"", ""sourceStepId"": ""pt.ulisboa.tecnico.socialsoftware.quizzes.microservices.execution.coordination.sagas.RemoveStudentFromCourseExecutionFunctionalitySagas::getOldCourseExecutionStep#0"", ""status"": ""FAILED""}, {""bodyOutcome"": ""NOT_APPLICABLE"", ""exceptionClass"": null, ""exceptionMessage"": null, ""faultOrigin"": null, ""kind"": ""COMPENSATION"", ""runtimeStepName"": ""getCourseExecutionStep"", ""sourceStepId"": ""pt.ulisboa.tecnico.socialsoftware.quizzes.microservices.execution.coordination.sagas.AnonymizeStudentFunctionalitySagas::getCourseExecutionStep#0"", ""status"": ""COMPENSATED""}]",1.128882501,"[{""action"": ""setup-action-1"", ""inputs"": [""18fec49934ddcb27d9edcd2454c16b4ca822a7d267ec0617a910a55a1157c5b3"", ""2f2ce8c6f8339b26f06def9cac90a1e5329265d4ccff89a6822ddc401feba8ad"", ""495bfd7b31d5da9ab2b10287c2cb95a74bd2cc4e6d44b471e66eb44cd88f9902""], ""property"": ""aggregateId""}, {""action"": ""setup-action-2"", ""inputs"": [""18fec49934ddcb27d9edcd2454c16b4ca822a7d267ec0617a910a55a1157c5b3"", ""495bfd7b31d5da9ab2b10287c2cb95a74bd2cc4e6d44b471e66eb44cd88f9902""], ""property"": ""aggregateId""}]",True,[],"{""DELETED_DEPENDENCY"": 0, ""FAILED_OPERATION_RESIDUAL"": 0, ""UNRESOLVED_DELIVERED_EVENT"": 0}","{""execution.impact-v2.json"": ""f6ef59f56d3898a90976ae3ed189dd8c6d9da20b87f2daff81b5242b0acbcc2a"", ""execution.json"": ""5818b4e0e9364027c32a4584af5931eae460e4834a8d2c492e07e04b709e8425"", ""impact-v1.json"": ""b94170d2679a1fcb6cdccd8a9bc326cfc9df00349b31e13939e037360a1675ef""}"
w06,w06-15,c2fe8a80092fa3c46a9ff301a561bbb8108f291f11a3d1921515ce87de7030b1,01001,794eb8199ee3d535e8630c498b1ad366e0096f900ee6472dab6f7312aca390fa,ea3722ca3529cf97b7de6dc3aa40c7279138fbc34e7220e6791ba3d201da4a8e,1,COMPLETE,0,24.25350479199551,COMPLETE,COMPLETE,0,PARTIAL_COMPENSATED,DEVIATED,b772687d-9206-40f1-9429-3f0a4bc990d6,SUCCEEDED,,"[{""bodyOutcome"": ""NOT_RUN"", ""exceptionClass"": null, ""exceptionMessage"": null, ""faultOrigin"": ""ASSIGNED"", ""kind"": ""FORWARD"", ""runtimeStepName"": ""anonymizeStudentStep"", ""sourceStepId"": ""pt.ulisboa.tecnico.socialsoftware.quizzes.microservices.execution.coordination.sagas.AnonymizeStudentFunctionalitySagas::anonymizeStudentStep#0"", ""status"": ""ASSIGNED_FAULT""}, {""bodyOutcome"": ""NOT_RUN"", ""exceptionClass"": null, ""exceptionMessage"": null, ""faultOrigin"": null, ""kind"": ""EVENT_CONSEQUENCE"", ""runtimeStepName"": ""anonymizeStudentStep"", ""sourceStepId"": ""pt.ulisboa.tecnico.socialsoftware.quizzes.microservices.execution.coordination.sagas.AnonymizeStudentFunctionalitySagas::anonymizeStudentStep#0"", ""status"": ""MASKED_BY_TRIGGER_FAULT""}, {""bodyOutcome"": ""NOT_RUN"", ""exceptionClass"": null, ""exceptionMessage"": null, ""faultOrigin"": null, ""kind"": ""EVENT_CONSEQUENCE"", ""runtimeStepName"": ""anonymizeStudentStep"", ""sourceStepId"": ""pt.ulisboa.tecnico.socialsoftware.quizzes.microservices.execution.coordination.sagas.AnonymizeStudentFunctionalitySagas::anonymizeStudentStep#0"", ""status"": ""MASKED_BY_TRIGGER_FAULT""}, {""bodyOutcome"": ""NOT_APPLICABLE"", ""exceptionClass"": null, ""exceptionMessage"": null, ""faultOrigin"": null, ""kind"": ""COMPENSATION"", ""runtimeStepName"": ""getCourseExecutionStep"", ""sourceStepId"": ""pt.ulisboa.tecnico.socialsoftware.quizzes.microservices.execution.coordination.sagas.AnonymizeStudentFunctionalitySagas::getCourseExecutionStep#0"", ""status"": ""COMPENSATED""}, {""bodyOutcome"": ""FAILED"", ""exceptionClass"": ""pt.ulisboa.tecnico.socialsoftware.ms.exception.SimulatorDomainException"", ""exceptionMessage"": ""Aggregate is being used in READ_COURSE saga."", ""faultOrigin"": ""UNASSIGNED_RUNTIME"", ""kind"": ""FORWARD"", ""runtimeStepName"": ""getOldCourseExecutionStep"", ""sourceStepId"": ""pt.ulisboa.tecnico.socialsoftware.quizzes.microservices.execution.coordination.sagas.RemoveStudentFromCourseExecutionFunctionalitySagas::getOldCourseExecutionStep#0"", ""status"": ""FAILED""}]",0.652816917,"[{""action"": ""setup-action-1"", ""inputs"": [""18fec49934ddcb27d9edcd2454c16b4ca822a7d267ec0617a910a55a1157c5b3"", ""2f2ce8c6f8339b26f06def9cac90a1e5329265d4ccff89a6822ddc401feba8ad"", ""495bfd7b31d5da9ab2b10287c2cb95a74bd2cc4e6d44b471e66eb44cd88f9902""], ""property"": ""aggregateId""}, {""action"": ""setup-action-2"", ""inputs"": [""18fec49934ddcb27d9edcd2454c16b4ca822a7d267ec0617a910a55a1157c5b3"", ""495bfd7b31d5da9ab2b10287c2cb95a74bd2cc4e6d44b471e66eb44cd88f9902""], ""property"": ""aggregateId""}]",True,[],"{""DELETED_DEPENDENCY"": 0, ""FAILED_OPERATION_RESIDUAL"": 0, ""UNRESOLVED_DELIVERED_EVENT"": 0}","{""execution.impact-v2.json"": ""ae8ab27c659cd7ca7e5c6be4f4291cd0cf42233e5ecd5860b404f848e018df59"", ""execution.json"": ""826213bd59f236950a02fa01df69204c1a79910140c388ad9d1ba6a85405fef0"", ""impact-v1.json"": ""c6fe0a930a47d47056f24fe856d67b4827da15029b1f8f82ea180c7ee07ad353""}"
w06,w06-16,0b93ca9dfc52fc6bec97cf1bec586268626cd983af95c71a1886cccf8777598e,01010,794eb8199ee3d535e8630c498b1ad366e0096f900ee6472dab6f7312aca390fa,417a9439e3278ec43bf5ecb7e96a58a63e00266d9e0aa7e89c6e8d7a01b38ea3,1,COMPLETE,0,29.954932583030313,COMPLETE,COMPLETE,0,PARTIAL_COMPENSATED,EXACT,4a739995-14d5-4bc2-967a-43c7e204b1bc,SUCCEEDED,,"[{""bodyOutcome"": ""NOT_RUN"", ""exceptionClass"": null, ""exceptionMessage"": null, ""faultOrigin"": ""ASSIGNED"", ""kind"": ""FORWARD"", ""runtimeStepName"": ""anonymizeStudentStep"", ""sourceStepId"": ""pt.ulisboa.tecnico.socialsoftware.quizzes.microservices.execution.coordination.sagas.AnonymizeStudentFunctionalitySagas::anonymizeStudentStep#0"", ""status"": ""ASSIGNED_FAULT""}, {""bodyOutcome"": ""NOT_RUN"", ""exceptionClass"": null, ""exceptionMessage"": null, ""faultOrigin"": null, ""kind"": ""EVENT_CONSEQUENCE"", ""runtimeStepName"": ""anonymizeStudentStep"", ""sourceStepId"": ""pt.ulisboa.tecnico.socialsoftware.quizzes.microservices.execution.coordination.sagas.AnonymizeStudentFunctionalitySagas::anonymizeStudentStep#0"", ""status"": ""MASKED_BY_TRIGGER_FAULT""}, {""bodyOutcome"": ""NOT_RUN"", ""exceptionClass"": null, ""exceptionMessage"": null, ""faultOrigin"": null, ""kind"": ""EVENT_CONSEQUENCE"", ""runtimeStepName"": ""anonymizeStudentStep"", ""sourceStepId"": ""pt.ulisboa.tecnico.socialsoftware.quizzes.microservices.execution.coordination.sagas.AnonymizeStudentFunctionalitySagas::anonymizeStudentStep#0"", ""status"": ""MASKED_BY_TRIGGER_FAULT""}, {""bodyOutcome"": ""NOT_APPLICABLE"", ""exceptionClass"": null, ""exceptionMessage"": null, ""faultOrigin"": null, ""kind"": ""COMPENSATION"", ""runtimeStepName"": ""getCourseExecutionStep"", ""sourceStepId"": ""pt.ulisboa.tecnico.socialsoftware.quizzes.microservices.execution.coordination.sagas.AnonymizeStudentFunctionalitySagas::getCourseExecutionStep#0"", ""status"": ""COMPENSATED""}, {""bodyOutcome"": ""NOT_RUN"", ""exceptionClass"": null, ""exceptionMessage"": null, ""faultOrigin"": ""ASSIGNED"", ""kind"": ""FORWARD"", ""runtimeStepName"": ""getOldCourseExecutionStep"", ""sourceStepId"": ""pt.ulisboa.tecnico.socialsoftware.quizzes.microservices.execution.coordination.sagas.RemoveStudentFromCourseExecutionFunctionalitySagas::getOldCourseExecutionStep#0"", ""status"": ""ASSIGNED_FAULT""}]",0.7443005,"[{""action"": ""setup-action-1"", ""inputs"": [""18fec49934ddcb27d9edcd2454c16b4ca822a7d267ec0617a910a55a1157c5b3"", ""2f2ce8c6f8339b26f06def9cac90a1e5329265d4ccff89a6822ddc401feba8ad"", ""495bfd7b31d5da9ab2b10287c2cb95a74bd2cc4e6d44b471e66eb44cd88f9902""], ""property"": ""aggregateId""}, {""action"": ""setup-action-2"", ""inputs"": [""18fec49934ddcb27d9edcd2454c16b4ca822a7d267ec0617a910a55a1157c5b3"", ""495bfd7b31d5da9ab2b10287c2cb95a74bd2cc4e6d44b471e66eb44cd88f9902""], ""property"": ""aggregateId""}]",True,[],"{""DELETED_DEPENDENCY"": 0, ""FAILED_OPERATION_RESIDUAL"": 0, ""UNRESOLVED_DELIVERED_EVENT"": 0}","{""execution.impact-v2.json"": ""4576cbb20d40f6ba7dfbc3568e2940db27800b9049bbada779bd619732c323e9"", ""execution.json"": ""c1d92fc84a327c754d03a5435e8aaf627157454185bc958bfa26ef74c9976a8c"", ""impact-v1.json"": ""a6d819f794193038526c9497ab03c2faeb3aa0398f7a2010cea748ac5a2555b8""}"
w06,w06-17,7e7739403a87ef3efae2d0267c97c95e7a2f4aeea7600eb31d53130b80c823bd,01010,794eb8199ee3d535e8630c498b1ad366e0096f900ee6472dab6f7312aca390fa,d44b03a365a86a126c7e2de6489ea3f6a95572cf5a9f8babe3dbd076b9e8c074,1,COMPLETE,0,29.85951808403479,COMPLETE,COMPLETE,0,PARTIAL_COMPENSATED,EXACT,eebfef29-42fd-41b4-b3a2-96bf989601ee,SUCCEEDED,,"[{""bodyOutcome"": ""NOT_RUN"", ""exceptionClass"": null, ""exceptionMessage"": null, ""faultOrigin"": ""ASSIGNED"", ""kind"": ""FORWARD"", ""runtimeStepName"": ""anonymizeStudentStep"", ""sourceStepId"": ""pt.ulisboa.tecnico.socialsoftware.quizzes.microservices.execution.coordination.sagas.AnonymizeStudentFunctionalitySagas::anonymizeStudentStep#0"", ""status"": ""ASSIGNED_FAULT""}, {""bodyOutcome"": ""NOT_RUN"", ""exceptionClass"": null, ""exceptionMessage"": null, ""faultOrigin"": null, ""kind"": ""EVENT_CONSEQUENCE"", ""runtimeStepName"": ""anonymizeStudentStep"", ""sourceStepId"": ""pt.ulisboa.tecnico.socialsoftware.quizzes.microservices.execution.coordination.sagas.AnonymizeStudentFunctionalitySagas::anonymizeStudentStep#0"", ""status"": ""MASKED_BY_TRIGGER_FAULT""}, {""bodyOutcome"": ""NOT_RUN"", ""exceptionClass"": null, ""exceptionMessage"": null, ""faultOrigin"": null, ""kind"": ""EVENT_CONSEQUENCE"", ""runtimeStepName"": ""anonymizeStudentStep"", ""sourceStepId"": ""pt.ulisboa.tecnico.socialsoftware.quizzes.microservices.execution.coordination.sagas.AnonymizeStudentFunctionalitySagas::anonymizeStudentStep#0"", ""status"": ""MASKED_BY_TRIGGER_FAULT""}, {""bodyOutcome"": ""NOT_RUN"", ""exceptionClass"": null, ""exceptionMessage"": null, ""faultOrigin"": ""ASSIGNED"", ""kind"": ""FORWARD"", ""runtimeStepName"": ""getOldCourseExecutionStep"", ""sourceStepId"": ""pt.ulisboa.tecnico.socialsoftware.quizzes.microservices.execution.coordination.sagas.RemoveStudentFromCourseExecutionFunctionalitySagas::getOldCourseExecutionStep#0"", ""status"": ""ASSIGNED_FAULT""}, {""bodyOutcome"": ""NOT_APPLICABLE"", ""exceptionClass"": null, ""exceptionMessage"": null, ""faultOrigin"": null, ""kind"": ""COMPENSATION"", ""runtimeStepName"": ""getCourseExecutionStep"", ""sourceStepId"": ""pt.ulisboa.tecnico.socialsoftware.quizzes.microservices.execution.coordination.sagas.AnonymizeStudentFunctionalitySagas::getCourseExecutionStep#0"", ""status"": ""COMPENSATED""}]",1.360289459,"[{""action"": ""setup-action-1"", ""inputs"": [""18fec49934ddcb27d9edcd2454c16b4ca822a7d267ec0617a910a55a1157c5b3"", ""2f2ce8c6f8339b26f06def9cac90a1e5329265d4ccff89a6822ddc401feba8ad"", ""495bfd7b31d5da9ab2b10287c2cb95a74bd2cc4e6d44b471e66eb44cd88f9902""], ""property"": ""aggregateId""}, {""action"": ""setup-action-2"", ""inputs"": [""18fec49934ddcb27d9edcd2454c16b4ca822a7d267ec0617a910a55a1157c5b3"", ""495bfd7b31d5da9ab2b10287c2cb95a74bd2cc4e6d44b471e66eb44cd88f9902""], ""property"": ""aggregateId""}]",True,[],"{""DELETED_DEPENDENCY"": 0, ""FAILED_OPERATION_RESIDUAL"": 0, ""UNRESOLVED_DELIVERED_EVENT"": 0}","{""execution.impact-v2.json"": ""b4cc39402f964e6133043e4718b61f6f13e990c98944107a1e90631909d5abf5"", ""execution.json"": ""0c002f318d6fbf4a37ed03bf5b3ebd7fe933cc0e614f214f5aeca2bbfdf0e505"", ""impact-v1.json"": ""e616b8ba2731ff776b1fdd676e7b539618181b5aa98e5a9ac2866199c5c20c55""}"
w06,w06-18,1000eab5d9abdf2a1d4354bde54b489d6a0b42c386e58f8bce98b10f00ba4dd9,01100,794eb8199ee3d535e8630c498b1ad366e0096f900ee6472dab6f7312aca390fa,71d6f95974c45dd86f1bad29e5754eab8893bbc90c8dd750b33d849d112d0677,1,COMPLETE,0,33.96875512495171,COMPLETE,COMPLETE,0,COMPENSATED,DEVIATED,52cefa11-54de-46e3-a623-59d1bd6a6af5,SUCCEEDED,,"[{""bodyOutcome"": ""NOT_RUN"", ""exceptionClass"": null, ""exceptionMessage"": null, ""faultOrigin"": ""ASSIGNED"", ""kind"": ""FORWARD"", ""runtimeStepName"": ""anonymizeStudentStep"", ""sourceStepId"": ""pt.ulisboa.tecnico.socialsoftware.quizzes.microservices.execution.coordination.sagas.AnonymizeStudentFunctionalitySagas::anonymizeStudentStep#0"", ""status"": ""ASSIGNED_FAULT""}, {""bodyOutcome"": ""NOT_RUN"", ""exceptionClass"": null, ""exceptionMessage"": null, ""faultOrigin"": null, ""kind"": ""EVENT_CONSEQUENCE"", ""runtimeStepName"": ""anonymizeStudentStep"", ""sourceStepId"": ""pt.ulisboa.tecnico.socialsoftware.quizzes.microservices.execution.coordination.sagas.AnonymizeStudentFunctionalitySagas::anonymizeStudentStep#0"", ""status"": ""MASKED_BY_TRIGGER_FAULT""}, {""bodyOutcome"": ""NOT_RUN"", ""exceptionClass"": null, ""exceptionMessage"": null, ""faultOrigin"": null, ""kind"": ""EVENT_CONSEQUENCE"", ""runtimeStepName"": ""anonymizeStudentStep"", ""sourceStepId"": ""pt.ulisboa.tecnico.socialsoftware.quizzes.microservices.execution.coordination.sagas.AnonymizeStudentFunctionalitySagas::anonymizeStudentStep#0"", ""status"": ""MASKED_BY_TRIGGER_FAULT""}, {""bodyOutcome"": ""NOT_RUN"", ""exceptionClass"": null, ""exceptionMessage"": null, ""faultOrigin"": ""ASSIGNED"", ""kind"": ""FORWARD"", ""runtimeStepName"": ""getCourseExecutionStep"", ""sourceStepId"": ""pt.ulisboa.tecnico.socialsoftware.quizzes.microservices.execution.coordination.sagas.GetCourseExecutionByIdFunctionalitySagas::getCourseExecutionStep#0"", ""status"": ""ASSIGNED_FAULT""}, {""bodyOutcome"": ""FAILED"", ""exceptionClass"": ""pt.ulisboa.tecnico.socialsoftware.ms.exception.SimulatorDomainException"", ""exceptionMessage"": ""Aggregate is being used in READ_COURSE saga."", ""faultOrigin"": ""UNASSIGNED_RUNTIME"", ""kind"": ""FORWARD"", ""runtimeStepName"": ""getOldCourseExecutionStep"", ""sourceStepId"": ""pt.ulisboa.tecnico.socialsoftware.quizzes.microservices.execution.coordination.sagas.RemoveStudentFromCourseExecutionFunctionalitySagas::getOldCourseExecutionStep#0"", ""status"": ""FAILED""}, {""bodyOutcome"": ""NOT_APPLICABLE"", ""exceptionClass"": null, ""exceptionMessage"": null, ""faultOrigin"": null, ""kind"": ""COMPENSATION"", ""runtimeStepName"": ""getCourseExecutionStep"", ""sourceStepId"": ""pt.ulisboa.tecnico.socialsoftware.quizzes.microservices.execution.coordination.sagas.AnonymizeStudentFunctionalitySagas::getCourseExecutionStep#0"", ""status"": ""COMPENSATED""}]",4.033627336,"[{""action"": ""setup-action-1"", ""inputs"": [""18fec49934ddcb27d9edcd2454c16b4ca822a7d267ec0617a910a55a1157c5b3"", ""2f2ce8c6f8339b26f06def9cac90a1e5329265d4ccff89a6822ddc401feba8ad"", ""495bfd7b31d5da9ab2b10287c2cb95a74bd2cc4e6d44b471e66eb44cd88f9902""], ""property"": ""aggregateId""}, {""action"": ""setup-action-2"", ""inputs"": [""18fec49934ddcb27d9edcd2454c16b4ca822a7d267ec0617a910a55a1157c5b3"", ""495bfd7b31d5da9ab2b10287c2cb95a74bd2cc4e6d44b471e66eb44cd88f9902""], ""property"": ""aggregateId""}]",True,[],"{""DELETED_DEPENDENCY"": 0, ""FAILED_OPERATION_RESIDUAL"": 0, ""UNRESOLVED_DELIVERED_EVENT"": 0}","{""execution.impact-v2.json"": ""ee611456d15b2cfa9499c5a5c900d5a7811c58080fa468b9c08fc892be2a0057"", ""execution.json"": ""36f2d1c7f3af43190751f7ad6a3c87460e89de6d0f0298f08bc7145f00bd5123"", ""impact-v1.json"": ""946bba8691e43f6458c92a8f34c9a8bebea2f9d2c47eb8121751f2f0e2a83c1e""}"
w06,w06-19,fb7f12a4ae454061c0838421aeff9f16c238b761675faae7b7c1dc398d454b37,01100,794eb8199ee3d535e8630c498b1ad366e0096f900ee6472dab6f7312aca390fa,246cb2f9ffb2a9c2e2a82a9a1ddf2ec8d56e66840297c4f480c3203686015986,1,COMPLETE,0,29.378138625004794,COMPLETE,COMPLETE,0,COMPENSATED,DEVIATED,a8e1fc58-11b3-4bf6-99f8-55d5748c2942,SUCCEEDED,,"[{""bodyOutcome"": ""NOT_RUN"", ""exceptionClass"": null, ""exceptionMessage"": null, ""faultOrigin"": ""ASSIGNED"", ""kind"": ""FORWARD"", ""runtimeStepName"": ""anonymizeStudentStep"", ""sourceStepId"": ""pt.ulisboa.tecnico.socialsoftware.quizzes.microservices.execution.coordination.sagas.AnonymizeStudentFunctionalitySagas::anonymizeStudentStep#0"", ""status"": ""ASSIGNED_FAULT""}, {""bodyOutcome"": ""NOT_RUN"", ""exceptionClass"": null, ""exceptionMessage"": null, ""faultOrigin"": null, ""kind"": ""EVENT_CONSEQUENCE"", ""runtimeStepName"": ""anonymizeStudentStep"", ""sourceStepId"": ""pt.ulisboa.tecnico.socialsoftware.quizzes.microservices.execution.coordination.sagas.AnonymizeStudentFunctionalitySagas::anonymizeStudentStep#0"", ""status"": ""MASKED_BY_TRIGGER_FAULT""}, {""bodyOutcome"": ""NOT_RUN"", ""exceptionClass"": null, ""exceptionMessage"": null, ""faultOrigin"": null, ""kind"": ""EVENT_CONSEQUENCE"", ""runtimeStepName"": ""anonymizeStudentStep"", ""sourceStepId"": ""pt.ulisboa.tecnico.socialsoftware.quizzes.microservices.execution.coordination.sagas.AnonymizeStudentFunctionalitySagas::anonymizeStudentStep#0"", ""status"": ""MASKED_BY_TRIGGER_FAULT""}, {""bodyOutcome"": ""NOT_RUN"", ""exceptionClass"": null, ""exceptionMessage"": null, ""faultOrigin"": ""ASSIGNED"", ""kind"": ""FORWARD"", ""runtimeStepName"": ""getCourseExecutionStep"", ""sourceStepId"": ""pt.ulisboa.tecnico.socialsoftware.quizzes.microservices.execution.coordination.sagas.GetCourseExecutionByIdFunctionalitySagas::getCourseExecutionStep#0"", ""status"": ""ASSIGNED_FAULT""}, {""bodyOutcome"": ""NOT_APPLICABLE"", ""exceptionClass"": null, ""exceptionMessage"": null, ""faultOrigin"": null, ""kind"": ""COMPENSATION"", ""runtimeStepName"": ""getCourseExecutionStep"", ""sourceStepId"": ""pt.ulisboa.tecnico.socialsoftware.quizzes.microservices.execution.coordination.sagas.AnonymizeStudentFunctionalitySagas::getCourseExecutionStep#0"", ""status"": ""COMPENSATED""}, {""bodyOutcome"": ""FAILED"", ""exceptionClass"": ""pt.ulisboa.tecnico.socialsoftware.ms.exception.SimulatorDomainException"", ""exceptionMessage"": ""Aggregate is being used in READ_COURSE saga."", ""faultOrigin"": ""UNASSIGNED_RUNTIME"", ""kind"": ""FORWARD"", ""runtimeStepName"": ""getOldCourseExecutionStep"", ""sourceStepId"": ""pt.ulisboa.tecnico.socialsoftware.quizzes.microservices.execution.coordination.sagas.RemoveStudentFromCourseExecutionFunctionalitySagas::getOldCourseExecutionStep#0"", ""status"": ""FAILED""}]",1.902956584,"[{""action"": ""setup-action-1"", ""inputs"": [""18fec49934ddcb27d9edcd2454c16b4ca822a7d267ec0617a910a55a1157c5b3"", ""2f2ce8c6f8339b26f06def9cac90a1e5329265d4ccff89a6822ddc401feba8ad"", ""495bfd7b31d5da9ab2b10287c2cb95a74bd2cc4e6d44b471e66eb44cd88f9902""], ""property"": ""aggregateId""}, {""action"": ""setup-action-2"", ""inputs"": [""18fec49934ddcb27d9edcd2454c16b4ca822a7d267ec0617a910a55a1157c5b3"", ""495bfd7b31d5da9ab2b10287c2cb95a74bd2cc4e6d44b471e66eb44cd88f9902""], ""property"": ""aggregateId""}]",True,[],"{""DELETED_DEPENDENCY"": 0, ""FAILED_OPERATION_RESIDUAL"": 0, ""UNRESOLVED_DELIVERED_EVENT"": 0}","{""execution.impact-v2.json"": ""4538ad1178633fee0d9b391cfeb99ba69f47ba773d251fa8c8ce5ddbf3917bf2"", ""execution.json"": ""75cd44359cb9fb3f2094e2b0c537ab2c893e4bc8c5b64471454f16a069989df8"", ""impact-v1.json"": ""f3ae64523354bdbcb66a70de48fcbf16743f31cb1cc4e87c25fcca6a09244923""}"
w06,w06-20,20e54d73896c37d4b38c687da3289045e44328fb995d56399f701a00330bea2b,01101,794eb8199ee3d535e8630c498b1ad366e0096f900ee6472dab6f7312aca390fa,b69986b977310111321bdef388dbe781d02a1c5a8bcf5f282d51e3d697b5f98a,1,COMPLETE,0,44.3385859169648,COMPLETE,COMPLETE,0,COMPENSATED,DEVIATED,ba52f4b1-37dc-4e81-9e62-14a99aefe76c,SUCCEEDED,,"[{""bodyOutcome"": ""NOT_RUN"", ""exceptionClass"": null, ""exceptionMessage"": null, ""faultOrigin"": ""ASSIGNED"", ""kind"": ""FORWARD"", ""runtimeStepName"": ""anonymizeStudentStep"", ""sourceStepId"": ""pt.ulisboa.tecnico.socialsoftware.quizzes.microservices.execution.coordination.sagas.AnonymizeStudentFunctionalitySagas::anonymizeStudentStep#0"", ""status"": ""ASSIGNED_FAULT""}, {""bodyOutcome"": ""NOT_RUN"", ""exceptionClass"": null, ""exceptionMessage"": null, ""faultOrigin"": null, ""kind"": ""EVENT_CONSEQUENCE"", ""runtimeStepName"": ""anonymizeStudentStep"", ""sourceStepId"": ""pt.ulisboa.tecnico.socialsoftware.quizzes.microservices.execution.coordination.sagas.AnonymizeStudentFunctionalitySagas::anonymizeStudentStep#0"", ""status"": ""MASKED_BY_TRIGGER_FAULT""}, {""bodyOutcome"": ""NOT_RUN"", ""exceptionClass"": null, ""exceptionMessage"": null, ""faultOrigin"": null, ""kind"": ""EVENT_CONSEQUENCE"", ""runtimeStepName"": ""anonymizeStudentStep"", ""sourceStepId"": ""pt.ulisboa.tecnico.socialsoftware.quizzes.microservices.execution.coordination.sagas.AnonymizeStudentFunctionalitySagas::anonymizeStudentStep#0"", ""status"": ""MASKED_BY_TRIGGER_FAULT""}, {""bodyOutcome"": ""NOT_RUN"", ""exceptionClass"": null, ""exceptionMessage"": null, ""faultOrigin"": ""ASSIGNED"", ""kind"": ""FORWARD"", ""runtimeStepName"": ""getCourseExecutionStep"", ""sourceStepId"": ""pt.ulisboa.tecnico.socialsoftware.quizzes.microservices.execution.coordination.sagas.GetCourseExecutionByIdFunctionalitySagas::getCourseExecutionStep#0"", ""status"": ""ASSIGNED_FAULT""}, {""bodyOutcome"": ""FAILED"", ""exceptionClass"": ""pt.ulisboa.tecnico.socialsoftware.ms.exception.SimulatorDomainException"", ""exceptionMessage"": ""Aggregate is being used in READ_COURSE saga."", ""faultOrigin"": ""UNASSIGNED_RUNTIME"", ""kind"": ""FORWARD"", ""runtimeStepName"": ""getOldCourseExecutionStep"", ""sourceStepId"": ""pt.ulisboa.tecnico.socialsoftware.quizzes.microservices.execution.coordination.sagas.RemoveStudentFromCourseExecutionFunctionalitySagas::getOldCourseExecutionStep#0"", ""status"": ""FAILED""}, {""bodyOutcome"": ""NOT_APPLICABLE"", ""exceptionClass"": null, ""exceptionMessage"": null, ""faultOrigin"": null, ""kind"": ""COMPENSATION"", ""runtimeStepName"": ""getCourseExecutionStep"", ""sourceStepId"": ""pt.ulisboa.tecnico.socialsoftware.quizzes.microservices.execution.coordination.sagas.AnonymizeStudentFunctionalitySagas::getCourseExecutionStep#0"", ""status"": ""COMPENSATED""}]",1.595119667,"[{""action"": ""setup-action-1"", ""inputs"": [""18fec49934ddcb27d9edcd2454c16b4ca822a7d267ec0617a910a55a1157c5b3"", ""2f2ce8c6f8339b26f06def9cac90a1e5329265d4ccff89a6822ddc401feba8ad"", ""495bfd7b31d5da9ab2b10287c2cb95a74bd2cc4e6d44b471e66eb44cd88f9902""], ""property"": ""aggregateId""}, {""action"": ""setup-action-2"", ""inputs"": [""18fec49934ddcb27d9edcd2454c16b4ca822a7d267ec0617a910a55a1157c5b3"", ""495bfd7b31d5da9ab2b10287c2cb95a74bd2cc4e6d44b471e66eb44cd88f9902""], ""property"": ""aggregateId""}]",True,[],"{""DELETED_DEPENDENCY"": 0, ""FAILED_OPERATION_RESIDUAL"": 0, ""UNRESOLVED_DELIVERED_EVENT"": 0}","{""execution.impact-v2.json"": ""2edc05b04c4fe7a493a5c36decce34d83f5b4854ffb443879e918ca1120a31bb"", ""execution.json"": ""91a993acd8204abec976c5b6a6fea8b646a46914b11a1fca7d4820b9a5e29bf8"", ""impact-v1.json"": ""e43dc85e762cc67f11cef1e8727cfad5cc8a8906e0108249719c260a2f9625d9""}"
w06,w06-21,a6aabd4721ad5da75017711b9806ceb0e72f12663b9a78909f6ae577d9a3d573,01101,794eb8199ee3d535e8630c498b1ad366e0096f900ee6472dab6f7312aca390fa,f9ad2774fda8b833a0755689d09c3fbc9601363a2daef22b741fc1d5a7e3d45e,1,COMPLETE,0,45.76100449997466,COMPLETE,COMPLETE,0,COMPENSATED,DEVIATED,e8caf763-7276-4fb0-9e2c-899aa329d250,SUCCEEDED,,"[{""bodyOutcome"": ""NOT_RUN"", ""exceptionClass"": null, ""exceptionMessage"": null, ""faultOrigin"": ""ASSIGNED"", ""kind"": ""FORWARD"", ""runtimeStepName"": ""anonymizeStudentStep"", ""sourceStepId"": ""pt.ulisboa.tecnico.socialsoftware.quizzes.microservices.execution.coordination.sagas.AnonymizeStudentFunctionalitySagas::anonymizeStudentStep#0"", ""status"": ""ASSIGNED_FAULT""}, {""bodyOutcome"": ""NOT_RUN"", ""exceptionClass"": null, ""exceptionMessage"": null, ""faultOrigin"": null, ""kind"": ""EVENT_CONSEQUENCE"", ""runtimeStepName"": ""anonymizeStudentStep"", ""sourceStepId"": ""pt.ulisboa.tecnico.socialsoftware.quizzes.microservices.execution.coordination.sagas.AnonymizeStudentFunctionalitySagas::anonymizeStudentStep#0"", ""status"": ""MASKED_BY_TRIGGER_FAULT""}, {""bodyOutcome"": ""NOT_RUN"", ""exceptionClass"": null, ""exceptionMessage"": null, ""faultOrigin"": null, ""kind"": ""EVENT_CONSEQUENCE"", ""runtimeStepName"": ""anonymizeStudentStep"", ""sourceStepId"": ""pt.ulisboa.tecnico.socialsoftware.quizzes.microservices.execution.coordination.sagas.AnonymizeStudentFunctionalitySagas::anonymizeStudentStep#0"", ""status"": ""MASKED_BY_TRIGGER_FAULT""}, {""bodyOutcome"": ""NOT_RUN"", ""exceptionClass"": null, ""exceptionMessage"": null, ""faultOrigin"": ""ASSIGNED"", ""kind"": ""FORWARD"", ""runtimeStepName"": ""getCourseExecutionStep"", ""sourceStepId"": ""pt.ulisboa.tecnico.socialsoftware.quizzes.microservices.execution.coordination.sagas.GetCourseExecutionByIdFunctionalitySagas::getCourseExecutionStep#0"", ""status"": ""ASSIGNED_FAULT""}, {""bodyOutcome"": ""NOT_APPLICABLE"", ""exceptionClass"": null, ""exceptionMessage"": null, ""faultOrigin"": null, ""kind"": ""COMPENSATION"", ""runtimeStepName"": ""getCourseExecutionStep"", ""sourceStepId"": ""pt.ulisboa.tecnico.socialsoftware.quizzes.microservices.execution.coordination.sagas.AnonymizeStudentFunctionalitySagas::getCourseExecutionStep#0"", ""status"": ""COMPENSATED""}, {""bodyOutcome"": ""FAILED"", ""exceptionClass"": ""pt.ulisboa.tecnico.socialsoftware.ms.exception.SimulatorDomainException"", ""exceptionMessage"": ""Aggregate is being used in READ_COURSE saga."", ""faultOrigin"": ""UNASSIGNED_RUNTIME"", ""kind"": ""FORWARD"", ""runtimeStepName"": ""getOldCourseExecutionStep"", ""sourceStepId"": ""pt.ulisboa.tecnico.socialsoftware.quizzes.microservices.execution.coordination.sagas.RemoveStudentFromCourseExecutionFunctionalitySagas::getOldCourseExecutionStep#0"", ""status"": ""FAILED""}]",1.280582334,"[{""action"": ""setup-action-1"", ""inputs"": [""18fec49934ddcb27d9edcd2454c16b4ca822a7d267ec0617a910a55a1157c5b3"", ""2f2ce8c6f8339b26f06def9cac90a1e5329265d4ccff89a6822ddc401feba8ad"", ""495bfd7b31d5da9ab2b10287c2cb95a74bd2cc4e6d44b471e66eb44cd88f9902""], ""property"": ""aggregateId""}, {""action"": ""setup-action-2"", ""inputs"": [""18fec49934ddcb27d9edcd2454c16b4ca822a7d267ec0617a910a55a1157c5b3"", ""495bfd7b31d5da9ab2b10287c2cb95a74bd2cc4e6d44b471e66eb44cd88f9902""], ""property"": ""aggregateId""}]",True,[],"{""DELETED_DEPENDENCY"": 0, ""FAILED_OPERATION_RESIDUAL"": 0, ""UNRESOLVED_DELIVERED_EVENT"": 0}","{""execution.impact-v2.json"": ""eb325c378ad3ca1a7fbabe5aba55922d81ffa32105a1f2845a512728a9b2250f"", ""execution.json"": ""15c3e4a1c9e1af61669e2083ff29df228a58ee15549f1cc92525a741bda6b162"", ""impact-v1.json"": ""ce113be749b3a12653e65636ed1737dcc134c6eac2e1348dbf2e901ac66e8716""}"
w06,w06-22,c6901791b96e5223dbe4e5459517813ecaf362b95235fea561aa4861962df2e3,01101,794eb8199ee3d535e8630c498b1ad366e0096f900ee6472dab6f7312aca390fa,a3dce3456204b1c882493419e8d9556c21f8e78322b27ab235bf60b2d48ff716,1,COMPLETE,0,41.638686541002244,COMPLETE,COMPLETE,0,COMPENSATED,DEVIATED,a6bb6e90-1b90-441b-a628-d59c052f0f6f,SUCCEEDED,,"[{""bodyOutcome"": ""NOT_RUN"", ""exceptionClass"": null, ""exceptionMessage"": null, ""faultOrigin"": ""ASSIGNED"", ""kind"": ""FORWARD"", ""runtimeStepName"": ""anonymizeStudentStep"", ""sourceStepId"": ""pt.ulisboa.tecnico.socialsoftware.quizzes.microservices.execution.coordination.sagas.AnonymizeStudentFunctionalitySagas::anonymizeStudentStep#0"", ""status"": ""ASSIGNED_FAULT""}, {""bodyOutcome"": ""NOT_RUN"", ""exceptionClass"": null, ""exceptionMessage"": null, ""faultOrigin"": null, ""kind"": ""EVENT_CONSEQUENCE"", ""runtimeStepName"": ""anonymizeStudentStep"", ""sourceStepId"": ""pt.ulisboa.tecnico.socialsoftware.quizzes.microservices.execution.coordination.sagas.AnonymizeStudentFunctionalitySagas::anonymizeStudentStep#0"", ""status"": ""MASKED_BY_TRIGGER_FAULT""}, {""bodyOutcome"": ""NOT_RUN"", ""exceptionClass"": null, ""exceptionMessage"": null, ""faultOrigin"": null, ""kind"": ""EVENT_CONSEQUENCE"", ""runtimeStepName"": ""anonymizeStudentStep"", ""sourceStepId"": ""pt.ulisboa.tecnico.socialsoftware.quizzes.microservices.execution.coordination.sagas.AnonymizeStudentFunctionalitySagas::anonymizeStudentStep#0"", ""status"": ""MASKED_BY_TRIGGER_FAULT""}, {""bodyOutcome"": ""NOT_RUN"", ""exceptionClass"": null, ""exceptionMessage"": null, ""faultOrigin"": ""ASSIGNED"", ""kind"": ""FORWARD"", ""runtimeStepName"": ""getCourseExecutionStep"", ""sourceStepId"": ""pt.ulisboa.tecnico.socialsoftware.quizzes.microservices.execution.coordination.sagas.GetCourseExecutionByIdFunctionalitySagas::getCourseExecutionStep#0"", ""status"": ""ASSIGNED_FAULT""}, {""bodyOutcome"": ""FAILED"", ""exceptionClass"": ""pt.ulisboa.tecnico.socialsoftware.ms.exception.SimulatorDomainException"", ""exceptionMessage"": ""Aggregate is being used in READ_COURSE saga."", ""faultOrigin"": ""UNASSIGNED_RUNTIME"", ""kind"": ""FORWARD"", ""runtimeStepName"": ""getOldCourseExecutionStep"", ""sourceStepId"": ""pt.ulisboa.tecnico.socialsoftware.quizzes.microservices.execution.coordination.sagas.RemoveStudentFromCourseExecutionFunctionalitySagas::getOldCourseExecutionStep#0"", ""status"": ""FAILED""}, {""bodyOutcome"": ""NOT_APPLICABLE"", ""exceptionClass"": null, ""exceptionMessage"": null, ""faultOrigin"": null, ""kind"": ""COMPENSATION"", ""runtimeStepName"": ""getCourseExecutionStep"", ""sourceStepId"": ""pt.ulisboa.tecnico.socialsoftware.quizzes.microservices.execution.coordination.sagas.AnonymizeStudentFunctionalitySagas::getCourseExecutionStep#0"", ""status"": ""COMPENSATED""}]",0.889117959,"[{""action"": ""setup-action-1"", ""inputs"": [""18fec49934ddcb27d9edcd2454c16b4ca822a7d267ec0617a910a55a1157c5b3"", ""2f2ce8c6f8339b26f06def9cac90a1e5329265d4ccff89a6822ddc401feba8ad"", ""495bfd7b31d5da9ab2b10287c2cb95a74bd2cc4e6d44b471e66eb44cd88f9902""], ""property"": ""aggregateId""}, {""action"": ""setup-action-2"", ""inputs"": [""18fec49934ddcb27d9edcd2454c16b4ca822a7d267ec0617a910a55a1157c5b3"", ""495bfd7b31d5da9ab2b10287c2cb95a74bd2cc4e6d44b471e66eb44cd88f9902""], ""property"": ""aggregateId""}]",True,[],"{""DELETED_DEPENDENCY"": 0, ""FAILED_OPERATION_RESIDUAL"": 0, ""UNRESOLVED_DELIVERED_EVENT"": 0}","{""execution.impact-v2.json"": ""47057fb1fc3a3dfb1d1ed0760ede112643fe4aa390a55be5472aaa3bb30feece"", ""execution.json"": ""f092ef9a72cfaade0aa213612391db0ffb20d6bf0211a7ee439d8062b718b6a1"", ""impact-v1.json"": ""cf892d1dd829d0cb6a77a7b9555d504502dfea58eebcd7f782544158df8a5c27""}"
w06,w06-23,1e8a9120a42fd988cddfbb3bb86fd3ae4c43216eb561c2fc5c1ed241dea6d468,01110,794eb8199ee3d535e8630c498b1ad366e0096f900ee6472dab6f7312aca390fa,cc1baf8415011c5f5e484b5d9e883c6b3f85268f2362428be870b18df9f30824,1,COMPLETE,0,39.664336290967185,COMPLETE,COMPLETE,0,COMPENSATED,EXACT,56ae9f43-dd35-49a4-8bd7-9cd2f41aaa19,SUCCEEDED,,"[{""bodyOutcome"": ""NOT_RUN"", ""exceptionClass"": null, ""exceptionMessage"": null, ""faultOrigin"": ""ASSIGNED"", ""kind"": ""FORWARD"", ""runtimeStepName"": ""anonymizeStudentStep"", ""sourceStepId"": ""pt.ulisboa.tecnico.socialsoftware.quizzes.microservices.execution.coordination.sagas.AnonymizeStudentFunctionalitySagas::anonymizeStudentStep#0"", ""status"": ""ASSIGNED_FAULT""}, {""bodyOutcome"": ""NOT_RUN"", ""exceptionClass"": null, ""exceptionMessage"": null, ""faultOrigin"": null, ""kind"": ""EVENT_CONSEQUENCE"", ""runtimeStepName"": ""anonymizeStudentStep"", ""sourceStepId"": ""pt.ulisboa.tecnico.socialsoftware.quizzes.microservices.execution.coordination.sagas.AnonymizeStudentFunctionalitySagas::anonymizeStudentStep#0"", ""status"": ""MASKED_BY_TRIGGER_FAULT""}, {""bodyOutcome"": ""NOT_RUN"", ""exceptionClass"": null, ""exceptionMessage"": null, ""faultOrigin"": null, ""kind"": ""EVENT_CONSEQUENCE"", ""runtimeStepName"": ""anonymizeStudentStep"", ""sourceStepId"": ""pt.ulisboa.tecnico.socialsoftware.quizzes.microservices.execution.coordination.sagas.AnonymizeStudentFunctionalitySagas::anonymizeStudentStep#0"", ""status"": ""MASKED_BY_TRIGGER_FAULT""}, {""bodyOutcome"": ""NOT_RUN"", ""exceptionClass"": null, ""exceptionMessage"": null, ""faultOrigin"": ""ASSIGNED"", ""kind"": ""FORWARD"", ""runtimeStepName"": ""getCourseExecutionStep"", ""sourceStepId"": ""pt.ulisboa.tecnico.socialsoftware.quizzes.microservices.execution.coordination.sagas.GetCourseExecutionByIdFunctionalitySagas::getCourseExecutionStep#0"", ""status"": ""ASSIGNED_FAULT""}, {""bodyOutcome"": ""NOT_RUN"", ""exceptionClass"": null, ""exceptionMessage"": null, ""faultOrigin"": ""ASSIGNED"", ""kind"": ""FORWARD"", ""runtimeStepName"": ""getOldCourseExecutionStep"", ""sourceStepId"": ""pt.ulisboa.tecnico.socialsoftware.quizzes.microservices.execution.coordination.sagas.RemoveStudentFromCourseExecutionFunctionalitySagas::getOldCourseExecutionStep#0"", ""status"": ""ASSIGNED_FAULT""}, {""bodyOutcome"": ""NOT_APPLICABLE"", ""exceptionClass"": null, ""exceptionMessage"": null, ""faultOrigin"": null, ""kind"": ""COMPENSATION"", ""runtimeStepName"": ""getCourseExecutionStep"", ""sourceStepId"": ""pt.ulisboa.tecnico.socialsoftware.quizzes.microservices.execution.coordination.sagas.AnonymizeStudentFunctionalitySagas::getCourseExecutionStep#0"", ""status"": ""COMPENSATED""}]",1.891370668,"[{""action"": ""setup-action-1"", ""inputs"": [""18fec49934ddcb27d9edcd2454c16b4ca822a7d267ec0617a910a55a1157c5b3"", ""2f2ce8c6f8339b26f06def9cac90a1e5329265d4ccff89a6822ddc401feba8ad"", ""495bfd7b31d5da9ab2b10287c2cb95a74bd2cc4e6d44b471e66eb44cd88f9902""], ""property"": ""aggregateId""}, {""action"": ""setup-action-2"", ""inputs"": [""18fec49934ddcb27d9edcd2454c16b4ca822a7d267ec0617a910a55a1157c5b3"", ""495bfd7b31d5da9ab2b10287c2cb95a74bd2cc4e6d44b471e66eb44cd88f9902""], ""property"": ""aggregateId""}]",True,[],"{""DELETED_DEPENDENCY"": 0, ""FAILED_OPERATION_RESIDUAL"": 0, ""UNRESOLVED_DELIVERED_EVENT"": 0}","{""execution.impact-v2.json"": ""56f1b262b5fd53e84c486f1595d06d301a0ff89693f3723bdf16272429a0f0c5"", ""execution.json"": ""aa2919820f5aeb3a1e405b2a3223558d7de553f934931b5b71b622084487e7e1"", ""impact-v1.json"": ""44776441ec9ca037461150c5d8d4450c75f6501c87f03b172c250f925bda4863""}"
w06,w06-24,8f6d977a41ad5db11489d39383583f3ad578ec7368ee3d557cfa3249000fd9e8,01110,794eb8199ee3d535e8630c498b1ad366e0096f900ee6472dab6f7312aca390fa,3c58031c6e05992bea144b3bcc2e32c7e22a686c73fa734ef0a0501235d904ef,1,COMPLETE,0,38.82331858301768,COMPLETE,COMPLETE,0,COMPENSATED,EXACT,8e34d31b-325e-4162-8531-1d6160abaada,SUCCEEDED,,"[{""bodyOutcome"": ""NOT_RUN"", ""exceptionClass"": null, ""exceptionMessage"": null, ""faultOrigin"": ""ASSIGNED"", ""kind"": ""FORWARD"", ""runtimeStepName"": ""anonymizeStudentStep"", ""sourceStepId"": ""pt.ulisboa.tecnico.socialsoftware.quizzes.microservices.execution.coordination.sagas.AnonymizeStudentFunctionalitySagas::anonymizeStudentStep#0"", ""status"": ""ASSIGNED_FAULT""}, {""bodyOutcome"": ""NOT_RUN"", ""exceptionClass"": null, ""exceptionMessage"": null, ""faultOrigin"": null, ""kind"": ""EVENT_CONSEQUENCE"", ""runtimeStepName"": ""anonymizeStudentStep"", ""sourceStepId"": ""pt.ulisboa.tecnico.socialsoftware.quizzes.microservices.execution.coordination.sagas.AnonymizeStudentFunctionalitySagas::anonymizeStudentStep#0"", ""status"": ""MASKED_BY_TRIGGER_FAULT""}, {""bodyOutcome"": ""NOT_RUN"", ""exceptionClass"": null, ""exceptionMessage"": null, ""faultOrigin"": null, ""kind"": ""EVENT_CONSEQUENCE"", ""runtimeStepName"": ""anonymizeStudentStep"", ""sourceStepId"": ""pt.ulisboa.tecnico.socialsoftware.quizzes.microservices.execution.coordination.sagas.AnonymizeStudentFunctionalitySagas::anonymizeStudentStep#0"", ""status"": ""MASKED_BY_TRIGGER_FAULT""}, {""bodyOutcome"": ""NOT_RUN"", ""exceptionClass"": null, ""exceptionMessage"": null, ""faultOrigin"": ""ASSIGNED"", ""kind"": ""FORWARD"", ""runtimeStepName"": ""getCourseExecutionStep"", ""sourceStepId"": ""pt.ulisboa.tecnico.socialsoftware.quizzes.microservices.execution.coordination.sagas.GetCourseExecutionByIdFunctionalitySagas::getCourseExecutionStep#0"", ""status"": ""ASSIGNED_FAULT""}, {""bodyOutcome"": ""NOT_APPLICABLE"", ""exceptionClass"": null, ""exceptionMessage"": null, ""faultOrigin"": null, ""kind"": ""COMPENSATION"", ""runtimeStepName"": ""getCourseExecutionStep"", ""sourceStepId"": ""pt.ulisboa.tecnico.socialsoftware.quizzes.microservices.execution.coordination.sagas.AnonymizeStudentFunctionalitySagas::getCourseExecutionStep#0"", ""status"": ""COMPENSATED""}, {""bodyOutcome"": ""NOT_RUN"", ""exceptionClass"": null, ""exceptionMessage"": null, ""faultOrigin"": ""ASSIGNED"", ""kind"": ""FORWARD"", ""runtimeStepName"": ""getOldCourseExecutionStep"", ""sourceStepId"": ""pt.ulisboa.tecnico.socialsoftware.quizzes.microservices.execution.coordination.sagas.RemoveStudentFromCourseExecutionFunctionalitySagas::getOldCourseExecutionStep#0"", ""status"": ""ASSIGNED_FAULT""}]",1.477708834,"[{""action"": ""setup-action-1"", ""inputs"": [""18fec49934ddcb27d9edcd2454c16b4ca822a7d267ec0617a910a55a1157c5b3"", ""2f2ce8c6f8339b26f06def9cac90a1e5329265d4ccff89a6822ddc401feba8ad"", ""495bfd7b31d5da9ab2b10287c2cb95a74bd2cc4e6d44b471e66eb44cd88f9902""], ""property"": ""aggregateId""}, {""action"": ""setup-action-2"", ""inputs"": [""18fec49934ddcb27d9edcd2454c16b4ca822a7d267ec0617a910a55a1157c5b3"", ""495bfd7b31d5da9ab2b10287c2cb95a74bd2cc4e6d44b471e66eb44cd88f9902""], ""property"": ""aggregateId""}]",True,[],"{""DELETED_DEPENDENCY"": 0, ""FAILED_OPERATION_RESIDUAL"": 0, ""UNRESOLVED_DELIVERED_EVENT"": 0}","{""execution.impact-v2.json"": ""ceaa3ed001d358017a765f76b86c0a896714476f89bf8baf3572dbfc9d26baa1"", ""execution.json"": ""1d9d0015e941c8a4a65e69e54dc29def48a5b71add689b9b34f7b2700a5ccfd6"", ""impact-v1.json"": ""9a8b27dccc22a65c327e0bca50ecaa894066229e37af4f250337c95ff20e867b""}"
w06,w06-25,eb8f60bf3561344f69290b3bfd340cd50d6c245a63f1cb182ea87df248f0b08b,01110,794eb8199ee3d535e8630c498b1ad366e0096f900ee6472dab6f7312aca390fa,38e1771d2a23ebfbea3d9bf908d6879a54cfcb92fcfa322f651b82f06453507e,1,COMPLETE,0,34.96637420903426,COMPLETE,COMPLETE,0,COMPENSATED,EXACT,7d74e5df-7e61-42aa-b72c-86f015d3e1e3,SUCCEEDED,,"[{""bodyOutcome"": ""NOT_RUN"", ""exceptionClass"": null, ""exceptionMessage"": null, ""faultOrigin"": ""ASSIGNED"", ""kind"": ""FORWARD"", ""runtimeStepName"": ""anonymizeStudentStep"", ""sourceStepId"": ""pt.ulisboa.tecnico.socialsoftware.quizzes.microservices.execution.coordination.sagas.AnonymizeStudentFunctionalitySagas::anonymizeStudentStep#0"", ""status"": ""ASSIGNED_FAULT""}, {""bodyOutcome"": ""NOT_RUN"", ""exceptionClass"": null, ""exceptionMessage"": null, ""faultOrigin"": null, ""kind"": ""EVENT_CONSEQUENCE"", ""runtimeStepName"": ""anonymizeStudentStep"", ""sourceStepId"": ""pt.ulisboa.tecnico.socialsoftware.quizzes.microservices.execution.coordination.sagas.AnonymizeStudentFunctionalitySagas::anonymizeStudentStep#0"", ""status"": ""MASKED_BY_TRIGGER_FAULT""}, {""bodyOutcome"": ""NOT_RUN"", ""exceptionClass"": null, ""exceptionMessage"": null, ""faultOrigin"": null, ""kind"": ""EVENT_CONSEQUENCE"", ""runtimeStepName"": ""anonymizeStudentStep"", ""sourceStepId"": ""pt.ulisboa.tecnico.socialsoftware.quizzes.microservices.execution.coordination.sagas.AnonymizeStudentFunctionalitySagas::anonymizeStudentStep#0"", ""status"": ""MASKED_BY_TRIGGER_FAULT""}, {""bodyOutcome"": ""NOT_APPLICABLE"", ""exceptionClass"": null, ""exceptionMessage"": null, ""faultOrigin"": null, ""kind"": ""COMPENSATION"", ""runtimeStepName"": ""getCourseExecutionStep"", ""sourceStepId"": ""pt.ulisboa.tecnico.socialsoftware.quizzes.microservices.execution.coordination.sagas.AnonymizeStudentFunctionalitySagas::getCourseExecutionStep#0"", ""status"": ""COMPENSATED""}, {""bodyOutcome"": ""NOT_RUN"", ""exceptionClass"": null, ""exceptionMessage"": null, ""faultOrigin"": ""ASSIGNED"", ""kind"": ""FORWARD"", ""runtimeStepName"": ""getCourseExecutionStep"", ""sourceStepId"": ""pt.ulisboa.tecnico.socialsoftware.quizzes.microservices.execution.coordination.sagas.GetCourseExecutionByIdFunctionalitySagas::getCourseExecutionStep#0"", ""status"": ""ASSIGNED_FAULT""}, {""bodyOutcome"": ""NOT_RUN"", ""exceptionClass"": null, ""exceptionMessage"": null, ""faultOrigin"": ""ASSIGNED"", ""kind"": ""FORWARD"", ""runtimeStepName"": ""getOldCourseExecutionStep"", ""sourceStepId"": ""pt.ulisboa.tecnico.socialsoftware.quizzes.microservices.execution.coordination.sagas.RemoveStudentFromCourseExecutionFunctionalitySagas::getOldCourseExecutionStep#0"", ""status"": ""ASSIGNED_FAULT""}]",1.011802459,"[{""action"": ""setup-action-1"", ""inputs"": [""18fec49934ddcb27d9edcd2454c16b4ca822a7d267ec0617a910a55a1157c5b3"", ""2f2ce8c6f8339b26f06def9cac90a1e5329265d4ccff89a6822ddc401feba8ad"", ""495bfd7b31d5da9ab2b10287c2cb95a74bd2cc4e6d44b471e66eb44cd88f9902""], ""property"": ""aggregateId""}, {""action"": ""setup-action-2"", ""inputs"": [""18fec49934ddcb27d9edcd2454c16b4ca822a7d267ec0617a910a55a1157c5b3"", ""495bfd7b31d5da9ab2b10287c2cb95a74bd2cc4e6d44b471e66eb44cd88f9902""], ""property"": ""aggregateId""}]",True,[],"{""DELETED_DEPENDENCY"": 0, ""FAILED_OPERATION_RESIDUAL"": 0, ""UNRESOLVED_DELIVERED_EVENT"": 0}","{""execution.impact-v2.json"": ""bc29531ddefffd0c22b28de04491c035c8a90f1cce3a0b31892ea482d9b80328"", ""execution.json"": ""73cf023c58870eec35e592703ea1a0f48339d8e132d873ecaf518fd6df6b5018"", ""impact-v1.json"": ""b97ba47b9599149f9ab65153edcc7383ab58245e92b641f9be06a4edbf3f4340""}"
w06,w06-26,60a4886980603e8f98b0949732162d1f608addf4268a70897ca0bfc666041215,10000,794eb8199ee3d535e8630c498b1ad366e0096f900ee6472dab6f7312aca390fa,0a577acff41ccc90937d5f7505b6411e441f996b0473d13033116acbba1bdd1b,1,COMPLETE,0,37.17544675001409,COMPLETE,COMPLETE,0,PARTIAL_COMPENSATED,EXACT,835b4a0a-f72d-4b3b-9b93-d77af5b5c00e,SUCCEEDED,,"[{""bodyOutcome"": ""NOT_RUN"", ""exceptionClass"": null, ""exceptionMessage"": null, ""faultOrigin"": ""ASSIGNED"", ""kind"": ""FORWARD"", ""runtimeStepName"": ""getCourseExecutionStep"", ""sourceStepId"": ""pt.ulisboa.tecnico.socialsoftware.quizzes.microservices.execution.coordination.sagas.AnonymizeStudentFunctionalitySagas::getCourseExecutionStep#0"", ""status"": ""ASSIGNED_FAULT""}, {""bodyOutcome"": ""NOT_RUN"", ""exceptionClass"": null, ""exceptionMessage"": null, ""faultOrigin"": null, ""kind"": ""EVENT_CONSEQUENCE"", ""runtimeStepName"": ""anonymizeStudentStep"", ""sourceStepId"": ""pt.ulisboa.tecnico.socialsoftware.quizzes.microservices.execution.coordination.sagas.AnonymizeStudentFunctionalitySagas::anonymizeStudentStep#0"", ""status"": ""MASKED_BY_TRIGGER_NOT_REACHED""}, {""bodyOutcome"": ""NOT_RUN"", ""exceptionClass"": null, ""exceptionMessage"": null, ""faultOrigin"": null, ""kind"": ""EVENT_CONSEQUENCE"", ""runtimeStepName"": ""anonymizeStudentStep"", ""sourceStepId"": ""pt.ulisboa.tecnico.socialsoftware.quizzes.microservices.execution.coordination.sagas.AnonymizeStudentFunctionalitySagas::anonymizeStudentStep#0"", ""status"": ""MASKED_BY_TRIGGER_NOT_REACHED""}]",1.548189167,"[{""action"": ""setup-action-1"", ""inputs"": [""18fec49934ddcb27d9edcd2454c16b4ca822a7d267ec0617a910a55a1157c5b3"", ""2f2ce8c6f8339b26f06def9cac90a1e5329265d4ccff89a6822ddc401feba8ad"", ""495bfd7b31d5da9ab2b10287c2cb95a74bd2cc4e6d44b471e66eb44cd88f9902""], ""property"": ""aggregateId""}, {""action"": ""setup-action-2"", ""inputs"": [""18fec49934ddcb27d9edcd2454c16b4ca822a7d267ec0617a910a55a1157c5b3"", ""495bfd7b31d5da9ab2b10287c2cb95a74bd2cc4e6d44b471e66eb44cd88f9902""], ""property"": ""aggregateId""}]",True,[],"{""DELETED_DEPENDENCY"": 0, ""FAILED_OPERATION_RESIDUAL"": 0, ""UNRESOLVED_DELIVERED_EVENT"": 0}","{""execution.impact-v2.json"": ""dba0597e6e24d48cc379682db97a8613d0256bb09f56c660d465624796cc6b4d"", ""execution.json"": ""f36801d6463cc16b45915b4c04c46332737366ce03a3406be04aaa09306e204c"", ""impact-v1.json"": ""c8651d318977d030fce528e6bee7898ef7f384212b8c7ec1ab7a0bced9107903""}"
w06,w06-27,d448e9ba4cccb3cf3045873f651d4501df6ebaad2b676e15cddf068159ade340,10000,794eb8199ee3d535e8630c498b1ad366e0096f900ee6472dab6f7312aca390fa,0a577acff41ccc90937d5f7505b6411e441f996b0473d13033116acbba1bdd1b,1,COMPLETE,0,33.679657624976244,COMPLETE,COMPLETE,0,PARTIAL_COMPENSATED,EXACT,adbd2b62-8521-4e41-a2b7-339df07bb8a9,SUCCEEDED,,"[{""bodyOutcome"": ""NOT_RUN"", ""exceptionClass"": null, ""exceptionMessage"": null, ""faultOrigin"": ""ASSIGNED"", ""kind"": ""FORWARD"", ""runtimeStepName"": ""getCourseExecutionStep"", ""sourceStepId"": ""pt.ulisboa.tecnico.socialsoftware.quizzes.microservices.execution.coordination.sagas.AnonymizeStudentFunctionalitySagas::getCourseExecutionStep#0"", ""status"": ""ASSIGNED_FAULT""}, {""bodyOutcome"": ""NOT_RUN"", ""exceptionClass"": null, ""exceptionMessage"": null, ""faultOrigin"": null, ""kind"": ""EVENT_CONSEQUENCE"", ""runtimeStepName"": ""anonymizeStudentStep"", ""sourceStepId"": ""pt.ulisboa.tecnico.socialsoftware.quizzes.microservices.execution.coordination.sagas.AnonymizeStudentFunctionalitySagas::anonymizeStudentStep#0"", ""status"": ""MASKED_BY_TRIGGER_NOT_REACHED""}, {""bodyOutcome"": ""NOT_RUN"", ""exceptionClass"": null, ""exceptionMessage"": null, ""faultOrigin"": null, ""kind"": ""EVENT_CONSEQUENCE"", ""runtimeStepName"": ""anonymizeStudentStep"", ""sourceStepId"": ""pt.ulisboa.tecnico.socialsoftware.quizzes.microservices.execution.coordination.sagas.AnonymizeStudentFunctionalitySagas::anonymizeStudentStep#0"", ""status"": ""MASKED_BY_TRIGGER_NOT_REACHED""}]",0.972245834,"[{""action"": ""setup-action-1"", ""inputs"": [""18fec49934ddcb27d9edcd2454c16b4ca822a7d267ec0617a910a55a1157c5b3"", ""2f2ce8c6f8339b26f06def9cac90a1e5329265d4ccff89a6822ddc401feba8ad"", ""495bfd7b31d5da9ab2b10287c2cb95a74bd2cc4e6d44b471e66eb44cd88f9902""], ""property"": ""aggregateId""}, {""action"": ""setup-action-2"", ""inputs"": [""18fec49934ddcb27d9edcd2454c16b4ca822a7d267ec0617a910a55a1157c5b3"", ""495bfd7b31d5da9ab2b10287c2cb95a74bd2cc4e6d44b471e66eb44cd88f9902""], ""property"": ""aggregateId""}]",True,[],"{""DELETED_DEPENDENCY"": 0, ""FAILED_OPERATION_RESIDUAL"": 0, ""UNRESOLVED_DELIVERED_EVENT"": 0}","{""execution.impact-v2.json"": ""5925babf0ff2282982a1845219ecce09ff566e4ee33653170093da1041607dc6"", ""execution.json"": ""d2360b00cfc76548e38553c30ef1dd067f6c37c386735d4246728e46d81395a7"", ""impact-v1.json"": ""d078aff2646199273bae3e45a93a485614efbfc0e041853ff3a7aa0860a3df3a""}"
w06,w06-28,d48f8229b5eaf77931aae99758c8abeb8966f048694d8786cf1976be5c4feee6,10001,794eb8199ee3d535e8630c498b1ad366e0096f900ee6472dab6f7312aca390fa,55b4e0e593951afa55ed72bebeca2ad44840ccc95879b0f9432a9f57cbfd95f8,1,COMPLETE,0,34.88972704199841,COMPLETE,COMPLETE,0,PARTIAL_COMPENSATED,EXACT,a0988978-4af5-4aa0-b2ff-4598bfe6ecea,SUCCEEDED,,"[{""bodyOutcome"": ""NOT_RUN"", ""exceptionClass"": null, ""exceptionMessage"": null, ""faultOrigin"": ""ASSIGNED"", ""kind"": ""FORWARD"", ""runtimeStepName"": ""getCourseExecutionStep"", ""sourceStepId"": ""pt.ulisboa.tecnico.socialsoftware.quizzes.microservices.execution.coordination.sagas.AnonymizeStudentFunctionalitySagas::getCourseExecutionStep#0"", ""status"": ""ASSIGNED_FAULT""}, {""bodyOutcome"": ""NOT_RUN"", ""exceptionClass"": null, ""exceptionMessage"": null, ""faultOrigin"": null, ""kind"": ""EVENT_CONSEQUENCE"", ""runtimeStepName"": ""anonymizeStudentStep"", ""sourceStepId"": ""pt.ulisboa.tecnico.socialsoftware.quizzes.microservices.execution.coordination.sagas.AnonymizeStudentFunctionalitySagas::anonymizeStudentStep#0"", ""status"": ""MASKED_BY_TRIGGER_NOT_REACHED""}, {""bodyOutcome"": ""NOT_RUN"", ""exceptionClass"": null, ""exceptionMessage"": null, ""faultOrigin"": null, ""kind"": ""EVENT_CONSEQUENCE"", ""runtimeStepName"": ""anonymizeStudentStep"", ""sourceStepId"": ""pt.ulisboa.tecnico.socialsoftware.quizzes.microservices.execution.coordination.sagas.AnonymizeStudentFunctionalitySagas::anonymizeStudentStep#0"", ""status"": ""MASKED_BY_TRIGGER_NOT_REACHED""}, {""bodyOutcome"": ""NOT_RUN"", ""exceptionClass"": null, ""exceptionMessage"": null, ""faultOrigin"": ""ASSIGNED"", ""kind"": ""FORWARD"", ""runtimeStepName"": ""removeStudentStep"", ""sourceStepId"": ""pt.ulisboa.tecnico.socialsoftware.quizzes.microservices.execution.coordination.sagas.RemoveStudentFromCourseExecutionFunctionalitySagas::removeStudentStep#0"", ""status"": ""ASSIGNED_FAULT""}, {""bodyOutcome"": ""NOT_APPLICABLE"", ""exceptionClass"": null, ""exceptionMessage"": null, ""faultOrigin"": null, ""kind"": ""COMPENSATION"", ""runtimeStepName"": ""getOldCourseExecutionStep"", ""sourceStepId"": ""pt.ulisboa.tecnico.socialsoftware.quizzes.microservices.execution.coordination.sagas.RemoveStudentFromCourseExecutionFunctionalitySagas::getOldCourseExecutionStep#0"", ""status"": ""COMPENSATED""}]",0.685381833,"[{""action"": ""setup-action-1"", ""inputs"": [""18fec49934ddcb27d9edcd2454c16b4ca822a7d267ec0617a910a55a1157c5b3"", ""2f2ce8c6f8339b26f06def9cac90a1e5329265d4ccff89a6822ddc401feba8ad"", ""495bfd7b31d5da9ab2b10287c2cb95a74bd2cc4e6d44b471e66eb44cd88f9902""], ""property"": ""aggregateId""}, {""action"": ""setup-action-2"", ""inputs"": [""18fec49934ddcb27d9edcd2454c16b4ca822a7d267ec0617a910a55a1157c5b3"", ""495bfd7b31d5da9ab2b10287c2cb95a74bd2cc4e6d44b471e66eb44cd88f9902""], ""property"": ""aggregateId""}]",True,[],"{""DELETED_DEPENDENCY"": 0, ""FAILED_OPERATION_RESIDUAL"": 0, ""UNRESOLVED_DELIVERED_EVENT"": 0}","{""execution.impact-v2.json"": ""54bbed773c2dbf7396394b2345740de9e2624e76b50ba7e73c68c99643a1dfb8"", ""execution.json"": ""5021fbe51c843febd2cda94e2c62c8b1039db3b605f19d89ae19f3f5d8d56dd5"", ""impact-v1.json"": ""8f6a6921c80f5e22014f6b7049717d4f78ec9fde063aab5eeb5a8ba8c79a5975""}"
w06,w06-29,cbe41700297b3055e88356ec8a85fc6572912c21c0739a4563c50787956746c1,10010,794eb8199ee3d535e8630c498b1ad366e0096f900ee6472dab6f7312aca390fa,50a9dde9ee6daadd2b5498afa12d64bd8c330f5c50f8ab956948d6452f381e9e,1,COMPLETE,0,34.19752237497596,COMPLETE,COMPLETE,0,PARTIAL_COMPENSATED,EXACT,03708c4a-8a28-4638-87ab-9cd3451760a5,SUCCEEDED,,"[{""bodyOutcome"": ""NOT_RUN"", ""exceptionClass"": null, ""exceptionMessage"": null, ""faultOrigin"": ""ASSIGNED"", ""kind"": ""FORWARD"", ""runtimeStepName"": ""getCourseExecutionStep"", ""sourceStepId"": ""pt.ulisboa.tecnico.socialsoftware.quizzes.microservices.execution.coordination.sagas.AnonymizeStudentFunctionalitySagas::getCourseExecutionStep#0"", ""status"": ""ASSIGNED_FAULT""}, {""bodyOutcome"": ""NOT_RUN"", ""exceptionClass"": null, ""exceptionMessage"": null, ""faultOrigin"": null, ""kind"": ""EVENT_CONSEQUENCE"", ""runtimeStepName"": ""anonymizeStudentStep"", ""sourceStepId"": ""pt.ulisboa.tecnico.socialsoftware.quizzes.microservices.execution.coordination.sagas.AnonymizeStudentFunctionalitySagas::anonymizeStudentStep#0"", ""status"": ""MASKED_BY_TRIGGER_NOT_REACHED""}, {""bodyOutcome"": ""NOT_RUN"", ""exceptionClass"": null, ""exceptionMessage"": null, ""faultOrigin"": null, ""kind"": ""EVENT_CONSEQUENCE"", ""runtimeStepName"": ""anonymizeStudentStep"", ""sourceStepId"": ""pt.ulisboa.tecnico.socialsoftware.quizzes.microservices.execution.coordination.sagas.AnonymizeStudentFunctionalitySagas::anonymizeStudentStep#0"", ""status"": ""MASKED_BY_TRIGGER_NOT_REACHED""}, {""bodyOutcome"": ""NOT_RUN"", ""exceptionClass"": null, ""exceptionMessage"": null, ""faultOrigin"": ""ASSIGNED"", ""kind"": ""FORWARD"", ""runtimeStepName"": ""getOldCourseExecutionStep"", ""sourceStepId"": ""pt.ulisboa.tecnico.socialsoftware.quizzes.microservices.execution.coordination.sagas.RemoveStudentFromCourseExecutionFunctionalitySagas::getOldCourseExecutionStep#0"", ""status"": ""ASSIGNED_FAULT""}]",0.983112667,"[{""action"": ""setup-action-1"", ""inputs"": [""18fec49934ddcb27d9edcd2454c16b4ca822a7d267ec0617a910a55a1157c5b3"", ""2f2ce8c6f8339b26f06def9cac90a1e5329265d4ccff89a6822ddc401feba8ad"", ""495bfd7b31d5da9ab2b10287c2cb95a74bd2cc4e6d44b471e66eb44cd88f9902""], ""property"": ""aggregateId""}, {""action"": ""setup-action-2"", ""inputs"": [""18fec49934ddcb27d9edcd2454c16b4ca822a7d267ec0617a910a55a1157c5b3"", ""495bfd7b31d5da9ab2b10287c2cb95a74bd2cc4e6d44b471e66eb44cd88f9902""], ""property"": ""aggregateId""}]",True,[],"{""DELETED_DEPENDENCY"": 0, ""FAILED_OPERATION_RESIDUAL"": 0, ""UNRESOLVED_DELIVERED_EVENT"": 0}","{""execution.impact-v2.json"": ""ecf7546ab2a9d928efc5168039c4a27fb911951b0a104a2a4689e2e87718d05b"", ""execution.json"": ""db2f8622ea30c7be884ed04e5ddd15883d652ce5bda84349de51b889159f4e39"", ""impact-v1.json"": ""db8e285dc687771ceb1807ef1a7182edd9c888e06121a45a4fff99afa5c95bb5""}"
w06,w06-30,d35bf4061717d001b0cf8ab240bcb34aed096d4c8f71816911f97d0cd1f6debe,10100,794eb8199ee3d535e8630c498b1ad366e0096f900ee6472dab6f7312aca390fa,7694f1a3832407499f50c875d540218e6a2d46c854d7fc50f91915c3754a3544,1,COMPLETE,0,26.719688207958825,COMPLETE,COMPLETE,0,PARTIAL_COMPENSATED,EXACT,e26e1735-25e0-41d1-b722-e3b71025cfbf,SUCCEEDED,,"[{""bodyOutcome"": ""NOT_RUN"", ""exceptionClass"": null, ""exceptionMessage"": null, ""faultOrigin"": ""ASSIGNED"", ""kind"": ""FORWARD"", ""runtimeStepName"": ""getCourseExecutionStep"", ""sourceStepId"": ""pt.ulisboa.tecnico.socialsoftware.quizzes.microservices.execution.coordination.sagas.AnonymizeStudentFunctionalitySagas::getCourseExecutionStep#0"", ""status"": ""ASSIGNED_FAULT""}, {""bodyOutcome"": ""NOT_RUN"", ""exceptionClass"": null, ""exceptionMessage"": null, ""faultOrigin"": null, ""kind"": ""EVENT_CONSEQUENCE"", ""runtimeStepName"": ""anonymizeStudentStep"", ""sourceStepId"": ""pt.ulisboa.tecnico.socialsoftware.quizzes.microservices.execution.coordination.sagas.AnonymizeStudentFunctionalitySagas::anonymizeStudentStep#0"", ""status"": ""MASKED_BY_TRIGGER_NOT_REACHED""}, {""bodyOutcome"": ""NOT_RUN"", ""exceptionClass"": null, ""exceptionMessage"": null, ""faultOrigin"": null, ""kind"": ""EVENT_CONSEQUENCE"", ""runtimeStepName"": ""anonymizeStudentStep"", ""sourceStepId"": ""pt.ulisboa.tecnico.socialsoftware.quizzes.microservices.execution.coordination.sagas.AnonymizeStudentFunctionalitySagas::anonymizeStudentStep#0"", ""status"": ""MASKED_BY_TRIGGER_NOT_REACHED""}, {""bodyOutcome"": ""NOT_RUN"", ""exceptionClass"": null, ""exceptionMessage"": null, ""faultOrigin"": ""ASSIGNED"", ""kind"": ""FORWARD"", ""runtimeStepName"": ""getCourseExecutionStep"", ""sourceStepId"": ""pt.ulisboa.tecnico.socialsoftware.quizzes.microservices.execution.coordination.sagas.GetCourseExecutionByIdFunctionalitySagas::getCourseExecutionStep#0"", ""status"": ""ASSIGNED_FAULT""}]",0.757191126,"[{""action"": ""setup-action-1"", ""inputs"": [""18fec49934ddcb27d9edcd2454c16b4ca822a7d267ec0617a910a55a1157c5b3"", ""2f2ce8c6f8339b26f06def9cac90a1e5329265d4ccff89a6822ddc401feba8ad"", ""495bfd7b31d5da9ab2b10287c2cb95a74bd2cc4e6d44b471e66eb44cd88f9902""], ""property"": ""aggregateId""}, {""action"": ""setup-action-2"", ""inputs"": [""18fec49934ddcb27d9edcd2454c16b4ca822a7d267ec0617a910a55a1157c5b3"", ""495bfd7b31d5da9ab2b10287c2cb95a74bd2cc4e6d44b471e66eb44cd88f9902""], ""property"": ""aggregateId""}]",True,[],"{""DELETED_DEPENDENCY"": 0, ""FAILED_OPERATION_RESIDUAL"": 0, ""UNRESOLVED_DELIVERED_EVENT"": 0}","{""execution.impact-v2.json"": ""f98a996881a13a22beb877f3e690c8600465faf28ccff33bb9028e93fdc5849d"", ""execution.json"": ""c9cf0f928dcdd685ef97fb6dbe73736d9b1cf6eb5a831e56b2ca5a7f9a72a75f"", ""impact-v1.json"": ""daaad9873d4faeb320b33f0f7e2a8bc11086f72209e7e8953e73b2e415640e9a""}"
w06,w06-31,2a7e53d1571ed5cb5fd48ea0da3d0bba24fe46c2d1ff380b7623a720e70a96a3,10101,794eb8199ee3d535e8630c498b1ad366e0096f900ee6472dab6f7312aca390fa,11c227c1cbfadc2c12c69f082c093c50d968b9079fb6925b0c13f02d2f1343e4,1,COMPLETE,0,26.238229541981127,COMPLETE,COMPLETE,0,COMPENSATED,EXACT,24e1bc33-2722-415c-b1a5-2550e4445501,SUCCEEDED,,"[{""bodyOutcome"": ""NOT_RUN"", ""exceptionClass"": null, ""exceptionMessage"": null, ""faultOrigin"": ""ASSIGNED"", ""kind"": ""FORWARD"", ""runtimeStepName"": ""getCourseExecutionStep"", ""sourceStepId"": ""pt.ulisboa.tecnico.socialsoftware.quizzes.microservices.execution.coordination.sagas.AnonymizeStudentFunctionalitySagas::getCourseExecutionStep#0"", ""status"": ""ASSIGNED_FAULT""}, {""bodyOutcome"": ""NOT_RUN"", ""exceptionClass"": null, ""exceptionMessage"": null, ""faultOrigin"": null, ""kind"": ""EVENT_CONSEQUENCE"", ""runtimeStepName"": ""anonymizeStudentStep"", ""sourceStepId"": ""pt.ulisboa.tecnico.socialsoftware.quizzes.microservices.execution.coordination.sagas.AnonymizeStudentFunctionalitySagas::anonymizeStudentStep#0"", ""status"": ""MASKED_BY_TRIGGER_NOT_REACHED""}, {""bodyOutcome"": ""NOT_RUN"", ""exceptionClass"": null, ""exceptionMessage"": null, ""faultOrigin"": null, ""kind"": ""EVENT_CONSEQUENCE"", ""runtimeStepName"": ""anonymizeStudentStep"", ""sourceStepId"": ""pt.ulisboa.tecnico.socialsoftware.quizzes.microservices.execution.coordination.sagas.AnonymizeStudentFunctionalitySagas::anonymizeStudentStep#0"", ""status"": ""MASKED_BY_TRIGGER_NOT_REACHED""}, {""bodyOutcome"": ""NOT_RUN"", ""exceptionClass"": null, ""exceptionMessage"": null, ""faultOrigin"": ""ASSIGNED"", ""kind"": ""FORWARD"", ""runtimeStepName"": ""getCourseExecutionStep"", ""sourceStepId"": ""pt.ulisboa.tecnico.socialsoftware.quizzes.microservices.execution.coordination.sagas.GetCourseExecutionByIdFunctionalitySagas::getCourseExecutionStep#0"", ""status"": ""ASSIGNED_FAULT""}, {""bodyOutcome"": ""NOT_RUN"", ""exceptionClass"": null, ""exceptionMessage"": null, ""faultOrigin"": ""ASSIGNED"", ""kind"": ""FORWARD"", ""runtimeStepName"": ""removeStudentStep"", ""sourceStepId"": ""pt.ulisboa.tecnico.socialsoftware.quizzes.microservices.execution.coordination.sagas.RemoveStudentFromCourseExecutionFunctionalitySagas::removeStudentStep#0"", ""status"": ""ASSIGNED_FAULT""}, {""bodyOutcome"": ""NOT_APPLICABLE"", ""exceptionClass"": null, ""exceptionMessage"": null, ""faultOrigin"": null, ""kind"": ""COMPENSATION"", ""runtimeStepName"": ""getOldCourseExecutionStep"", ""sourceStepId"": ""pt.ulisboa.tecnico.socialsoftware.quizzes.microservices.execution.coordination.sagas.RemoveStudentFromCourseExecutionFunctionalitySagas::getOldCourseExecutionStep#0"", ""status"": ""COMPENSATED""}]",0.991199375,"[{""action"": ""setup-action-1"", ""inputs"": [""18fec49934ddcb27d9edcd2454c16b4ca822a7d267ec0617a910a55a1157c5b3"", ""2f2ce8c6f8339b26f06def9cac90a1e5329265d4ccff89a6822ddc401feba8ad"", ""495bfd7b31d5da9ab2b10287c2cb95a74bd2cc4e6d44b471e66eb44cd88f9902""], ""property"": ""aggregateId""}, {""action"": ""setup-action-2"", ""inputs"": [""18fec49934ddcb27d9edcd2454c16b4ca822a7d267ec0617a910a55a1157c5b3"", ""495bfd7b31d5da9ab2b10287c2cb95a74bd2cc4e6d44b471e66eb44cd88f9902""], ""property"": ""aggregateId""}]",True,[],"{""DELETED_DEPENDENCY"": 0, ""FAILED_OPERATION_RESIDUAL"": 0, ""UNRESOLVED_DELIVERED_EVENT"": 0}","{""execution.impact-v2.json"": ""d9f1ee1928b5d56ec2d6eeb9c91dfc7af66bbf5d0a5a0cc7c577780807dd8530"", ""execution.json"": ""ea93a3beaf4a7036fef5c33109c36fd205e07d50f86a47c8e1d9a225cfe2ec02"", ""impact-v1.json"": ""f396b3983e6aa0c06462b92f723111b12e6262e8f070e3e1ee2344dc37a2251c""}"
w06,w06-32,9a92c81269f120f2f0a419632352e450a6a4f8717d80a76572eaf18098f0c721,10110,794eb8199ee3d535e8630c498b1ad366e0096f900ee6472dab6f7312aca390fa,a5187299bbff793b3aeef141ce20adab5d64319cd65d368606288b1ec6fd08d9,1,COMPLETE,0,27.630452167009935,COMPLETE,COMPLETE,0,COMPENSATED,EXACT,f2358885-e906-40bb-b3b9-03b91089ae04,SUCCEEDED,,"[{""bodyOutcome"": ""NOT_RUN"", ""exceptionClass"": null, ""exceptionMessage"": null, ""faultOrigin"": ""ASSIGNED"", ""kind"": ""FORWARD"", ""runtimeStepName"": ""getCourseExecutionStep"", ""sourceStepId"": ""pt.ulisboa.tecnico.socialsoftware.quizzes.microservices.execution.coordination.sagas.AnonymizeStudentFunctionalitySagas::getCourseExecutionStep#0"", ""status"": ""ASSIGNED_FAULT""}, {""bodyOutcome"": ""NOT_RUN"", ""exceptionClass"": null, ""exceptionMessage"": null, ""faultOrigin"": null, ""kind"": ""EVENT_CONSEQUENCE"", ""runtimeStepName"": ""anonymizeStudentStep"", ""sourceStepId"": ""pt.ulisboa.tecnico.socialsoftware.quizzes.microservices.execution.coordination.sagas.AnonymizeStudentFunctionalitySagas::anonymizeStudentStep#0"", ""status"": ""MASKED_BY_TRIGGER_NOT_REACHED""}, {""bodyOutcome"": ""NOT_RUN"", ""exceptionClass"": null, ""exceptionMessage"": null, ""faultOrigin"": null, ""kind"": ""EVENT_CONSEQUENCE"", ""runtimeStepName"": ""anonymizeStudentStep"", ""sourceStepId"": ""pt.ulisboa.tecnico.socialsoftware.quizzes.microservices.execution.coordination.sagas.AnonymizeStudentFunctionalitySagas::anonymizeStudentStep#0"", ""status"": ""MASKED_BY_TRIGGER_NOT_REACHED""}, {""bodyOutcome"": ""NOT_RUN"", ""exceptionClass"": null, ""exceptionMessage"": null, ""faultOrigin"": ""ASSIGNED"", ""kind"": ""FORWARD"", ""runtimeStepName"": ""getCourseExecutionStep"", ""sourceStepId"": ""pt.ulisboa.tecnico.socialsoftware.quizzes.microservices.execution.coordination.sagas.GetCourseExecutionByIdFunctionalitySagas::getCourseExecutionStep#0"", ""status"": ""ASSIGNED_FAULT""}, {""bodyOutcome"": ""NOT_RUN"", ""exceptionClass"": null, ""exceptionMessage"": null, ""faultOrigin"": ""ASSIGNED"", ""kind"": ""FORWARD"", ""runtimeStepName"": ""getOldCourseExecutionStep"", ""sourceStepId"": ""pt.ulisboa.tecnico.socialsoftware.quizzes.microservices.execution.coordination.sagas.RemoveStudentFromCourseExecutionFunctionalitySagas::getOldCourseExecutionStep#0"", ""status"": ""ASSIGNED_FAULT""}]",1.006225542,"[{""action"": ""setup-action-1"", ""inputs"": [""18fec49934ddcb27d9edcd2454c16b4ca822a7d267ec0617a910a55a1157c5b3"", ""2f2ce8c6f8339b26f06def9cac90a1e5329265d4ccff89a6822ddc401feba8ad"", ""495bfd7b31d5da9ab2b10287c2cb95a74bd2cc4e6d44b471e66eb44cd88f9902""], ""property"": ""aggregateId""}, {""action"": ""setup-action-2"", ""inputs"": [""18fec49934ddcb27d9edcd2454c16b4ca822a7d267ec0617a910a55a1157c5b3"", ""495bfd7b31d5da9ab2b10287c2cb95a74bd2cc4e6d44b471e66eb44cd88f9902""], ""property"": ""aggregateId""}]",True,[],"{""DELETED_DEPENDENCY"": 0, ""FAILED_OPERATION_RESIDUAL"": 0, ""UNRESOLVED_DELIVERED_EVENT"": 0}","{""execution.impact-v2.json"": ""8ad816d48b26de7171acf664dc412aeccf6114ca8c8524792f268cfa93927c72"", ""execution.json"": ""3eee6496ffafaafff91250229901fa8a88e3d134ae74598105049e4d634c6856"", ""impact-v1.json"": ""52cb680a006c35cbccf7866f3d6aed9149764a3108987354b8a732ff92b81b23""}"
w07,w07-01,5a5304c78a84b6463025243b66d98726de1df62c510860d29d18a8a2d7bb6a3e,000000000,8d4c46bcb8700b2fd70e4911d4a5730f6d374a185c2b307ef629d3b5f55dccf0,93dd9061144a8bd96ff0b71006c7458ce9c86f61258d819ef20d3a3c74d27dfc,1,COMPLETE,0,27.546547667006962,COMPLETE,COMPLETE,0,SUCCESS,EXACT,5c660792-e204-4d22-bd61-18a954b874ae,SUCCEEDED,,[],1.908678251,"[{""action"": ""setup-action-17"", ""inputs"": [""516f30f00796efa97335d71f6df3624226e983c55af6c4b37826b32f89c7de90"", ""5f51039398deeb3677d5ce3d4c69eaf110ea0de53d6f56f789642381b78b4000""], ""property"": ""aggregateId""}, {""action"": ""setup-action-5"", ""inputs"": [""516f30f00796efa97335d71f6df3624226e983c55af6c4b37826b32f89c7de90"", ""5f51039398deeb3677d5ce3d4c69eaf110ea0de53d6f56f789642381b78b4000""], ""property"": ""aggregateId""}]",True,[],"{""DELETED_DEPENDENCY"": 0, ""FAILED_OPERATION_RESIDUAL"": 0, ""UNRESOLVED_DELIVERED_EVENT"": 0}","{""execution.impact-v2.json"": ""370ba493600200297fb9033031da1ff8aeafa72396e9a727ed192f30ae6a791a"", ""execution.json"": ""dee0ccdde1c84c4118a4dee8e9908fe952d5c0abeca687320c1dcc7572105be3"", ""impact-v1.json"": ""11fd2d914781fb8259b7e5e0f8710bc6a54639fc097061bc39621368f5794317""}"
w07,w07-02,b2cd97c18a849a63fb0e56e2725ef3ebf365e6f55ec5d0697f82ae9fbddecd16,000000000,8d4c46bcb8700b2fd70e4911d4a5730f6d374a185c2b307ef629d3b5f55dccf0,93dd9061144a8bd96ff0b71006c7458ce9c86f61258d819ef20d3a3c74d27dfc,1,COMPLETE,0,24.70806791598443,COMPLETE,COMPLETE,0,SUCCESS,EXACT,a74fb112-eccd-4d32-83a7-5e293f8fc17a,SUCCEEDED,,[],1.703264292,"[{""action"": ""setup-action-17"", ""inputs"": [""516f30f00796efa97335d71f6df3624226e983c55af6c4b37826b32f89c7de90"", ""5f51039398deeb3677d5ce3d4c69eaf110ea0de53d6f56f789642381b78b4000""], ""property"": ""aggregateId""}, {""action"": ""setup-action-5"", ""inputs"": [""516f30f00796efa97335d71f6df3624226e983c55af6c4b37826b32f89c7de90"", ""5f51039398deeb3677d5ce3d4c69eaf110ea0de53d6f56f789642381b78b4000""], ""property"": ""aggregateId""}]",True,[],"{""DELETED_DEPENDENCY"": 0, ""FAILED_OPERATION_RESIDUAL"": 0, ""UNRESOLVED_DELIVERED_EVENT"": 0}","{""execution.impact-v2.json"": ""d18d54076bd2db13579da3c214246544b2bd72859962140db0941f3eaa6f2850"", ""execution.json"": ""61427fc523137622436ad337e864775124d69dc6b3b55ae748e236db5800aafa"", ""impact-v1.json"": ""d221f6ba5f8a156ed586b6eb3715635c7f3e178ed33810d1bbce5bcbf5c92477""}"
w07,w07-03,b285059c6827b811bf6456addf186053ea919b0da84188448efe391cf2b45cb4,000000001,8d4c46bcb8700b2fd70e4911d4a5730f6d374a185c2b307ef629d3b5f55dccf0,5c6fa54b4b234213f5c54c3e65f2c5ac9bd2106601ee82a884a50bbc98f0af5a,1,COMPLETE,0,24.251113500038628,COMPLETE,COMPLETE,1,PARTIAL_COMPENSATED,EXACT,a3d8cc93-78cb-431e-80cf-4f4cc8fefe09,SUCCEEDED,,"[{""bodyOutcome"": ""NOT_RUN"", ""exceptionClass"": null, ""exceptionMessage"": null, ""faultOrigin"": ""ASSIGNED"", ""kind"": ""FORWARD"", ""runtimeStepName"": ""solveQuizStep"", ""sourceStepId"": ""pt.ulisboa.tecnico.socialsoftware.quizzes.microservices.tournament.coordination.sagas.SolveQuizAsyncFunctionalitySagas::solveQuizStep#0"", ""status"": ""ASSIGNED_FAULT""}, {""bodyOutcome"": ""NOT_APPLICABLE"", ""exceptionClass"": null, ""exceptionMessage"": null, ""faultOrigin"": null, ""kind"": ""COMPENSATION"", ""runtimeStepName"": ""startQuizAnswerStep"", ""sourceStepId"": ""pt.ulisboa.tecnico.socialsoftware.quizzes.microservices.tournament.coordination.sagas.SolveQuizAsyncFunctionalitySagas::startQuizAnswerStep#0"", ""status"": ""COMPENSATED""}, {""bodyOutcome"": ""NOT_APPLICABLE"", ""exceptionClass"": null, ""exceptionMessage"": null, ""faultOrigin"": null, ""kind"": ""COMPENSATION"", ""runtimeStepName"": ""startQuizStep"", ""sourceStepId"": ""pt.ulisboa.tecnico.socialsoftware.quizzes.microservices.tournament.coordination.sagas.SolveQuizAsyncFunctionalitySagas::startQuizStep#0"", ""status"": ""COMPENSATED""}, {""bodyOutcome"": ""NOT_APPLICABLE"", ""exceptionClass"": null, ""exceptionMessage"": null, ""faultOrigin"": null, ""kind"": ""COMPENSATION"", ""runtimeStepName"": ""getTournamentStep"", ""sourceStepId"": ""pt.ulisboa.tecnico.socialsoftware.quizzes.microservices.tournament.coordination.sagas.SolveQuizAsyncFunctionalitySagas::getTournamentStep#0"", ""status"": ""COMPENSATED""}]",1.741368417,"[{""action"": ""setup-action-17"", ""inputs"": [""516f30f00796efa97335d71f6df3624226e983c55af6c4b37826b32f89c7de90"", ""5f51039398deeb3677d5ce3d4c69eaf110ea0de53d6f56f789642381b78b4000""], ""property"": ""aggregateId""}, {""action"": ""setup-action-5"", ""inputs"": [""516f30f00796efa97335d71f6df3624226e983c55af6c4b37826b32f89c7de90"", ""5f51039398deeb3677d5ce3d4c69eaf110ea0de53d6f56f789642381b78b4000""], ""property"": ""aggregateId""}]",True,"[{""baselineLifecycle"": ""ABSENT"", ""categories"": [""FAILED_OPERATION_RESIDUAL""], ""finalLifecycle"": ""DELETED"", ""identity"": {""aggregateId"": 14, ""aggregateType"": ""SagaQuizAnswer""}}]","{""DELETED_DEPENDENCY"": 0, ""FAILED_OPERATION_RESIDUAL"": 1, ""UNRESOLVED_DELIVERED_EVENT"": 0}","{""execution.impact-v2.json"": ""5ad64e4473f3104e2fd9761b7b95c799f2afd70ffa953744ae9550571d0ed821"", ""execution.json"": ""8f7a1609678a1c8ff219883920c7e9f5e90d4db4de20411449210660d9a335a4"", ""impact-v1.json"": ""66218894ab45737fe5c53283b778e7dbb7feeb8e4e6139f79f0a82a65705cb9f""}"
w07,w07-04,e57e933710f15d44e359eaa4f4a99a6358ec8aac20978c84f379017518fce31b,000000001,8d4c46bcb8700b2fd70e4911d4a5730f6d374a185c2b307ef629d3b5f55dccf0,5c6fa54b4b234213f5c54c3e65f2c5ac9bd2106601ee82a884a50bbc98f0af5a,1,COMPLETE,0,25.28104358300334,COMPLETE,COMPLETE,1,PARTIAL_COMPENSATED,EXACT,0f3bed82-87d0-4b4d-8721-80ec250714a9,SUCCEEDED,,"[{""bodyOutcome"": ""NOT_RUN"", ""exceptionClass"": null, ""exceptionMessage"": null, ""faultOrigin"": ""ASSIGNED"", ""kind"": ""FORWARD"", ""runtimeStepName"": ""solveQuizStep"", ""sourceStepId"": ""pt.ulisboa.tecnico.socialsoftware.quizzes.microservices.tournament.coordination.sagas.SolveQuizAsyncFunctionalitySagas::solveQuizStep#0"", ""status"": ""ASSIGNED_FAULT""}, {""bodyOutcome"": ""NOT_APPLICABLE"", ""exceptionClass"": null, ""exceptionMessage"": null, ""faultOrigin"": null, ""kind"": ""COMPENSATION"", ""runtimeStepName"": ""startQuizAnswerStep"", ""sourceStepId"": ""pt.ulisboa.tecnico.socialsoftware.quizzes.microservices.tournament.coordination.sagas.SolveQuizAsyncFunctionalitySagas::startQuizAnswerStep#0"", ""status"": ""COMPENSATED""}, {""bodyOutcome"": ""NOT_APPLICABLE"", ""exceptionClass"": null, ""exceptionMessage"": null, ""faultOrigin"": null, ""kind"": ""COMPENSATION"", ""runtimeStepName"": ""startQuizStep"", ""sourceStepId"": ""pt.ulisboa.tecnico.socialsoftware.quizzes.microservices.tournament.coordination.sagas.SolveQuizAsyncFunctionalitySagas::startQuizStep#0"", ""status"": ""COMPENSATED""}, {""bodyOutcome"": ""NOT_APPLICABLE"", ""exceptionClass"": null, ""exceptionMessage"": null, ""faultOrigin"": null, ""kind"": ""COMPENSATION"", ""runtimeStepName"": ""getTournamentStep"", ""sourceStepId"": ""pt.ulisboa.tecnico.socialsoftware.quizzes.microservices.tournament.coordination.sagas.SolveQuizAsyncFunctionalitySagas::getTournamentStep#0"", ""status"": ""COMPENSATED""}]",1.490301251,"[{""action"": ""setup-action-17"", ""inputs"": [""516f30f00796efa97335d71f6df3624226e983c55af6c4b37826b32f89c7de90"", ""5f51039398deeb3677d5ce3d4c69eaf110ea0de53d6f56f789642381b78b4000""], ""property"": ""aggregateId""}, {""action"": ""setup-action-5"", ""inputs"": [""516f30f00796efa97335d71f6df3624226e983c55af6c4b37826b32f89c7de90"", ""5f51039398deeb3677d5ce3d4c69eaf110ea0de53d6f56f789642381b78b4000""], ""property"": ""aggregateId""}]",True,"[{""baselineLifecycle"": ""ABSENT"", ""categories"": [""FAILED_OPERATION_RESIDUAL""], ""finalLifecycle"": ""DELETED"", ""identity"": {""aggregateId"": 14, ""aggregateType"": ""SagaQuizAnswer""}}]","{""DELETED_DEPENDENCY"": 0, ""FAILED_OPERATION_RESIDUAL"": 1, ""UNRESOLVED_DELIVERED_EVENT"": 0}","{""execution.impact-v2.json"": ""2b4d03da9b2ce00da9e9a8c049f0af40e343217ea9866d3d59a4275403ae0da0"", ""execution.json"": ""505431fe2ede1bccf57c3a59c23306a7f74126517635f6bd15d035cad19321b3"", ""impact-v1.json"": ""61f06c58b3511217ccf4bece5e3d4b7da92af07cf8f441ac87fa7b76b721e0f3""}"
w07,w07-05,7217d689cc85e4237e202f375b1b749d1b66e95de7b638447e80f8a04cc87899,000000010,8d4c46bcb8700b2fd70e4911d4a5730f6d374a185c2b307ef629d3b5f55dccf0,a76f03b257277b90cc0dbecb50263c9008c604029d3b8c882f59d6ea4fcd2351,1,COMPLETE,0,24.97486379201291,COMPLETE,COMPLETE,0,PARTIAL_COMPENSATED,EXACT,a0931364-7538-409a-9fb0-cf65fa5f9d8b,SUCCEEDED,,"[{""bodyOutcome"": ""NOT_RUN"", ""exceptionClass"": null, ""exceptionMessage"": null, ""faultOrigin"": ""ASSIGNED"", ""kind"": ""FORWARD"", ""runtimeStepName"": ""startQuizAnswerStep"", ""sourceStepId"": ""pt.ulisboa.tecnico.socialsoftware.quizzes.microservices.tournament.coordination.sagas.SolveQuizAsyncFunctionalitySagas::startQuizAnswerStep#0"", ""status"": ""ASSIGNED_FAULT""}, {""bodyOutcome"": ""NOT_APPLICABLE"", ""exceptionClass"": null, ""exceptionMessage"": null, ""faultOrigin"": null, ""kind"": ""COMPENSATION"", ""runtimeStepName"": ""startQuizStep"", ""sourceStepId"": ""pt.ulisboa.tecnico.socialsoftware.quizzes.microservices.tournament.coordination.sagas.SolveQuizAsyncFunctionalitySagas::startQuizStep#0"", ""status"": ""COMPENSATED""}, {""bodyOutcome"": ""NOT_APPLICABLE"", ""exceptionClass"": null, ""exceptionMessage"": null, ""faultOrigin"": null, ""kind"": ""COMPENSATION"", ""runtimeStepName"": ""getTournamentStep"", ""sourceStepId"": ""pt.ulisboa.tecnico.socialsoftware.quizzes.microservices.tournament.coordination.sagas.SolveQuizAsyncFunctionalitySagas::getTournamentStep#0"", ""status"": ""COMPENSATED""}]",1.69993071,"[{""action"": ""setup-action-17"", ""inputs"": [""516f30f00796efa97335d71f6df3624226e983c55af6c4b37826b32f89c7de90"", ""5f51039398deeb3677d5ce3d4c69eaf110ea0de53d6f56f789642381b78b4000""], ""property"": ""aggregateId""}, {""action"": ""setup-action-5"", ""inputs"": [""516f30f00796efa97335d71f6df3624226e983c55af6c4b37826b32f89c7de90"", ""5f51039398deeb3677d5ce3d4c69eaf110ea0de53d6f56f789642381b78b4000""], ""property"": ""aggregateId""}]",True,[],"{""DELETED_DEPENDENCY"": 0, ""FAILED_OPERATION_RESIDUAL"": 0, ""UNRESOLVED_DELIVERED_EVENT"": 0}","{""execution.impact-v2.json"": ""46ecd62c8163b5b9761ede50800777e27522f85ec183d76eae3a8b5934360207"", ""execution.json"": ""c445a9a393e408a9f997b131bd83ab79b02ba043ae9a6eae9f21fe080bdc63b1"", ""impact-v1.json"": ""479de618702d17d02e84954dd87288989cc6e03a35b6e89301560a50a3969d0b""}"
w07,w07-06,9fda2084e802b2e7ff503ef5711d530c17e0d44f01c0b44adf29b652b5de12f7,000000010,8d4c46bcb8700b2fd70e4911d4a5730f6d374a185c2b307ef629d3b5f55dccf0,a76f03b257277b90cc0dbecb50263c9008c604029d3b8c882f59d6ea4fcd2351,1,COMPLETE,0,27.723269124981016,COMPLETE,COMPLETE,0,PARTIAL_COMPENSATED,EXACT,6087a5fc-6c3f-4108-948f-5e9ef9004f02,SUCCEEDED,,"[{""bodyOutcome"": ""NOT_RUN"", ""exceptionClass"": null, ""exceptionMessage"": null, ""faultOrigin"": ""ASSIGNED"", ""kind"": ""FORWARD"", ""runtimeStepName"": ""startQuizAnswerStep"", ""sourceStepId"": ""pt.ulisboa.tecnico.socialsoftware.quizzes.microservices.tournament.coordination.sagas.SolveQuizAsyncFunctionalitySagas::startQuizAnswerStep#0"", ""status"": ""ASSIGNED_FAULT""}, {""bodyOutcome"": ""NOT_APPLICABLE"", ""exceptionClass"": null, ""exceptionMessage"": null, ""faultOrigin"": null, ""kind"": ""COMPENSATION"", ""runtimeStepName"": ""startQuizStep"", ""sourceStepId"": ""pt.ulisboa.tecnico.socialsoftware.quizzes.microservices.tournament.coordination.sagas.SolveQuizAsyncFunctionalitySagas::startQuizStep#0"", ""status"": ""COMPENSATED""}, {""bodyOutcome"": ""NOT_APPLICABLE"", ""exceptionClass"": null, ""exceptionMessage"": null, ""faultOrigin"": null, ""kind"": ""COMPENSATION"", ""runtimeStepName"": ""getTournamentStep"", ""sourceStepId"": ""pt.ulisboa.tecnico.socialsoftware.quizzes.microservices.tournament.coordination.sagas.SolveQuizAsyncFunctionalitySagas::getTournamentStep#0"", ""status"": ""COMPENSATED""}]",1.664853293,"[{""action"": ""setup-action-17"", ""inputs"": [""516f30f00796efa97335d71f6df3624226e983c55af6c4b37826b32f89c7de90"", ""5f51039398deeb3677d5ce3d4c69eaf110ea0de53d6f56f789642381b78b4000""], ""property"": ""aggregateId""}, {""action"": ""setup-action-5"", ""inputs"": [""516f30f00796efa97335d71f6df3624226e983c55af6c4b37826b32f89c7de90"", ""5f51039398deeb3677d5ce3d4c69eaf110ea0de53d6f56f789642381b78b4000""], ""property"": ""aggregateId""}]",True,[],"{""DELETED_DEPENDENCY"": 0, ""FAILED_OPERATION_RESIDUAL"": 0, ""UNRESOLVED_DELIVERED_EVENT"": 0}","{""execution.impact-v2.json"": ""2a76dab5176f3fa221b58e73406518968a9a84e8f021ddc72564af5e81149b7a"", ""execution.json"": ""a31f4c26419b54e2d66c6dc23c85d5cbed5e3ebbb2c7efe059842e33cc1b37a4"", ""impact-v1.json"": ""9e0a012c863d9f5ddd92378892cc0e2d7a7b0ea990607d6f17cc10e8ea007f85""}"
w07,w07-07,90df7cab03c43f417af7e1488acd8f9f076ffc4de4b6d662dadf1c0d729b93d0,000000100,8d4c46bcb8700b2fd70e4911d4a5730f6d374a185c2b307ef629d3b5f55dccf0,1bc9ab62fc52034cc498ec36b0cf867f5e0197b7e80eb6a8d7bb66dc72fca1f4,1,COMPLETE,0,28.817060749977827,COMPLETE,COMPLETE,0,PARTIAL_COMPENSATED,EXACT,68cc7d46-1a39-4612-98d6-9b48516c4fdf,SUCCEEDED,,"[{""bodyOutcome"": ""NOT_RUN"", ""exceptionClass"": null, ""exceptionMessage"": null, ""faultOrigin"": ""ASSIGNED"", ""kind"": ""FORWARD"", ""runtimeStepName"": ""getStudentByExecutionIdAndUserIdAsyncStep"", ""sourceStepId"": ""pt.ulisboa.tecnico.socialsoftware.quizzes.microservices.tournament.coordination.sagas.SolveQuizAsyncFunctionalitySagas::getStudentByExecutionIdAndUserIdAsyncStep#0"", ""status"": ""ASSIGNED_FAULT""}, {""bodyOutcome"": ""NOT_APPLICABLE"", ""exceptionClass"": null, ""exceptionMessage"": null, ""faultOrigin"": null, ""kind"": ""COMPENSATION"", ""runtimeStepName"": ""startQuizStep"", ""sourceStepId"": ""pt.ulisboa.tecnico.socialsoftware.quizzes.microservices.tournament.coordination.sagas.SolveQuizAsyncFunctionalitySagas::startQuizStep#0"", ""status"": ""COMPENSATED""}, {""bodyOutcome"": ""NOT_APPLICABLE"", ""exceptionClass"": null, ""exceptionMessage"": null, ""faultOrigin"": null, ""kind"": ""COMPENSATION"", ""runtimeStepName"": ""getTournamentStep"", ""sourceStepId"": ""pt.ulisboa.tecnico.socialsoftware.quizzes.microservices.tournament.coordination.sagas.SolveQuizAsyncFunctionalitySagas::getTournamentStep#0"", ""status"": ""COMPENSATED""}]",1.846549751,"[{""action"": ""setup-action-17"", ""inputs"": [""516f30f00796efa97335d71f6df3624226e983c55af6c4b37826b32f89c7de90"", ""5f51039398deeb3677d5ce3d4c69eaf110ea0de53d6f56f789642381b78b4000""], ""property"": ""aggregateId""}, {""action"": ""setup-action-5"", ""inputs"": [""516f30f00796efa97335d71f6df3624226e983c55af6c4b37826b32f89c7de90"", ""5f51039398deeb3677d5ce3d4c69eaf110ea0de53d6f56f789642381b78b4000""], ""property"": ""aggregateId""}]",True,[],"{""DELETED_DEPENDENCY"": 0, ""FAILED_OPERATION_RESIDUAL"": 0, ""UNRESOLVED_DELIVERED_EVENT"": 0}","{""execution.impact-v2.json"": ""86f38873c6ed42b6401866ad6950b51949f33838e23e1059c0c3281ebda093d3"", ""execution.json"": ""18daed98f536d5dac40a6ff0a973b812657ac28bdad44f20fac09ccbf559a2c6"", ""impact-v1.json"": ""5f50b4749b481d282258514c5f2942895393ee1b349784b3a087daf43ddd67d3""}"
w07,w07-08,4caeba143b80b4f09c55d69640e9f1667a9a7f621671c0e75257572a0d101056,000001000,8d4c46bcb8700b2fd70e4911d4a5730f6d374a185c2b307ef629d3b5f55dccf0,c27ec06ceb5e44bafa9066e646e3feafbf870d86b9a15c9ceece3a0ad0c62afc,1,COMPLETE,0,26.349201207980514,COMPLETE,COMPLETE,0,PARTIAL_COMPENSATED,EXACT,4cc1ef66-1ee8-4d09-b7ad-d43d60274ba9,SUCCEEDED,,"[{""bodyOutcome"": ""NOT_RUN"", ""exceptionClass"": null, ""exceptionMessage"": null, ""faultOrigin"": ""ASSIGNED"", ""kind"": ""FORWARD"", ""runtimeStepName"": ""getQuestionsByIdAsyncStep"", ""sourceStepId"": ""pt.ulisboa.tecnico.socialsoftware.quizzes.microservices.tournament.coordination.sagas.SolveQuizAsyncFunctionalitySagas::getQuestionsByIdAsyncStep#0"", ""status"": ""ASSIGNED_FAULT""}, {""bodyOutcome"": ""NOT_APPLICABLE"", ""exceptionClass"": null, ""exceptionMessage"": null, ""faultOrigin"": null, ""kind"": ""COMPENSATION"", ""runtimeStepName"": ""startQuizStep"", ""sourceStepId"": ""pt.ulisboa.tecnico.socialsoftware.quizzes.microservices.tournament.coordination.sagas.SolveQuizAsyncFunctionalitySagas::startQuizStep#0"", ""status"": ""COMPENSATED""}, {""bodyOutcome"": ""NOT_APPLICABLE"", ""exceptionClass"": null, ""exceptionMessage"": null, ""faultOrigin"": null, ""kind"": ""COMPENSATION"", ""runtimeStepName"": ""getTournamentStep"", ""sourceStepId"": ""pt.ulisboa.tecnico.socialsoftware.quizzes.microservices.tournament.coordination.sagas.SolveQuizAsyncFunctionalitySagas::getTournamentStep#0"", ""status"": ""COMPENSATED""}]",2.677869418,"[{""action"": ""setup-action-17"", ""inputs"": [""516f30f00796efa97335d71f6df3624226e983c55af6c4b37826b32f89c7de90"", ""5f51039398deeb3677d5ce3d4c69eaf110ea0de53d6f56f789642381b78b4000""], ""property"": ""aggregateId""}, {""action"": ""setup-action-5"", ""inputs"": [""516f30f00796efa97335d71f6df3624226e983c55af6c4b37826b32f89c7de90"", ""5f51039398deeb3677d5ce3d4c69eaf110ea0de53d6f56f789642381b78b4000""], ""property"": ""aggregateId""}]",True,[],"{""DELETED_DEPENDENCY"": 0, ""FAILED_OPERATION_RESIDUAL"": 0, ""UNRESOLVED_DELIVERED_EVENT"": 0}","{""execution.impact-v2.json"": ""ee1f9000ce81a10a5d018a28c367ed34090304fc2ddd170993e432461602cc4a"", ""execution.json"": ""515f21142813a2c9a65d506ec58f7687d4d64dd63e8019fd84bcb74137bdeb27"", ""impact-v1.json"": ""1a8f9a307dd01af4eb6f2f5bc28719cde7b1a445efae4e4bc0b9381a9f29ead8""}"
w07,w07-09,522b113d5bfb5d01cb0726d3f6fd090b2a0e043cf15b5a77e8b7cba618f244ac,000001000,8d4c46bcb8700b2fd70e4911d4a5730f6d374a185c2b307ef629d3b5f55dccf0,c27ec06ceb5e44bafa9066e646e3feafbf870d86b9a15c9ceece3a0ad0c62afc,1,COMPLETE,0,27.801646708045155,COMPLETE,COMPLETE,0,PARTIAL_COMPENSATED,EXACT,2f63ed3a-fa13-4424-b155-edec3a8b4e98,SUCCEEDED,,"[{""bodyOutcome"": ""NOT_RUN"", ""exceptionClass"": null, ""exceptionMessage"": null, ""faultOrigin"": ""ASSIGNED"", ""kind"": ""FORWARD"", ""runtimeStepName"": ""getQuestionsByIdAsyncStep"", ""sourceStepId"": ""pt.ulisboa.tecnico.socialsoftware.quizzes.microservices.tournament.coordination.sagas.SolveQuizAsyncFunctionalitySagas::getQuestionsByIdAsyncStep#0"", ""status"": ""ASSIGNED_FAULT""}, {""bodyOutcome"": ""NOT_APPLICABLE"", ""exceptionClass"": null, ""exceptionMessage"": null, ""faultOrigin"": null, ""kind"": ""COMPENSATION"", ""runtimeStepName"": ""startQuizStep"", ""sourceStepId"": ""pt.ulisboa.tecnico.socialsoftware.quizzes.microservices.tournament.coordination.sagas.SolveQuizAsyncFunctionalitySagas::startQuizStep#0"", ""status"": ""COMPENSATED""}, {""bodyOutcome"": ""NOT_APPLICABLE"", ""exceptionClass"": null, ""exceptionMessage"": null, ""faultOrigin"": null, ""kind"": ""COMPENSATION"", ""runtimeStepName"": ""getTournamentStep"", ""sourceStepId"": ""pt.ulisboa.tecnico.socialsoftware.quizzes.microservices.tournament.coordination.sagas.SolveQuizAsyncFunctionalitySagas::getTournamentStep#0"", ""status"": ""COMPENSATED""}]",2.268479043,"[{""action"": ""setup-action-17"", ""inputs"": [""516f30f00796efa97335d71f6df3624226e983c55af6c4b37826b32f89c7de90"", ""5f51039398deeb3677d5ce3d4c69eaf110ea0de53d6f56f789642381b78b4000""], ""property"": ""aggregateId""}, {""action"": ""setup-action-5"", ""inputs"": [""516f30f00796efa97335d71f6df3624226e983c55af6c4b37826b32f89c7de90"", ""5f51039398deeb3677d5ce3d4c69eaf110ea0de53d6f56f789642381b78b4000""], ""property"": ""aggregateId""}]",True,[],"{""DELETED_DEPENDENCY"": 0, ""FAILED_OPERATION_RESIDUAL"": 0, ""UNRESOLVED_DELIVERED_EVENT"": 0}","{""execution.impact-v2.json"": ""ea8212afec6d2578e6fe818891a6b9dc780e055026c82044959259d53848d685"", ""execution.json"": ""bca8345f71689bca8a39916818447c09dabd2feeb133fb2a337fd3f994bd26c1"", ""impact-v1.json"": ""69246c79d6f2ed79866e69382114e5a4519dca163b0e11c11e9c588c12d4670b""}"
w07,w07-10,2ede944bebc6434bfd6163af36fc92bc3dbdb2a76599779c9b0f0933aad00b81,000010000,8d4c46bcb8700b2fd70e4911d4a5730f6d374a185c2b307ef629d3b5f55dccf0,703b20e7f4af7ac06b65c8eb1a30fdb581b8be1f0657b59d28a72cbcdbcbc1c4,1,COMPLETE,0,45.32591012498597,COMPLETE,COMPLETE,0,PARTIAL_COMPENSATED,EXACT,439a40eb-5efa-45c2-a507-97dacf4855d5,SUCCEEDED,,"[{""bodyOutcome"": ""NOT_RUN"", ""exceptionClass"": null, ""exceptionMessage"": null, ""faultOrigin"": ""ASSIGNED"", ""kind"": ""FORWARD"", ""runtimeStepName"": ""getQuizByIdStep"", ""sourceStepId"": ""pt.ulisboa.tecnico.socialsoftware.quizzes.microservices.tournament.coordination.sagas.SolveQuizAsyncFunctionalitySagas::getQuizByIdStep#0"", ""status"": ""ASSIGNED_FAULT""}, {""bodyOutcome"": ""NOT_APPLICABLE"", ""exceptionClass"": null, ""exceptionMessage"": null, ""faultOrigin"": null, ""kind"": ""COMPENSATION"", ""runtimeStepName"": ""startQuizStep"", ""sourceStepId"": ""pt.ulisboa.tecnico.socialsoftware.quizzes.microservices.tournament.coordination.sagas.SolveQuizAsyncFunctionalitySagas::startQuizStep#0"", ""status"": ""COMPENSATED""}, {""bodyOutcome"": ""NOT_APPLICABLE"", ""exceptionClass"": null, ""exceptionMessage"": null, ""faultOrigin"": null, ""kind"": ""COMPENSATION"", ""runtimeStepName"": ""getTournamentStep"", ""sourceStepId"": ""pt.ulisboa.tecnico.socialsoftware.quizzes.microservices.tournament.coordination.sagas.SolveQuizAsyncFunctionalitySagas::getTournamentStep#0"", ""status"": ""COMPENSATED""}]",3.277357084,"[{""action"": ""setup-action-17"", ""inputs"": [""516f30f00796efa97335d71f6df3624226e983c55af6c4b37826b32f89c7de90"", ""5f51039398deeb3677d5ce3d4c69eaf110ea0de53d6f56f789642381b78b4000""], ""property"": ""aggregateId""}, {""action"": ""setup-action-5"", ""inputs"": [""516f30f00796efa97335d71f6df3624226e983c55af6c4b37826b32f89c7de90"", ""5f51039398deeb3677d5ce3d4c69eaf110ea0de53d6f56f789642381b78b4000""], ""property"": ""aggregateId""}]",True,[],"{""DELETED_DEPENDENCY"": 0, ""FAILED_OPERATION_RESIDUAL"": 0, ""UNRESOLVED_DELIVERED_EVENT"": 0}","{""execution.impact-v2.json"": ""faf0c44dc269a456c2827441464af6dc920085472b885dbae991dd45033a4bb2"", ""execution.json"": ""0bcb29158e5a70019f3a9d300e5e8831e6c1a9113d5d4ec8d37d88cfa4707057"", ""impact-v1.json"": ""564bef73a30d2da037af1d4c37f94b9c45aa224a8e2faab750a915ceaea616be""}"
w07,w07-11,c8273b7bf168bb896a5db126408fa43aedb544bbde38a5046b5cd7b417c1ba8b,000010000,8d4c46bcb8700b2fd70e4911d4a5730f6d374a185c2b307ef629d3b5f55dccf0,703b20e7f4af7ac06b65c8eb1a30fdb581b8be1f0657b59d28a72cbcdbcbc1c4,1,COMPLETE,0,44.97066608298337,COMPLETE,COMPLETE,0,PARTIAL_COMPENSATED,EXACT,b08266fe-7bb9-4093-a53e-2d234a643755,SUCCEEDED,,"[{""bodyOutcome"": ""NOT_RUN"", ""exceptionClass"": null, ""exceptionMessage"": null, ""faultOrigin"": ""ASSIGNED"", ""kind"": ""FORWARD"", ""runtimeStepName"": ""getQuizByIdStep"", ""sourceStepId"": ""pt.ulisboa.tecnico.socialsoftware.quizzes.microservices.tournament.coordination.sagas.SolveQuizAsyncFunctionalitySagas::getQuizByIdStep#0"", ""status"": ""ASSIGNED_FAULT""}, {""bodyOutcome"": ""NOT_APPLICABLE"", ""exceptionClass"": null, ""exceptionMessage"": null, ""faultOrigin"": null, ""kind"": ""COMPENSATION"", ""runtimeStepName"": ""startQuizStep"", ""sourceStepId"": ""pt.ulisboa.tecnico.socialsoftware.quizzes.microservices.tournament.coordination.sagas.SolveQuizAsyncFunctionalitySagas::startQuizStep#0"", ""status"": ""COMPENSATED""}, {""bodyOutcome"": ""NOT_APPLICABLE"", ""exceptionClass"": null, ""exceptionMessage"": null, ""faultOrigin"": null, ""kind"": ""COMPENSATION"", ""runtimeStepName"": ""getTournamentStep"", ""sourceStepId"": ""pt.ulisboa.tecnico.socialsoftware.quizzes.microservices.tournament.coordination.sagas.SolveQuizAsyncFunctionalitySagas::getTournamentStep#0"", ""status"": ""COMPENSATED""}]",3.092673293,"[{""action"": ""setup-action-17"", ""inputs"": [""516f30f00796efa97335d71f6df3624226e983c55af6c4b37826b32f89c7de90"", ""5f51039398deeb3677d5ce3d4c69eaf110ea0de53d6f56f789642381b78b4000""], ""property"": ""aggregateId""}, {""action"": ""setup-action-5"", ""inputs"": [""516f30f00796efa97335d71f6df3624226e983c55af6c4b37826b32f89c7de90"", ""5f51039398deeb3677d5ce3d4c69eaf110ea0de53d6f56f789642381b78b4000""], ""property"": ""aggregateId""}]",True,[],"{""DELETED_DEPENDENCY"": 0, ""FAILED_OPERATION_RESIDUAL"": 0, ""UNRESOLVED_DELIVERED_EVENT"": 0}","{""execution.impact-v2.json"": ""9a63544a0183ef20f4f0f2e44b59683adaf63a9844baead6eeca2d978c5ffb02"", ""execution.json"": ""d08e96aab42cf8d57668222bb5f9820844c6ba40886b5f6a74f793aa2657a381"", ""impact-v1.json"": ""ce70cb5a82e8496d019cf27f8f0e9fdb690f8831c51c44604e69777da3692490""}"
w07,w07-12,150138457e9fabefa8546f2e1916b3b3e26df9234720e11ff95b7afc45ad3929,000100000,8d4c46bcb8700b2fd70e4911d4a5730f6d374a185c2b307ef629d3b5f55dccf0,3f3907b34fddea727df7eec0c42a534bd7d2c4cd387612f31127420150a76c88,1,COMPLETE,0,40.18279641697882,COMPLETE,COMPLETE,0,PARTIAL_COMPENSATED,EXACT,395f17da-593e-4575-888e-e83f51e1d51c,SUCCEEDED,,"[{""bodyOutcome"": ""NOT_RUN"", ""exceptionClass"": null, ""exceptionMessage"": null, ""faultOrigin"": ""ASSIGNED"", ""kind"": ""FORWARD"", ""runtimeStepName"": ""startQuizStep"", ""sourceStepId"": ""pt.ulisboa.tecnico.socialsoftware.quizzes.microservices.tournament.coordination.sagas.SolveQuizAsyncFunctionalitySagas::startQuizStep#0"", ""status"": ""ASSIGNED_FAULT""}, {""bodyOutcome"": ""NOT_APPLICABLE"", ""exceptionClass"": null, ""exceptionMessage"": null, ""faultOrigin"": null, ""kind"": ""COMPENSATION"", ""runtimeStepName"": ""getTournamentStep"", ""sourceStepId"": ""pt.ulisboa.tecnico.socialsoftware.quizzes.microservices.tournament.coordination.sagas.SolveQuizAsyncFunctionalitySagas::getTournamentStep#0"", ""status"": ""COMPENSATED""}]",3.409908168,"[{""action"": ""setup-action-17"", ""inputs"": [""516f30f00796efa97335d71f6df3624226e983c55af6c4b37826b32f89c7de90"", ""5f51039398deeb3677d5ce3d4c69eaf110ea0de53d6f56f789642381b78b4000""], ""property"": ""aggregateId""}, {""action"": ""setup-action-5"", ""inputs"": [""516f30f00796efa97335d71f6df3624226e983c55af6c4b37826b32f89c7de90"", ""5f51039398deeb3677d5ce3d4c69eaf110ea0de53d6f56f789642381b78b4000""], ""property"": ""aggregateId""}]",True,[],"{""DELETED_DEPENDENCY"": 0, ""FAILED_OPERATION_RESIDUAL"": 0, ""UNRESOLVED_DELIVERED_EVENT"": 0}","{""execution.impact-v2.json"": ""9ea644488ab8f72d2185775ff419a456fd77343b62e114cd61ebcf8deb509bf5"", ""execution.json"": ""504078a848dd994f62b56827a051b6cc1a585a40dc00c7f8113479e71f92b91a"", ""impact-v1.json"": ""8cf0e05747caa47f37f41d00e9d201f85eb381fd2546c3a23eabf3a385662c67""}"
w07,w07-13,1bf855e0b209823644769b555fce4e8e44123657795de813df49341dbfe0dc95,001000000,8d4c46bcb8700b2fd70e4911d4a5730f6d374a185c2b307ef629d3b5f55dccf0,64e8b443b2cdbfa3367669e16836c630e0dc6fe2f6e58ab20ac937d121dd97d7,1,COMPLETE,0,35.541255666001234,COMPLETE,COMPLETE,0,PARTIAL_COMPENSATED,EXACT,14e43e7c-1886-47ce-a01a-2a2f88f52e3e,SUCCEEDED,,"[{""bodyOutcome"": ""NOT_RUN"", ""exceptionClass"": null, ""exceptionMessage"": null, ""faultOrigin"": ""ASSIGNED"", ""kind"": ""FORWARD"", ""runtimeStepName"": ""getTournamentStep"", ""sourceStepId"": ""pt.ulisboa.tecnico.socialsoftware.quizzes.microservices.tournament.coordination.sagas.SolveQuizAsyncFunctionalitySagas::getTournamentStep#0"", ""status"": ""ASSIGNED_FAULT""}]",2.131082667,"[{""action"": ""setup-action-17"", ""inputs"": [""516f30f00796efa97335d71f6df3624226e983c55af6c4b37826b32f89c7de90"", ""5f51039398deeb3677d5ce3d4c69eaf110ea0de53d6f56f789642381b78b4000""], ""property"": ""aggregateId""}, {""action"": ""setup-action-5"", ""inputs"": [""516f30f00796efa97335d71f6df3624226e983c55af6c4b37826b32f89c7de90"", ""5f51039398deeb3677d5ce3d4c69eaf110ea0de53d6f56f789642381b78b4000""], ""property"": ""aggregateId""}]",True,[],"{""DELETED_DEPENDENCY"": 0, ""FAILED_OPERATION_RESIDUAL"": 0, ""UNRESOLVED_DELIVERED_EVENT"": 0}","{""execution.impact-v2.json"": ""c3aaa979d7eb777febb8bd33e6de55768a09d9886ec58df730580d4ec34432a6"", ""execution.json"": ""e6ebdd349caad00024768e270daa1eac018130f0557b0cd00740e750cafac804"", ""impact-v1.json"": ""34b37f88c454f1fe1128a907af7187bd032deabe4273093469df6417b52245a2""}"
w07,w07-14,cba54865085ee8a8388e1f191911ddf939998c3e2985e40b434e00f7616c7a82,001000000,8d4c46bcb8700b2fd70e4911d4a5730f6d374a185c2b307ef629d3b5f55dccf0,64e8b443b2cdbfa3367669e16836c630e0dc6fe2f6e58ab20ac937d121dd97d7,1,COMPLETE,0,30.343086707987823,COMPLETE,COMPLETE,0,PARTIAL_COMPENSATED,EXACT,1218c025-7078-4dfd-b292-0e50f658876f,SUCCEEDED,,"[{""bodyOutcome"": ""NOT_RUN"", ""exceptionClass"": null, ""exceptionMessage"": null, ""faultOrigin"": ""ASSIGNED"", ""kind"": ""FORWARD"", ""runtimeStepName"": ""getTournamentStep"", ""sourceStepId"": ""pt.ulisboa.tecnico.socialsoftware.quizzes.microservices.tournament.coordination.sagas.SolveQuizAsyncFunctionalitySagas::getTournamentStep#0"", ""status"": ""ASSIGNED_FAULT""}]",2.188292793,"[{""action"": ""setup-action-17"", ""inputs"": [""516f30f00796efa97335d71f6df3624226e983c55af6c4b37826b32f89c7de90"", ""5f51039398deeb3677d5ce3d4c69eaf110ea0de53d6f56f789642381b78b4000""], ""property"": ""aggregateId""}, {""action"": ""setup-action-5"", ""inputs"": [""516f30f00796efa97335d71f6df3624226e983c55af6c4b37826b32f89c7de90"", ""5f51039398deeb3677d5ce3d4c69eaf110ea0de53d6f56f789642381b78b4000""], ""property"": ""aggregateId""}]",True,[],"{""DELETED_DEPENDENCY"": 0, ""FAILED_OPERATION_RESIDUAL"": 0, ""UNRESOLVED_DELIVERED_EVENT"": 0}","{""execution.impact-v2.json"": ""8e3818386b518b43671d7338ec77947c021088dddbbf706b63dd9e38a43f292a"", ""execution.json"": ""b2cc6292eb9ad871751b849637b4d7162368dc427c55f0d5bd8dff2f268ffecb"", ""impact-v1.json"": ""9917543ccc894608a19ca30e207c8c6eb9240e9ff0fad19e2508413f3f2abd2b""}"
w07,w07-15,5126526462a7f32464e4c9dc5c55cf68790f698f5a634448561b428d8180ae04,010000000,8d4c46bcb8700b2fd70e4911d4a5730f6d374a185c2b307ef629d3b5f55dccf0,0ef6b377c93e521ca54e6c3cbef445cae6a96c8953a3a237be8404d1d53af304,1,COMPLETE,0,27.374491875001695,COMPLETE,COMPLETE,0,PARTIAL_COMPENSATED,EXACT,2556736d-9484-4fa0-9d3c-210aef9474b7,SUCCEEDED,,"[{""bodyOutcome"": ""NOT_RUN"", ""exceptionClass"": null, ""exceptionMessage"": null, ""faultOrigin"": ""ASSIGNED"", ""kind"": ""FORWARD"", ""runtimeStepName"": ""addParticipantStep"", ""sourceStepId"": ""pt.ulisboa.tecnico.socialsoftware.quizzes.microservices.tournament.coordination.sagas.AddParticipantFunctionalitySagas::addParticipantStep#0"", ""status"": ""ASSIGNED_FAULT""}]",2.134811084,"[{""action"": ""setup-action-17"", ""inputs"": [""516f30f00796efa97335d71f6df3624226e983c55af6c4b37826b32f89c7de90"", ""5f51039398deeb3677d5ce3d4c69eaf110ea0de53d6f56f789642381b78b4000""], ""property"": ""aggregateId""}, {""action"": ""setup-action-5"", ""inputs"": [""516f30f00796efa97335d71f6df3624226e983c55af6c4b37826b32f89c7de90"", ""5f51039398deeb3677d5ce3d4c69eaf110ea0de53d6f56f789642381b78b4000""], ""property"": ""aggregateId""}]",True,[],"{""DELETED_DEPENDENCY"": 0, ""FAILED_OPERATION_RESIDUAL"": 0, ""UNRESOLVED_DELIVERED_EVENT"": 0}","{""execution.impact-v2.json"": ""d43eb5ba7ab3c44f7be65b0acb296fbd79bd76ada13d139d00f7d0ddcd4aaf4c"", ""execution.json"": ""74fdc67e5590a47a65e998cd6962856dc198b0713bcf9afff20e9d6878e0c5cf"", ""impact-v1.json"": ""6d2a62c2b476371b1d9d64926becdaf60d4e327b654b132ba9a6406c8f01463b""}"
w07,w07-16,cd983e5e000b08d48642d0ecd3a4ddc1b7f60b46f627d6a2da6f1e91be0912b1,010000000,8d4c46bcb8700b2fd70e4911d4a5730f6d374a185c2b307ef629d3b5f55dccf0,0ef6b377c93e521ca54e6c3cbef445cae6a96c8953a3a237be8404d1d53af304,1,COMPLETE,0,26.925855707959272,COMPLETE,COMPLETE,0,PARTIAL_COMPENSATED,EXACT,5cb98058-23e1-493b-a3eb-c234efb5a5d3,SUCCEEDED,,"[{""bodyOutcome"": ""NOT_RUN"", ""exceptionClass"": null, ""exceptionMessage"": null, ""faultOrigin"": ""ASSIGNED"", ""kind"": ""FORWARD"", ""runtimeStepName"": ""addParticipantStep"", ""sourceStepId"": ""pt.ulisboa.tecnico.socialsoftware.quizzes.microservices.tournament.coordination.sagas.AddParticipantFunctionalitySagas::addParticipantStep#0"", ""status"": ""ASSIGNED_FAULT""}]",1.991049668,"[{""action"": ""setup-action-17"", ""inputs"": [""516f30f00796efa97335d71f6df3624226e983c55af6c4b37826b32f89c7de90"", ""5f51039398deeb3677d5ce3d4c69eaf110ea0de53d6f56f789642381b78b4000""], ""property"": ""aggregateId""}, {""action"": ""setup-action-5"", ""inputs"": [""516f30f00796efa97335d71f6df3624226e983c55af6c4b37826b32f89c7de90"", ""5f51039398deeb3677d5ce3d4c69eaf110ea0de53d6f56f789642381b78b4000""], ""property"": ""aggregateId""}]",True,[],"{""DELETED_DEPENDENCY"": 0, ""FAILED_OPERATION_RESIDUAL"": 0, ""UNRESOLVED_DELIVERED_EVENT"": 0}","{""execution.impact-v2.json"": ""5dce712f8fd5c11638268bd2fc283411560ec6e259e97e2152e7250ff6812316"", ""execution.json"": ""04f1862ee53ce3fe1068da205bffaa6e1c5eb10c661d8161bdac3f5967012313"", ""impact-v1.json"": ""37984ff748a1f96358e5ff50e0bf00b1afb13dbe3e80ae3628455b966f2c1de9""}"
w07,w07-17,83335489549aa6783fe2ad6f1b889e869f93d64377d30443340991fe592de1aa,010000001,8d4c46bcb8700b2fd70e4911d4a5730f6d374a185c2b307ef629d3b5f55dccf0,d319a403e7ac469aa68bcfdf5dfce14a942ef3303c80782cf219626360bf4a52,1,COMPLETE,0,27.437936624977738,COMPLETE,COMPLETE,1,COMPENSATED,EXACT,f5be894f-1d1c-4f90-a7d3-50517f69e77a,SUCCEEDED,,"[{""bodyOutcome"": ""NOT_RUN"", ""exceptionClass"": null, ""exceptionMessage"": null, ""faultOrigin"": ""ASSIGNED"", ""kind"": ""FORWARD"", ""runtimeStepName"": ""addParticipantStep"", ""sourceStepId"": ""pt.ulisboa.tecnico.socialsoftware.quizzes.microservices.tournament.coordination.sagas.AddParticipantFunctionalitySagas::addParticipantStep#0"", ""status"": ""ASSIGNED_FAULT""}, {""bodyOutcome"": ""NOT_RUN"", ""exceptionClass"": null, ""exceptionMessage"": null, ""faultOrigin"": ""ASSIGNED"", ""kind"": ""FORWARD"", ""runtimeStepName"": ""solveQuizStep"", ""sourceStepId"": ""pt.ulisboa.tecnico.socialsoftware.quizzes.microservices.tournament.coordination.sagas.SolveQuizAsyncFunctionalitySagas::solveQuizStep#0"", ""status"": ""ASSIGNED_FAULT""}, {""bodyOutcome"": ""NOT_APPLICABLE"", ""exceptionClass"": null, ""exceptionMessage"": null, ""faultOrigin"": null, ""kind"": ""COMPENSATION"", ""runtimeStepName"": ""startQuizAnswerStep"", ""sourceStepId"": ""pt.ulisboa.tecnico.socialsoftware.quizzes.microservices.tournament.coordination.sagas.SolveQuizAsyncFunctionalitySagas::startQuizAnswerStep#0"", ""status"": ""COMPENSATED""}, {""bodyOutcome"": ""NOT_APPLICABLE"", ""exceptionClass"": null, ""exceptionMessage"": null, ""faultOrigin"": null, ""kind"": ""COMPENSATION"", ""runtimeStepName"": ""startQuizStep"", ""sourceStepId"": ""pt.ulisboa.tecnico.socialsoftware.quizzes.microservices.tournament.coordination.sagas.SolveQuizAsyncFunctionalitySagas::startQuizStep#0"", ""status"": ""COMPENSATED""}, {""bodyOutcome"": ""NOT_APPLICABLE"", ""exceptionClass"": null, ""exceptionMessage"": null, ""faultOrigin"": null, ""kind"": ""COMPENSATION"", ""runtimeStepName"": ""getTournamentStep"", ""sourceStepId"": ""pt.ulisboa.tecnico.socialsoftware.quizzes.microservices.tournament.coordination.sagas.SolveQuizAsyncFunctionalitySagas::getTournamentStep#0"", ""status"": ""COMPENSATED""}]",1.868836001,"[{""action"": ""setup-action-17"", ""inputs"": [""516f30f00796efa97335d71f6df3624226e983c55af6c4b37826b32f89c7de90"", ""5f51039398deeb3677d5ce3d4c69eaf110ea0de53d6f56f789642381b78b4000""], ""property"": ""aggregateId""}, {""action"": ""setup-action-5"", ""inputs"": [""516f30f00796efa97335d71f6df3624226e983c55af6c4b37826b32f89c7de90"", ""5f51039398deeb3677d5ce3d4c69eaf110ea0de53d6f56f789642381b78b4000""], ""property"": ""aggregateId""}]",True,"[{""baselineLifecycle"": ""ABSENT"", ""categories"": [""FAILED_OPERATION_RESIDUAL""], ""finalLifecycle"": ""DELETED"", ""identity"": {""aggregateId"": 14, ""aggregateType"": ""SagaQuizAnswer""}}]","{""DELETED_DEPENDENCY"": 0, ""FAILED_OPERATION_RESIDUAL"": 1, ""UNRESOLVED_DELIVERED_EVENT"": 0}","{""execution.impact-v2.json"": ""acafffe94cc84eee5cc75aecf5ee4e96b56c7331ced0ae8d26d352101acee732"", ""execution.json"": ""479ad8f769638e7d8bab8c8e8d255ad98347ec904ce34b4fa57318fb265fe518"", ""impact-v1.json"": ""119640abd131e40159aa51ed0fa099bbe356dbd3fcd8d485b1b53a8beedab523""}"
w07,w07-18,eec40cae25b643d1c197d97082e89d05cf80dbc67e2b3b640a5ccd3eb7a899e3,010000010,8d4c46bcb8700b2fd70e4911d4a5730f6d374a185c2b307ef629d3b5f55dccf0,18ac79e800bc7d118b84777200b259de4fb3c1587efc384a0bf5efd7dd1411bb,1,COMPLETE,0,27.457157500030007,COMPLETE,COMPLETE,0,COMPENSATED,EXACT,13fb91fa-ac7c-4a62-8af9-c6e5b63fa476,SUCCEEDED,,"[{""bodyOutcome"": ""NOT_RUN"", ""exceptionClass"": null, ""exceptionMessage"": null, ""faultOrigin"": ""ASSIGNED"", ""kind"": ""FORWARD"", ""runtimeStepName"": ""addParticipantStep"", ""sourceStepId"": ""pt.ulisboa.tecnico.socialsoftware.quizzes.microservices.tournament.coordination.sagas.AddParticipantFunctionalitySagas::addParticipantStep#0"", ""status"": ""ASSIGNED_FAULT""}, {""bodyOutcome"": ""NOT_RUN"", ""exceptionClass"": null, ""exceptionMessage"": null, ""faultOrigin"": ""ASSIGNED"", ""kind"": ""FORWARD"", ""runtimeStepName"": ""startQuizAnswerStep"", ""sourceStepId"": ""pt.ulisboa.tecnico.socialsoftware.quizzes.microservices.tournament.coordination.sagas.SolveQuizAsyncFunctionalitySagas::startQuizAnswerStep#0"", ""status"": ""ASSIGNED_FAULT""}, {""bodyOutcome"": ""NOT_APPLICABLE"", ""exceptionClass"": null, ""exceptionMessage"": null, ""faultOrigin"": null, ""kind"": ""COMPENSATION"", ""runtimeStepName"": ""startQuizStep"", ""sourceStepId"": ""pt.ulisboa.tecnico.socialsoftware.quizzes.microservices.tournament.coordination.sagas.SolveQuizAsyncFunctionalitySagas::startQuizStep#0"", ""status"": ""COMPENSATED""}, {""bodyOutcome"": ""NOT_APPLICABLE"", ""exceptionClass"": null, ""exceptionMessage"": null, ""faultOrigin"": null, ""kind"": ""COMPENSATION"", ""runtimeStepName"": ""getTournamentStep"", ""sourceStepId"": ""pt.ulisboa.tecnico.socialsoftware.quizzes.microservices.tournament.coordination.sagas.SolveQuizAsyncFunctionalitySagas::getTournamentStep#0"", ""status"": ""COMPENSATED""}]",2.063550543,"[{""action"": ""setup-action-17"", ""inputs"": [""516f30f00796efa97335d71f6df3624226e983c55af6c4b37826b32f89c7de90"", ""5f51039398deeb3677d5ce3d4c69eaf110ea0de53d6f56f789642381b78b4000""], ""property"": ""aggregateId""}, {""action"": ""setup-action-5"", ""inputs"": [""516f30f00796efa97335d71f6df3624226e983c55af6c4b37826b32f89c7de90"", ""5f51039398deeb3677d5ce3d4c69eaf110ea0de53d6f56f789642381b78b4000""], ""property"": ""aggregateId""}]",True,[],"{""DELETED_DEPENDENCY"": 0, ""FAILED_OPERATION_RESIDUAL"": 0, ""UNRESOLVED_DELIVERED_EVENT"": 0}","{""execution.impact-v2.json"": ""810b7fe458656602bb976aab624c266615c0e15a1e02f8f9fb8b82e5caadeb70"", ""execution.json"": ""6835523391ea7dc48497a605774c7c74b58dcd41f0821fadad4b8f8b6a0060ec"", ""impact-v1.json"": ""4514df62f32332489ea0c255304c98ea48c49270987e6f6bdad328758be8dc24""}"
w07,w07-19,dfbc5e050390c40b6e2c34e35bf0472bfbe622fb7f16c556ee6ddbeeb5964139,010000100,8d4c46bcb8700b2fd70e4911d4a5730f6d374a185c2b307ef629d3b5f55dccf0,c23a5320d5040240c11b0ae0e7f7068434786b5ac6014b60b5646ae3e5b59e64,1,COMPLETE,0,25.005829124944285,COMPLETE,COMPLETE,0,COMPENSATED,EXACT,3e57be39-9856-4959-9456-23b5489d775a,SUCCEEDED,,"[{""bodyOutcome"": ""NOT_RUN"", ""exceptionClass"": null, ""exceptionMessage"": null, ""faultOrigin"": ""ASSIGNED"", ""kind"": ""FORWARD"", ""runtimeStepName"": ""addParticipantStep"", ""sourceStepId"": ""pt.ulisboa.tecnico.socialsoftware.quizzes.microservices.tournament.coordination.sagas.AddParticipantFunctionalitySagas::addParticipantStep#0"", ""status"": ""ASSIGNED_FAULT""}, {""bodyOutcome"": ""NOT_RUN"", ""exceptionClass"": null, ""exceptionMessage"": null, ""faultOrigin"": ""ASSIGNED"", ""kind"": ""FORWARD"", ""runtimeStepName"": ""getStudentByExecutionIdAndUserIdAsyncStep"", ""sourceStepId"": ""pt.ulisboa.tecnico.socialsoftware.quizzes.microservices.tournament.coordination.sagas.SolveQuizAsyncFunctionalitySagas::getStudentByExecutionIdAndUserIdAsyncStep#0"", ""status"": ""ASSIGNED_FAULT""}, {""bodyOutcome"": ""NOT_APPLICABLE"", ""exceptionClass"": null, ""exceptionMessage"": null, ""faultOrigin"": null, ""kind"": ""COMPENSATION"", ""runtimeStepName"": ""startQuizStep"", ""sourceStepId"": ""pt.ulisboa.tecnico.socialsoftware.quizzes.microservices.tournament.coordination.sagas.SolveQuizAsyncFunctionalitySagas::startQuizStep#0"", ""status"": ""COMPENSATED""}, {""bodyOutcome"": ""NOT_APPLICABLE"", ""exceptionClass"": null, ""exceptionMessage"": null, ""faultOrigin"": null, ""kind"": ""COMPENSATION"", ""runtimeStepName"": ""getTournamentStep"", ""sourceStepId"": ""pt.ulisboa.tecnico.socialsoftware.quizzes.microservices.tournament.coordination.sagas.SolveQuizAsyncFunctionalitySagas::getTournamentStep#0"", ""status"": ""COMPENSATED""}]",2.299346334,"[{""action"": ""setup-action-17"", ""inputs"": [""516f30f00796efa97335d71f6df3624226e983c55af6c4b37826b32f89c7de90"", ""5f51039398deeb3677d5ce3d4c69eaf110ea0de53d6f56f789642381b78b4000""], ""property"": ""aggregateId""}, {""action"": ""setup-action-5"", ""inputs"": [""516f30f00796efa97335d71f6df3624226e983c55af6c4b37826b32f89c7de90"", ""5f51039398deeb3677d5ce3d4c69eaf110ea0de53d6f56f789642381b78b4000""], ""property"": ""aggregateId""}]",True,[],"{""DELETED_DEPENDENCY"": 0, ""FAILED_OPERATION_RESIDUAL"": 0, ""UNRESOLVED_DELIVERED_EVENT"": 0}","{""execution.impact-v2.json"": ""5fc61d286c8c8c5fc0b402db649e905da65a6c9c5785181e0e5ff562cf470f0e"", ""execution.json"": ""ef38ce7c87c460a5c3451a48e7c9d16f580bbd2ba3aed680cd4b72fdf7c16bd6"", ""impact-v1.json"": ""7a7a1026f3141a51c0960bda53251583253795941aa6691ef0c961857aad0516""}"
w07,w07-20,2cf775a8ffb86dc855fa7db1cdd6bcb73a209ffe8ff16beb00553b9429b43e25,010001000,8d4c46bcb8700b2fd70e4911d4a5730f6d374a185c2b307ef629d3b5f55dccf0,97536d4ef76b9a72903ecd3000157ebd95dee800848b8083d60df51b676ee341,1,COMPLETE,0,27.824029207986314,COMPLETE,COMPLETE,0,COMPENSATED,EXACT,ed960a6c-5904-4221-a823-3fadd191f9c2,SUCCEEDED,,"[{""bodyOutcome"": ""NOT_RUN"", ""exceptionClass"": null, ""exceptionMessage"": null, ""faultOrigin"": ""ASSIGNED"", ""kind"": ""FORWARD"", ""runtimeStepName"": ""addParticipantStep"", ""sourceStepId"": ""pt.ulisboa.tecnico.socialsoftware.quizzes.microservices.tournament.coordination.sagas.AddParticipantFunctionalitySagas::addParticipantStep#0"", ""status"": ""ASSIGNED_FAULT""}, {""bodyOutcome"": ""NOT_RUN"", ""exceptionClass"": null, ""exceptionMessage"": null, ""faultOrigin"": ""ASSIGNED"", ""kind"": ""FORWARD"", ""runtimeStepName"": ""getQuestionsByIdAsyncStep"", ""sourceStepId"": ""pt.ulisboa.tecnico.socialsoftware.quizzes.microservices.tournament.coordination.sagas.SolveQuizAsyncFunctionalitySagas::getQuestionsByIdAsyncStep#0"", ""status"": ""ASSIGNED_FAULT""}, {""bodyOutcome"": ""NOT_APPLICABLE"", ""exceptionClass"": null, ""exceptionMessage"": null, ""faultOrigin"": null, ""kind"": ""COMPENSATION"", ""runtimeStepName"": ""startQuizStep"", ""sourceStepId"": ""pt.ulisboa.tecnico.socialsoftware.quizzes.microservices.tournament.coordination.sagas.SolveQuizAsyncFunctionalitySagas::startQuizStep#0"", ""status"": ""COMPENSATED""}, {""bodyOutcome"": ""NOT_APPLICABLE"", ""exceptionClass"": null, ""exceptionMessage"": null, ""faultOrigin"": null, ""kind"": ""COMPENSATION"", ""runtimeStepName"": ""getTournamentStep"", ""sourceStepId"": ""pt.ulisboa.tecnico.socialsoftware.quizzes.microservices.tournament.coordination.sagas.SolveQuizAsyncFunctionalitySagas::getTournamentStep#0"", ""status"": ""COMPENSATED""}]",2.363284751,"[{""action"": ""setup-action-17"", ""inputs"": [""516f30f00796efa97335d71f6df3624226e983c55af6c4b37826b32f89c7de90"", ""5f51039398deeb3677d5ce3d4c69eaf110ea0de53d6f56f789642381b78b4000""], ""property"": ""aggregateId""}, {""action"": ""setup-action-5"", ""inputs"": [""516f30f00796efa97335d71f6df3624226e983c55af6c4b37826b32f89c7de90"", ""5f51039398deeb3677d5ce3d4c69eaf110ea0de53d6f56f789642381b78b4000""], ""property"": ""aggregateId""}]",True,[],"{""DELETED_DEPENDENCY"": 0, ""FAILED_OPERATION_RESIDUAL"": 0, ""UNRESOLVED_DELIVERED_EVENT"": 0}","{""execution.impact-v2.json"": ""eacc3ef08928680a244c401d9389f8038153d8a6208a236d4de2cd28f33e019c"", ""execution.json"": ""68cf32f0bd2238c46debc9b34f283e6b0fed234b4c6d121f78039b7e57327b28"", ""impact-v1.json"": ""bac086852f60167f4fa5ce477aeb880b7d861b672e384cc9be4494bf4063293e""}"
w07,w07-21,f858317685704a4c8c1da21dbb4bbec6b3f2b5e8471d7c7b35a4e1dbe37ec79f,010010000,8d4c46bcb8700b2fd70e4911d4a5730f6d374a185c2b307ef629d3b5f55dccf0,aea8b960c166bc0d421a3926b1d776561df18cefcce9d018ec57ca7e3a442752,1,COMPLETE,0,28.170700791990384,COMPLETE,COMPLETE,0,COMPENSATED,EXACT,b425d40f-9eda-4646-adac-009692d54dd9,SUCCEEDED,,"[{""bodyOutcome"": ""NOT_RUN"", ""exceptionClass"": null, ""exceptionMessage"": null, ""faultOrigin"": ""ASSIGNED"", ""kind"": ""FORWARD"", ""runtimeStepName"": ""addParticipantStep"", ""sourceStepId"": ""pt.ulisboa.tecnico.socialsoftware.quizzes.microservices.tournament.coordination.sagas.AddParticipantFunctionalitySagas::addParticipantStep#0"", ""status"": ""ASSIGNED_FAULT""}, {""bodyOutcome"": ""NOT_RUN"", ""exceptionClass"": null, ""exceptionMessage"": null, ""faultOrigin"": ""ASSIGNED"", ""kind"": ""FORWARD"", ""runtimeStepName"": ""getQuizByIdStep"", ""sourceStepId"": ""pt.ulisboa.tecnico.socialsoftware.quizzes.microservices.tournament.coordination.sagas.SolveQuizAsyncFunctionalitySagas::getQuizByIdStep#0"", ""status"": ""ASSIGNED_FAULT""}, {""bodyOutcome"": ""NOT_APPLICABLE"", ""exceptionClass"": null, ""exceptionMessage"": null, ""faultOrigin"": null, ""kind"": ""COMPENSATION"", ""runtimeStepName"": ""startQuizStep"", ""sourceStepId"": ""pt.ulisboa.tecnico.socialsoftware.quizzes.microservices.tournament.coordination.sagas.SolveQuizAsyncFunctionalitySagas::startQuizStep#0"", ""status"": ""COMPENSATED""}, {""bodyOutcome"": ""NOT_APPLICABLE"", ""exceptionClass"": null, ""exceptionMessage"": null, ""faultOrigin"": null, ""kind"": ""COMPENSATION"", ""runtimeStepName"": ""getTournamentStep"", ""sourceStepId"": ""pt.ulisboa.tecnico.socialsoftware.quizzes.microservices.tournament.coordination.sagas.SolveQuizAsyncFunctionalitySagas::getTournamentStep#0"", ""status"": ""COMPENSATED""}]",3.146271209,"[{""action"": ""setup-action-17"", ""inputs"": [""516f30f00796efa97335d71f6df3624226e983c55af6c4b37826b32f89c7de90"", ""5f51039398deeb3677d5ce3d4c69eaf110ea0de53d6f56f789642381b78b4000""], ""property"": ""aggregateId""}, {""action"": ""setup-action-5"", ""inputs"": [""516f30f00796efa97335d71f6df3624226e983c55af6c4b37826b32f89c7de90"", ""5f51039398deeb3677d5ce3d4c69eaf110ea0de53d6f56f789642381b78b4000""], ""property"": ""aggregateId""}]",True,[],"{""DELETED_DEPENDENCY"": 0, ""FAILED_OPERATION_RESIDUAL"": 0, ""UNRESOLVED_DELIVERED_EVENT"": 0}","{""execution.impact-v2.json"": ""302837c09e06ac774962f3a57e23f9b52a4ffb58710bde5f1cc911fa05b11564"", ""execution.json"": ""e9323812f53a928f5f5c068a02c79591ef785ff719b0a606e370db4bc2b766a4"", ""impact-v1.json"": ""6a02f333d78e28cb0c764ef68acf5d1534bb25c7eca1a328968191bcde122330""}"
w07,w07-22,265d7bebbfc6028395c6a55603f9ccc9fba6d5ee980b452bf198cd162d25af9d,010100000,8d4c46bcb8700b2fd70e4911d4a5730f6d374a185c2b307ef629d3b5f55dccf0,d7a8277d2a89539bb72ff550c1bc42127130eb284963dc4d228631969d1a596a,1,COMPLETE,0,26.55320650001522,COMPLETE,COMPLETE,0,COMPENSATED,EXACT,c40ec076-c683-4070-b4c1-96f0b6436703,SUCCEEDED,,"[{""bodyOutcome"": ""NOT_RUN"", ""exceptionClass"": null, ""exceptionMessage"": null, ""faultOrigin"": ""ASSIGNED"", ""kind"": ""FORWARD"", ""runtimeStepName"": ""addParticipantStep"", ""sourceStepId"": ""pt.ulisboa.tecnico.socialsoftware.quizzes.microservices.tournament.coordination.sagas.AddParticipantFunctionalitySagas::addParticipantStep#0"", ""status"": ""ASSIGNED_FAULT""}, {""bodyOutcome"": ""NOT_RUN"", ""exceptionClass"": null, ""exceptionMessage"": null, ""faultOrigin"": ""ASSIGNED"", ""kind"": ""FORWARD"", ""runtimeStepName"": ""startQuizStep"", ""sourceStepId"": ""pt.ulisboa.tecnico.socialsoftware.quizzes.microservices.tournament.coordination.sagas.SolveQuizAsyncFunctionalitySagas::startQuizStep#0"", ""status"": ""ASSIGNED_FAULT""}, {""bodyOutcome"": ""NOT_APPLICABLE"", ""exceptionClass"": null, ""exceptionMessage"": null, ""faultOrigin"": null, ""kind"": ""COMPENSATION"", ""runtimeStepName"": ""getTournamentStep"", ""sourceStepId"": ""pt.ulisboa.tecnico.socialsoftware.quizzes.microservices.tournament.coordination.sagas.SolveQuizAsyncFunctionalitySagas::getTournamentStep#0"", ""status"": ""COMPENSATED""}]",1.600178042,"[{""action"": ""setup-action-17"", ""inputs"": [""516f30f00796efa97335d71f6df3624226e983c55af6c4b37826b32f89c7de90"", ""5f51039398deeb3677d5ce3d4c69eaf110ea0de53d6f56f789642381b78b4000""], ""property"": ""aggregateId""}, {""action"": ""setup-action-5"", ""inputs"": [""516f30f00796efa97335d71f6df3624226e983c55af6c4b37826b32f89c7de90"", ""5f51039398deeb3677d5ce3d4c69eaf110ea0de53d6f56f789642381b78b4000""], ""property"": ""aggregateId""}]",True,[],"{""DELETED_DEPENDENCY"": 0, ""FAILED_OPERATION_RESIDUAL"": 0, ""UNRESOLVED_DELIVERED_EVENT"": 0}","{""execution.impact-v2.json"": ""d6aaaf1d4123e4cd2e9b43aa3ac526e60557549b39a1cfedce8f1353cdf997cc"", ""execution.json"": ""c6eac1d537749b6a6a1d26e7d2d5a78140dc5f76e62e0c2698c1eb8c39981c2e"", ""impact-v1.json"": ""7dd840377b914a5c8b30a57e37d8580b021c3b7556bbe445888ff8773c82f985""}"
w07,w07-23,9ca5aca3ab7db9a042c6143c7334225553327a705fd25bcc93978c4ae0f25c5c,011000000,8d4c46bcb8700b2fd70e4911d4a5730f6d374a185c2b307ef629d3b5f55dccf0,3284561fb78bb456de165ee3f1edfbdf293ed27d6ff5cdd902e02bdd2d1575e9,1,COMPLETE,0,26.22162083303556,COMPLETE,COMPLETE,0,COMPENSATED,EXACT,75cef06e-06c8-493a-a320-267896805444,SUCCEEDED,,"[{""bodyOutcome"": ""NOT_RUN"", ""exceptionClass"": null, ""exceptionMessage"": null, ""faultOrigin"": ""ASSIGNED"", ""kind"": ""FORWARD"", ""runtimeStepName"": ""addParticipantStep"", ""sourceStepId"": ""pt.ulisboa.tecnico.socialsoftware.quizzes.microservices.tournament.coordination.sagas.AddParticipantFunctionalitySagas::addParticipantStep#0"", ""status"": ""ASSIGNED_FAULT""}, {""bodyOutcome"": ""NOT_RUN"", ""exceptionClass"": null, ""exceptionMessage"": null, ""faultOrigin"": ""ASSIGNED"", ""kind"": ""FORWARD"", ""runtimeStepName"": ""getTournamentStep"", ""sourceStepId"": ""pt.ulisboa.tecnico.socialsoftware.quizzes.microservices.tournament.coordination.sagas.SolveQuizAsyncFunctionalitySagas::getTournamentStep#0"", ""status"": ""ASSIGNED_FAULT""}]",2.182026043,"[{""action"": ""setup-action-17"", ""inputs"": [""516f30f00796efa97335d71f6df3624226e983c55af6c4b37826b32f89c7de90"", ""5f51039398deeb3677d5ce3d4c69eaf110ea0de53d6f56f789642381b78b4000""], ""property"": ""aggregateId""}, {""action"": ""setup-action-5"", ""inputs"": [""516f30f00796efa97335d71f6df3624226e983c55af6c4b37826b32f89c7de90"", ""5f51039398deeb3677d5ce3d4c69eaf110ea0de53d6f56f789642381b78b4000""], ""property"": ""aggregateId""}]",True,[],"{""DELETED_DEPENDENCY"": 0, ""FAILED_OPERATION_RESIDUAL"": 0, ""UNRESOLVED_DELIVERED_EVENT"": 0}","{""execution.impact-v2.json"": ""ec49921d3ca7676f96241c71b3cebf1f1d7c77ab86307dc3bd0ec5c420e603d7"", ""execution.json"": ""af679f7e662fc918b5494e922b2fe71ba4365c5f8c5b2b0865133976175612c2"", ""impact-v1.json"": ""2cec73d0eadaa8c003ba3041174de56fb367e0d053eab9a8b71e461fbc643465""}"
w07,w07-24,36442ccde0ee082934255af4a95dbbd60642210612beaa41190e4c962fc2584c,100000000,8d4c46bcb8700b2fd70e4911d4a5730f6d374a185c2b307ef629d3b5f55dccf0,9d043824874640ad83befafeb27da21bca5b425a3a6bfa0a8135e6666750e7ce,1,COMPLETE,0,38.559230167011265,COMPLETE,COMPLETE,0,PARTIAL_COMPENSATED,EXACT,9375b14c-cd41-4afb-8f7c-2649283665e2,SUCCEEDED,,"[{""bodyOutcome"": ""NOT_RUN"", ""exceptionClass"": null, ""exceptionMessage"": null, ""faultOrigin"": ""ASSIGNED"", ""kind"": ""FORWARD"", ""runtimeStepName"": ""getUserStep"", ""sourceStepId"": ""pt.ulisboa.tecnico.socialsoftware.quizzes.microservices.tournament.coordination.sagas.AddParticipantFunctionalitySagas::getUserStep#0"", ""status"": ""ASSIGNED_FAULT""}]",3.70591471,"[{""action"": ""setup-action-17"", ""inputs"": [""516f30f00796efa97335d71f6df3624226e983c55af6c4b37826b32f89c7de90"", ""5f51039398deeb3677d5ce3d4c69eaf110ea0de53d6f56f789642381b78b4000""], ""property"": ""aggregateId""}, {""action"": ""setup-action-5"", ""inputs"": [""516f30f00796efa97335d71f6df3624226e983c55af6c4b37826b32f89c7de90"", ""5f51039398deeb3677d5ce3d4c69eaf110ea0de53d6f56f789642381b78b4000""], ""property"": ""aggregateId""}]",True,[],"{""DELETED_DEPENDENCY"": 0, ""FAILED_OPERATION_RESIDUAL"": 0, ""UNRESOLVED_DELIVERED_EVENT"": 0}","{""execution.impact-v2.json"": ""20fff6c126322b74ae882dc0d967bf89fb053b9d8abeec55cebf7d822317d1f1"", ""execution.json"": ""13533cc0f81b4a485c9e03a17f69cae6ce078ab242b98f2857d82a4121424a4f"", ""impact-v1.json"": ""1524b89ba4046ad73ef9b6963f22f796bae102c15c43ee751a61732f181cc298""}"
w07,w07-25,9aca1b9f7ecab9bc8fdc050573429bc7b312c2f6731693ab7cee15614600a20e,100000000,8d4c46bcb8700b2fd70e4911d4a5730f6d374a185c2b307ef629d3b5f55dccf0,9d043824874640ad83befafeb27da21bca5b425a3a6bfa0a8135e6666750e7ce,1,COMPLETE,0,38.53164820896927,COMPLETE,COMPLETE,0,PARTIAL_COMPENSATED,EXACT,220af121-bc12-49d0-a8c0-fe2cd1fd82a0,SUCCEEDED,,"[{""bodyOutcome"": ""NOT_RUN"", ""exceptionClass"": null, ""exceptionMessage"": null, ""faultOrigin"": ""ASSIGNED"", ""kind"": ""FORWARD"", ""runtimeStepName"": ""getUserStep"", ""sourceStepId"": ""pt.ulisboa.tecnico.socialsoftware.quizzes.microservices.tournament.coordination.sagas.AddParticipantFunctionalitySagas::getUserStep#0"", ""status"": ""ASSIGNED_FAULT""}]",2.572511877,"[{""action"": ""setup-action-17"", ""inputs"": [""516f30f00796efa97335d71f6df3624226e983c55af6c4b37826b32f89c7de90"", ""5f51039398deeb3677d5ce3d4c69eaf110ea0de53d6f56f789642381b78b4000""], ""property"": ""aggregateId""}, {""action"": ""setup-action-5"", ""inputs"": [""516f30f00796efa97335d71f6df3624226e983c55af6c4b37826b32f89c7de90"", ""5f51039398deeb3677d5ce3d4c69eaf110ea0de53d6f56f789642381b78b4000""], ""property"": ""aggregateId""}]",True,[],"{""DELETED_DEPENDENCY"": 0, ""FAILED_OPERATION_RESIDUAL"": 0, ""UNRESOLVED_DELIVERED_EVENT"": 0}","{""execution.impact-v2.json"": ""1067ea52132057dc64c48309027e689bfb5c66c821ddf6414a89287ce4464e54"", ""execution.json"": ""a70aad23e9a1b1b5a16a0578b1dc029e8bee21cf0f8724e5d3e2a3df78bd94a6"", ""impact-v1.json"": ""e726920b4139e36e2eed0dddf25ad36e59686ac90015a0c46cc1af481ca76371""}"
w07,w07-26,31b328f365c91e65885e2f84fe2a66fcdda31aa2c6b74cedf0c710a2f67d7256,100000001,8d4c46bcb8700b2fd70e4911d4a5730f6d374a185c2b307ef629d3b5f55dccf0,3b8ef5544fbb186079e2718e558b59ee12caa38425769ee2678fde5238d58ea7,1,COMPLETE,0,27.934538041998167,COMPLETE,COMPLETE,1,COMPENSATED,EXACT,405d8793-755a-4d00-a52c-89e757e4c6e6,SUCCEEDED,,"[{""bodyOutcome"": ""NOT_RUN"", ""exceptionClass"": null, ""exceptionMessage"": null, ""faultOrigin"": ""ASSIGNED"", ""kind"": ""FORWARD"", ""runtimeStepName"": ""getUserStep"", ""sourceStepId"": ""pt.ulisboa.tecnico.socialsoftware.quizzes.microservices.tournament.coordination.sagas.AddParticipantFunctionalitySagas::getUserStep#0"", ""status"": ""ASSIGNED_FAULT""}, {""bodyOutcome"": ""NOT_RUN"", ""exceptionClass"": null, ""exceptionMessage"": null, ""faultOrigin"": ""ASSIGNED"", ""kind"": ""FORWARD"", ""runtimeStepName"": ""solveQuizStep"", ""sourceStepId"": ""pt.ulisboa.tecnico.socialsoftware.quizzes.microservices.tournament.coordination.sagas.SolveQuizAsyncFunctionalitySagas::solveQuizStep#0"", ""status"": ""ASSIGNED_FAULT""}, {""bodyOutcome"": ""NOT_APPLICABLE"", ""exceptionClass"": null, ""exceptionMessage"": null, ""faultOrigin"": null, ""kind"": ""COMPENSATION"", ""runtimeStepName"": ""startQuizAnswerStep"", ""sourceStepId"": ""pt.ulisboa.tecnico.socialsoftware.quizzes.microservices.tournament.coordination.sagas.SolveQuizAsyncFunctionalitySagas::startQuizAnswerStep#0"", ""status"": ""COMPENSATED""}, {""bodyOutcome"": ""NOT_APPLICABLE"", ""exceptionClass"": null, ""exceptionMessage"": null, ""faultOrigin"": null, ""kind"": ""COMPENSATION"", ""runtimeStepName"": ""startQuizStep"", ""sourceStepId"": ""pt.ulisboa.tecnico.socialsoftware.quizzes.microservices.tournament.coordination.sagas.SolveQuizAsyncFunctionalitySagas::startQuizStep#0"", ""status"": ""COMPENSATED""}, {""bodyOutcome"": ""NOT_APPLICABLE"", ""exceptionClass"": null, ""exceptionMessage"": null, ""faultOrigin"": null, ""kind"": ""COMPENSATION"", ""runtimeStepName"": ""getTournamentStep"", ""sourceStepId"": ""pt.ulisboa.tecnico.socialsoftware.quizzes.microservices.tournament.coordination.sagas.SolveQuizAsyncFunctionalitySagas::getTournamentStep#0"", ""status"": ""COMPENSATED""}]",2.005555209,"[{""action"": ""setup-action-17"", ""inputs"": [""516f30f00796efa97335d71f6df3624226e983c55af6c4b37826b32f89c7de90"", ""5f51039398deeb3677d5ce3d4c69eaf110ea0de53d6f56f789642381b78b4000""], ""property"": ""aggregateId""}, {""action"": ""setup-action-5"", ""inputs"": [""516f30f00796efa97335d71f6df3624226e983c55af6c4b37826b32f89c7de90"", ""5f51039398deeb3677d5ce3d4c69eaf110ea0de53d6f56f789642381b78b4000""], ""property"": ""aggregateId""}]",True,"[{""baselineLifecycle"": ""ABSENT"", ""categories"": [""FAILED_OPERATION_RESIDUAL""], ""finalLifecycle"": ""DELETED"", ""identity"": {""aggregateId"": 14, ""aggregateType"": ""SagaQuizAnswer""}}]","{""DELETED_DEPENDENCY"": 0, ""FAILED_OPERATION_RESIDUAL"": 1, ""UNRESOLVED_DELIVERED_EVENT"": 0}","{""execution.impact-v2.json"": ""36c5d6e196bb447e353f7ff004b534513b2df2e69966185785bb84932486fc6c"", ""execution.json"": ""95118b621837e3ecc015ccf4f8256f14541f08f055192f5ae4fa67b048fa8810"", ""impact-v1.json"": ""9994bc605a00083090b17aa64d7563b6ee81e6851a80c3cb98381ac99f649017""}"
w07,w07-27,3599e4febe1d353f4125c107b01780c995f09408a94c6d1c956870861ab66812,100000010,8d4c46bcb8700b2fd70e4911d4a5730f6d374a185c2b307ef629d3b5f55dccf0,dcdc5961404bc82ca18b55f45c280df610ce2743dc2e7bc8ec7d324f04f6bfb2,1,COMPLETE,0,27.85091774998,COMPLETE,COMPLETE,0,COMPENSATED,EXACT,d7386f68-e7e1-4cbd-a2dd-ae3062dbd36b,SUCCEEDED,,"[{""bodyOutcome"": ""NOT_RUN"", ""exceptionClass"": null, ""exceptionMessage"": null, ""faultOrigin"": ""ASSIGNED"", ""kind"": ""FORWARD"", ""runtimeStepName"": ""getUserStep"", ""sourceStepId"": ""pt.ulisboa.tecnico.socialsoftware.quizzes.microservices.tournament.coordination.sagas.AddParticipantFunctionalitySagas::getUserStep#0"", ""status"": ""ASSIGNED_FAULT""}, {""bodyOutcome"": ""NOT_RUN"", ""exceptionClass"": null, ""exceptionMessage"": null, ""faultOrigin"": ""ASSIGNED"", ""kind"": ""FORWARD"", ""runtimeStepName"": ""startQuizAnswerStep"", ""sourceStepId"": ""pt.ulisboa.tecnico.socialsoftware.quizzes.microservices.tournament.coordination.sagas.SolveQuizAsyncFunctionalitySagas::startQuizAnswerStep#0"", ""status"": ""ASSIGNED_FAULT""}, {""bodyOutcome"": ""NOT_APPLICABLE"", ""exceptionClass"": null, ""exceptionMessage"": null, ""faultOrigin"": null, ""kind"": ""COMPENSATION"", ""runtimeStepName"": ""startQuizStep"", ""sourceStepId"": ""pt.ulisboa.tecnico.socialsoftware.quizzes.microservices.tournament.coordination.sagas.SolveQuizAsyncFunctionalitySagas::startQuizStep#0"", ""status"": ""COMPENSATED""}, {""bodyOutcome"": ""NOT_APPLICABLE"", ""exceptionClass"": null, ""exceptionMessage"": null, ""faultOrigin"": null, ""kind"": ""COMPENSATION"", ""runtimeStepName"": ""getTournamentStep"", ""sourceStepId"": ""pt.ulisboa.tecnico.socialsoftware.quizzes.microservices.tournament.coordination.sagas.SolveQuizAsyncFunctionalitySagas::getTournamentStep#0"", ""status"": ""COMPENSATED""}]",2.218434376,"[{""action"": ""setup-action-17"", ""inputs"": [""516f30f00796efa97335d71f6df3624226e983c55af6c4b37826b32f89c7de90"", ""5f51039398deeb3677d5ce3d4c69eaf110ea0de53d6f56f789642381b78b4000""], ""property"": ""aggregateId""}, {""action"": ""setup-action-5"", ""inputs"": [""516f30f00796efa97335d71f6df3624226e983c55af6c4b37826b32f89c7de90"", ""5f51039398deeb3677d5ce3d4c69eaf110ea0de53d6f56f789642381b78b4000""], ""property"": ""aggregateId""}]",True,[],"{""DELETED_DEPENDENCY"": 0, ""FAILED_OPERATION_RESIDUAL"": 0, ""UNRESOLVED_DELIVERED_EVENT"": 0}","{""execution.impact-v2.json"": ""543b16766774a8081a27f71f9fce48c33939807235a7c2bb71d5a3d69e8137bd"", ""execution.json"": ""d15d45237d5170682a1e401f284cb3aca78371d55696c4cee7ca8539ba05e1c0"", ""impact-v1.json"": ""004618484e2e7c75c3510a1bc93d480e590efa124215295b130e7dafe11a0ecb""}"
w07,w07-28,84785b4a2bd7b5d26f9c8b80c6933ca9bc8463663e0154e33f2be1602b8563ec,100000100,8d4c46bcb8700b2fd70e4911d4a5730f6d374a185c2b307ef629d3b5f55dccf0,f002c944aaafa8870579cd7b4a446236a4fec759e59afd06aed419dad2f9e4e4,1,COMPLETE,0,27.75213104096474,COMPLETE,COMPLETE,0,COMPENSATED,EXACT,1af573bc-5696-46e6-875b-1fdb7d61a247,SUCCEEDED,,"[{""bodyOutcome"": ""NOT_RUN"", ""exceptionClass"": null, ""exceptionMessage"": null, ""faultOrigin"": ""ASSIGNED"", ""kind"": ""FORWARD"", ""runtimeStepName"": ""getUserStep"", ""sourceStepId"": ""pt.ulisboa.tecnico.socialsoftware.quizzes.microservices.tournament.coordination.sagas.AddParticipantFunctionalitySagas::getUserStep#0"", ""status"": ""ASSIGNED_FAULT""}, {""bodyOutcome"": ""NOT_RUN"", ""exceptionClass"": null, ""exceptionMessage"": null, ""faultOrigin"": ""ASSIGNED"", ""kind"": ""FORWARD"", ""runtimeStepName"": ""getStudentByExecutionIdAndUserIdAsyncStep"", ""sourceStepId"": ""pt.ulisboa.tecnico.socialsoftware.quizzes.microservices.tournament.coordination.sagas.SolveQuizAsyncFunctionalitySagas::getStudentByExecutionIdAndUserIdAsyncStep#0"", ""status"": ""ASSIGNED_FAULT""}, {""bodyOutcome"": ""NOT_APPLICABLE"", ""exceptionClass"": null, ""exceptionMessage"": null, ""faultOrigin"": null, ""kind"": ""COMPENSATION"", ""runtimeStepName"": ""startQuizStep"", ""sourceStepId"": ""pt.ulisboa.tecnico.socialsoftware.quizzes.microservices.tournament.coordination.sagas.SolveQuizAsyncFunctionalitySagas::startQuizStep#0"", ""status"": ""COMPENSATED""}, {""bodyOutcome"": ""NOT_APPLICABLE"", ""exceptionClass"": null, ""exceptionMessage"": null, ""faultOrigin"": null, ""kind"": ""COMPENSATION"", ""runtimeStepName"": ""getTournamentStep"", ""sourceStepId"": ""pt.ulisboa.tecnico.socialsoftware.quizzes.microservices.tournament.coordination.sagas.SolveQuizAsyncFunctionalitySagas::getTournamentStep#0"", ""status"": ""COMPENSATED""}]",2.089685625,"[{""action"": ""setup-action-17"", ""inputs"": [""516f30f00796efa97335d71f6df3624226e983c55af6c4b37826b32f89c7de90"", ""5f51039398deeb3677d5ce3d4c69eaf110ea0de53d6f56f789642381b78b4000""], ""property"": ""aggregateId""}, {""action"": ""setup-action-5"", ""inputs"": [""516f30f00796efa97335d71f6df3624226e983c55af6c4b37826b32f89c7de90"", ""5f51039398deeb3677d5ce3d4c69eaf110ea0de53d6f56f789642381b78b4000""], ""property"": ""aggregateId""}]",True,[],"{""DELETED_DEPENDENCY"": 0, ""FAILED_OPERATION_RESIDUAL"": 0, ""UNRESOLVED_DELIVERED_EVENT"": 0}","{""execution.impact-v2.json"": ""52883ce90958e096c1fa5681021e3934164d7f563b895380218811f39bfb47c6"", ""execution.json"": ""9e3004eddb80be32282b801bf78af9f33b27e5e4412c16f426d8b9e9d28fb804"", ""impact-v1.json"": ""00563f897fa5fbee3b593db2b9b8f0d09eec10944232e85897c804f9b5f46cd9""}"
w07,w07-29,27d61185b8e2700c5e4e3a4cacaa94491700c550390d5ebb83a0a3c63dec161b,100001000,8d4c46bcb8700b2fd70e4911d4a5730f6d374a185c2b307ef629d3b5f55dccf0,2eded506048c52092f6b63dd384a4bc312c9ce84f2fb50dd57bcaf33c677b2b7,1,COMPLETE,0,25.25496283301618,COMPLETE,COMPLETE,0,COMPENSATED,EXACT,7eef9bfa-20a8-4fe8-ab8c-9071b158919f,SUCCEEDED,,"[{""bodyOutcome"": ""NOT_RUN"", ""exceptionClass"": null, ""exceptionMessage"": null, ""faultOrigin"": ""ASSIGNED"", ""kind"": ""FORWARD"", ""runtimeStepName"": ""getUserStep"", ""sourceStepId"": ""pt.ulisboa.tecnico.socialsoftware.quizzes.microservices.tournament.coordination.sagas.AddParticipantFunctionalitySagas::getUserStep#0"", ""status"": ""ASSIGNED_FAULT""}, {""bodyOutcome"": ""NOT_RUN"", ""exceptionClass"": null, ""exceptionMessage"": null, ""faultOrigin"": ""ASSIGNED"", ""kind"": ""FORWARD"", ""runtimeStepName"": ""getQuestionsByIdAsyncStep"", ""sourceStepId"": ""pt.ulisboa.tecnico.socialsoftware.quizzes.microservices.tournament.coordination.sagas.SolveQuizAsyncFunctionalitySagas::getQuestionsByIdAsyncStep#0"", ""status"": ""ASSIGNED_FAULT""}, {""bodyOutcome"": ""NOT_APPLICABLE"", ""exceptionClass"": null, ""exceptionMessage"": null, ""faultOrigin"": null, ""kind"": ""COMPENSATION"", ""runtimeStepName"": ""startQuizStep"", ""sourceStepId"": ""pt.ulisboa.tecnico.socialsoftware.quizzes.microservices.tournament.coordination.sagas.SolveQuizAsyncFunctionalitySagas::startQuizStep#0"", ""status"": ""COMPENSATED""}, {""bodyOutcome"": ""NOT_APPLICABLE"", ""exceptionClass"": null, ""exceptionMessage"": null, ""faultOrigin"": null, ""kind"": ""COMPENSATION"", ""runtimeStepName"": ""getTournamentStep"", ""sourceStepId"": ""pt.ulisboa.tecnico.socialsoftware.quizzes.microservices.tournament.coordination.sagas.SolveQuizAsyncFunctionalitySagas::getTournamentStep#0"", ""status"": ""COMPENSATED""}]",2.044547876,"[{""action"": ""setup-action-17"", ""inputs"": [""516f30f00796efa97335d71f6df3624226e983c55af6c4b37826b32f89c7de90"", ""5f51039398deeb3677d5ce3d4c69eaf110ea0de53d6f56f789642381b78b4000""], ""property"": ""aggregateId""}, {""action"": ""setup-action-5"", ""inputs"": [""516f30f00796efa97335d71f6df3624226e983c55af6c4b37826b32f89c7de90"", ""5f51039398deeb3677d5ce3d4c69eaf110ea0de53d6f56f789642381b78b4000""], ""property"": ""aggregateId""}]",True,[],"{""DELETED_DEPENDENCY"": 0, ""FAILED_OPERATION_RESIDUAL"": 0, ""UNRESOLVED_DELIVERED_EVENT"": 0}","{""execution.impact-v2.json"": ""4b9d9d7bb66ca4062c29bc56a91273e24bc2a34407471d7fc1d786dadc7fad61"", ""execution.json"": ""99bc2491e12a1ac2fe59019f779c6a80697ce5cd22d343fcf5cbb94a47cf905d"", ""impact-v1.json"": ""73a4dc5fe5036c022d5ad0ac1873ee3e2c81e31aaac2a9d5d3ce7997e5557296""}"
w07,w07-30,6618dc6186886bd70783c635649c7fa704e5e1dc123b91cb68374e5d5ae6d76f,100010000,8d4c46bcb8700b2fd70e4911d4a5730f6d374a185c2b307ef629d3b5f55dccf0,9286608a3a5759e780f0478a92024252150a404aadf1b82e2d17049f954afa62,1,COMPLETE,0,30.722360666957684,COMPLETE,COMPLETE,0,COMPENSATED,EXACT,12ccfb15-fa3f-404e-ae38-9f132754dcc8,SUCCEEDED,,"[{""bodyOutcome"": ""NOT_RUN"", ""exceptionClass"": null, ""exceptionMessage"": null, ""faultOrigin"": ""ASSIGNED"", ""kind"": ""FORWARD"", ""runtimeStepName"": ""getUserStep"", ""sourceStepId"": ""pt.ulisboa.tecnico.socialsoftware.quizzes.microservices.tournament.coordination.sagas.AddParticipantFunctionalitySagas::getUserStep#0"", ""status"": ""ASSIGNED_FAULT""}, {""bodyOutcome"": ""NOT_RUN"", ""exceptionClass"": null, ""exceptionMessage"": null, ""faultOrigin"": ""ASSIGNED"", ""kind"": ""FORWARD"", ""runtimeStepName"": ""getQuizByIdStep"", ""sourceStepId"": ""pt.ulisboa.tecnico.socialsoftware.quizzes.microservices.tournament.coordination.sagas.SolveQuizAsyncFunctionalitySagas::getQuizByIdStep#0"", ""status"": ""ASSIGNED_FAULT""}, {""bodyOutcome"": ""NOT_APPLICABLE"", ""exceptionClass"": null, ""exceptionMessage"": null, ""faultOrigin"": null, ""kind"": ""COMPENSATION"", ""runtimeStepName"": ""startQuizStep"", ""sourceStepId"": ""pt.ulisboa.tecnico.socialsoftware.quizzes.microservices.tournament.coordination.sagas.SolveQuizAsyncFunctionalitySagas::startQuizStep#0"", ""status"": ""COMPENSATED""}, {""bodyOutcome"": ""NOT_APPLICABLE"", ""exceptionClass"": null, ""exceptionMessage"": null, ""faultOrigin"": null, ""kind"": ""COMPENSATION"", ""runtimeStepName"": ""getTournamentStep"", ""sourceStepId"": ""pt.ulisboa.tecnico.socialsoftware.quizzes.microservices.tournament.coordination.sagas.SolveQuizAsyncFunctionalitySagas::getTournamentStep#0"", ""status"": ""COMPENSATED""}]",3.501523043,"[{""action"": ""setup-action-17"", ""inputs"": [""516f30f00796efa97335d71f6df3624226e983c55af6c4b37826b32f89c7de90"", ""5f51039398deeb3677d5ce3d4c69eaf110ea0de53d6f56f789642381b78b4000""], ""property"": ""aggregateId""}, {""action"": ""setup-action-5"", ""inputs"": [""516f30f00796efa97335d71f6df3624226e983c55af6c4b37826b32f89c7de90"", ""5f51039398deeb3677d5ce3d4c69eaf110ea0de53d6f56f789642381b78b4000""], ""property"": ""aggregateId""}]",True,[],"{""DELETED_DEPENDENCY"": 0, ""FAILED_OPERATION_RESIDUAL"": 0, ""UNRESOLVED_DELIVERED_EVENT"": 0}","{""execution.impact-v2.json"": ""f66d75cb6be5f154a29bd021fbc0c43bfa845db77b03b390a3d763a5fa18549a"", ""execution.json"": ""a8bf1830482438de0cd7640b425042dbc0180b84ccb3543965197cdae763d20c"", ""impact-v1.json"": ""42c6d52bed081927e9e92b9b2838be4924be322a8b2e26f34f5fd059b799e3fe""}"
w07,w07-31,51decadeeb018e00c6abced59b5204b9de02877396be10a89921ab9ab2afb488,100100000,8d4c46bcb8700b2fd70e4911d4a5730f6d374a185c2b307ef629d3b5f55dccf0,48080cd857f753bd155524d7f7e0035d9abaefb7cf6df6c9cd96fe661c17ebff,1,COMPLETE,0,32.070640499994624,COMPLETE,COMPLETE,0,COMPENSATED,EXACT,848e77b7-1ad9-4cc7-8801-721168158352,SUCCEEDED,,"[{""bodyOutcome"": ""NOT_RUN"", ""exceptionClass"": null, ""exceptionMessage"": null, ""faultOrigin"": ""ASSIGNED"", ""kind"": ""FORWARD"", ""runtimeStepName"": ""getUserStep"", ""sourceStepId"": ""pt.ulisboa.tecnico.socialsoftware.quizzes.microservices.tournament.coordination.sagas.AddParticipantFunctionalitySagas::getUserStep#0"", ""status"": ""ASSIGNED_FAULT""}, {""bodyOutcome"": ""NOT_RUN"", ""exceptionClass"": null, ""exceptionMessage"": null, ""faultOrigin"": ""ASSIGNED"", ""kind"": ""FORWARD"", ""runtimeStepName"": ""startQuizStep"", ""sourceStepId"": ""pt.ulisboa.tecnico.socialsoftware.quizzes.microservices.tournament.coordination.sagas.SolveQuizAsyncFunctionalitySagas::startQuizStep#0"", ""status"": ""ASSIGNED_FAULT""}, {""bodyOutcome"": ""NOT_APPLICABLE"", ""exceptionClass"": null, ""exceptionMessage"": null, ""faultOrigin"": null, ""kind"": ""COMPENSATION"", ""runtimeStepName"": ""getTournamentStep"", ""sourceStepId"": ""pt.ulisboa.tecnico.socialsoftware.quizzes.microservices.tournament.coordination.sagas.SolveQuizAsyncFunctionalitySagas::getTournamentStep#0"", ""status"": ""COMPENSATED""}]",3.595088459,"[{""action"": ""setup-action-17"", ""inputs"": [""516f30f00796efa97335d71f6df3624226e983c55af6c4b37826b32f89c7de90"", ""5f51039398deeb3677d5ce3d4c69eaf110ea0de53d6f56f789642381b78b4000""], ""property"": ""aggregateId""}, {""action"": ""setup-action-5"", ""inputs"": [""516f30f00796efa97335d71f6df3624226e983c55af6c4b37826b32f89c7de90"", ""5f51039398deeb3677d5ce3d4c69eaf110ea0de53d6f56f789642381b78b4000""], ""property"": ""aggregateId""}]",True,[],"{""DELETED_DEPENDENCY"": 0, ""FAILED_OPERATION_RESIDUAL"": 0, ""UNRESOLVED_DELIVERED_EVENT"": 0}","{""execution.impact-v2.json"": ""1bebe970ca9ab28be40338a2f0b897a734a512532024bd6b7febcd6512a3b14e"", ""execution.json"": ""866aa356b445fb6250320d3ecd5c6cd362380b5c7a2f88119816a7d0d949f1e9"", ""impact-v1.json"": ""999e3d7205616b5301e857d9c9e8a5b4d3e770221cabd719b5370046e4ce9379""}"
w07,w07-32,dc4e2382393200ea1f37b6c0d20bc9d59100744a11e3511bd7ad13c5eb2e53b9,101000000,8d4c46bcb8700b2fd70e4911d4a5730f6d374a185c2b307ef629d3b5f55dccf0,7a1344ad4afe77e20c4588ee2958c1c76f5cdd0e9ee955ae63c4877dac0053e9,1,COMPLETE,0,36.03242116700858,COMPLETE,COMPLETE,0,COMPENSATED,EXACT,61b0d65d-7ee2-4de4-b755-9ebc6adb856c,SUCCEEDED,,"[{""bodyOutcome"": ""NOT_RUN"", ""exceptionClass"": null, ""exceptionMessage"": null, ""faultOrigin"": ""ASSIGNED"", ""kind"": ""FORWARD"", ""runtimeStepName"": ""getUserStep"", ""sourceStepId"": ""pt.ulisboa.tecnico.socialsoftware.quizzes.microservices.tournament.coordination.sagas.AddParticipantFunctionalitySagas::getUserStep#0"", ""status"": ""ASSIGNED_FAULT""}, {""bodyOutcome"": ""NOT_RUN"", ""exceptionClass"": null, ""exceptionMessage"": null, ""faultOrigin"": ""ASSIGNED"", ""kind"": ""FORWARD"", ""runtimeStepName"": ""getTournamentStep"", ""sourceStepId"": ""pt.ulisboa.tecnico.socialsoftware.quizzes.microservices.tournament.coordination.sagas.SolveQuizAsyncFunctionalitySagas::getTournamentStep#0"", ""status"": ""ASSIGNED_FAULT""}]",2.326219626,"[{""action"": ""setup-action-17"", ""inputs"": [""516f30f00796efa97335d71f6df3624226e983c55af6c4b37826b32f89c7de90"", ""5f51039398deeb3677d5ce3d4c69eaf110ea0de53d6f56f789642381b78b4000""], ""property"": ""aggregateId""}, {""action"": ""setup-action-5"", ""inputs"": [""516f30f00796efa97335d71f6df3624226e983c55af6c4b37826b32f89c7de90"", ""5f51039398deeb3677d5ce3d4c69eaf110ea0de53d6f56f789642381b78b4000""], ""property"": ""aggregateId""}]",True,[],"{""DELETED_DEPENDENCY"": 0, ""FAILED_OPERATION_RESIDUAL"": 0, ""UNRESOLVED_DELIVERED_EVENT"": 0}","{""execution.impact-v2.json"": ""81a02f3af786ae3649ad0803eb9b07dc272b9f5ae96cbb13d8aee6dfe7e6540f"", ""execution.json"": ""bdaf8e5a259665ef284c13ac4a39df30678da0eaccdedcbe25d7cbcb3827481f"", ""impact-v1.json"": ""7ee297a3f044e46adbb3ee33cf0e659b050fe8cdd8dfaf0b78d79a13237e8a7a""}"
w08,w08-01,c79e537f740636827273493f4dab0545be20beefb7d2676fcf1c612366a9e58d,00000000000,73f6802f8ddfc7511dcbf3c3503efed120ebf3736ed5bfe8bc1f3cafe1ce37db,2f996745173b1bcb4c9af1fe6db33b40e63fa3374151cae115b5da8e0888710d,1,COMPLETE,0,35.69438749999972,COMPLETE,COMPLETE,0,PARTIAL_COMPENSATED,DEVIATED,639be6b6-2bb3-4d42-8da2-8c22845a7928,SUCCEEDED,,"[{""bodyOutcome"": ""FAILED"", ""exceptionClass"": ""pt.ulisboa.tecnico.socialsoftware.quizzes.microservices.exception.QuizzesException"", ""exceptionMessage"": ""Student with aggregate id 4 is already enrolled in course execution 2."", ""faultOrigin"": ""UNASSIGNED_RUNTIME"", ""kind"": ""FORWARD"", ""runtimeStepName"": ""enrollStudentStep"", ""sourceStepId"": ""pt.ulisboa.tecnico.socialsoftware.quizzes.microservices.execution.coordination.sagas.AddStudentFunctionalitySagas::enrollStudentStep#0"", ""status"": ""FAILED""}]",3.223674251,"[{""action"": ""setup-action-1"", ""inputs"": [""0fe4cf5be00237bf75f4071b4b48a1bcc0171247ea930796c342a2ef201b5255"", ""516f30f00796efa97335d71f6df3624226e983c55af6c4b37826b32f89c7de90""], ""property"": ""aggregateId""}, {""action"": ""setup-action-17"", ""inputs"": [""516f30f00796efa97335d71f6df3624226e983c55af6c4b37826b32f89c7de90"", ""5f51039398deeb3677d5ce3d4c69eaf110ea0de53d6f56f789642381b78b4000""], ""property"": ""aggregateId""}, {""action"": ""setup-action-5"", ""inputs"": [""0fe4cf5be00237bf75f4071b4b48a1bcc0171247ea930796c342a2ef201b5255"", ""516f30f00796efa97335d71f6df3624226e983c55af6c4b37826b32f89c7de90"", ""5f51039398deeb3677d5ce3d4c69eaf110ea0de53d6f56f789642381b78b4000""], ""property"": ""aggregateId""}]",True,[],"{""DELETED_DEPENDENCY"": 0, ""FAILED_OPERATION_RESIDUAL"": 0, ""UNRESOLVED_DELIVERED_EVENT"": 0}","{""execution.impact-v2.json"": ""d23c8afbe2b0a6c1b814c399268ae73f493b13a49f8bc311026ed2e355984cd7"", ""execution.json"": ""350144eaebeac57e0796599b75c55390c895d34b9cecccab6e7943089a393ddc"", ""impact-v1.json"": ""6d1992a19d50bca9a10a460828e38b112989f2c7bda7a4025a122922d69a72d2""}"
w08,w08-02,9fcc6c64201a8e2053f84da30257e3eca88000ef642d8cb633de262c6894e26f,00000000001,73f6802f8ddfc7511dcbf3c3503efed120ebf3736ed5bfe8bc1f3cafe1ce37db,cd628b0fa88515c54048528804d98ff6f52070e6388a37350f42aaa0145e2c9a,1,COMPLETE,0,51.41458062501624,COMPLETE,COMPLETE,1,PARTIAL_COMPENSATED,DEVIATED,5f648ac2-5401-457a-926d-4a467d4e3670,SUCCEEDED,,"[{""bodyOutcome"": ""FAILED"", ""exceptionClass"": ""pt.ulisboa.tecnico.socialsoftware.quizzes.microservices.exception.QuizzesException"", ""exceptionMessage"": ""Student with aggregate id 4 is already enrolled in course execution 2."", ""faultOrigin"": ""UNASSIGNED_RUNTIME"", ""kind"": ""FORWARD"", ""runtimeStepName"": ""enrollStudentStep"", ""sourceStepId"": ""pt.ulisboa.tecnico.socialsoftware.quizzes.microservices.execution.coordination.sagas.AddStudentFunctionalitySagas::enrollStudentStep#0"", ""status"": ""FAILED""}, {""bodyOutcome"": ""NOT_RUN"", ""exceptionClass"": null, ""exceptionMessage"": null, ""faultOrigin"": ""ASSIGNED"", ""kind"": ""FORWARD"", ""runtimeStepName"": ""solveQuizStep"", ""sourceStepId"": ""pt.ulisboa.tecnico.socialsoftware.quizzes.microservices.tournament.coordination.sagas.SolveQuizAsyncFunctionalitySagas::solveQuizStep#0"", ""status"": ""ASSIGNED_FAULT""}, {""bodyOutcome"": ""NOT_APPLICABLE"", ""exceptionClass"": null, ""exceptionMessage"": null, ""faultOrigin"": null, ""kind"": ""COMPENSATION"", ""runtimeStepName"": ""startQuizAnswerStep"", ""sourceStepId"": ""pt.ulisboa.tecnico.socialsoftware.quizzes.microservices.tournament.coordination.sagas.SolveQuizAsyncFunctionalitySagas::startQuizAnswerStep#0"", ""status"": ""COMPENSATED""}, {""bodyOutcome"": ""NOT_APPLICABLE"", ""exceptionClass"": null, ""exceptionMessage"": null, ""faultOrigin"": null, ""kind"": ""COMPENSATION"", ""runtimeStepName"": ""startQuizStep"", ""sourceStepId"": ""pt.ulisboa.tecnico.socialsoftware.quizzes.microservices.tournament.coordination.sagas.SolveQuizAsyncFunctionalitySagas::startQuizStep#0"", ""status"": ""COMPENSATED""}, {""bodyOutcome"": ""NOT_APPLICABLE"", ""exceptionClass"": null, ""exceptionMessage"": null, ""faultOrigin"": null, ""kind"": ""COMPENSATION"", ""runtimeStepName"": ""getTournamentStep"", ""sourceStepId"": ""pt.ulisboa.tecnico.socialsoftware.quizzes.microservices.tournament.coordination.sagas.SolveQuizAsyncFunctionalitySagas::getTournamentStep#0"", ""status"": ""COMPENSATED""}]",2.309922376,"[{""action"": ""setup-action-1"", ""inputs"": [""0fe4cf5be00237bf75f4071b4b48a1bcc0171247ea930796c342a2ef201b5255"", ""516f30f00796efa97335d71f6df3624226e983c55af6c4b37826b32f89c7de90""], ""property"": ""aggregateId""}, {""action"": ""setup-action-17"", ""inputs"": [""516f30f00796efa97335d71f6df3624226e983c55af6c4b37826b32f89c7de90"", ""5f51039398deeb3677d5ce3d4c69eaf110ea0de53d6f56f789642381b78b4000""], ""property"": ""aggregateId""}, {""action"": ""setup-action-5"", ""inputs"": [""0fe4cf5be00237bf75f4071b4b48a1bcc0171247ea930796c342a2ef201b5255"", ""516f30f00796efa97335d71f6df3624226e983c55af6c4b37826b32f89c7de90"", ""5f51039398deeb3677d5ce3d4c69eaf110ea0de53d6f56f789642381b78b4000""], ""property"": ""aggregateId""}]",True,"[{""baselineLifecycle"": ""ABSENT"", ""categories"": [""FAILED_OPERATION_RESIDUAL""], ""finalLifecycle"": ""DELETED"", ""identity"": {""aggregateId"": 14, ""aggregateType"": ""SagaQuizAnswer""}}]","{""DELETED_DEPENDENCY"": 0, ""FAILED_OPERATION_RESIDUAL"": 1, ""UNRESOLVED_DELIVERED_EVENT"": 0}","{""execution.impact-v2.json"": ""9bbf7e67b4481ad4d6e7f6d64101edfd96b07b3735b32adcf44d40611ced1142"", ""execution.json"": ""2fcc67f638aa501b08ebce49c0de49c900e8c031fc6aff431c3bb39fdc6c7a35"", ""impact-v1.json"": ""480a11b8dad0bfc0fb5755ab129684ef99252161b617e12182046c5987fe04a0""}"
w08,w08-03,d07c5890141b8fd9ecd02668382d5cd10734fa222dc23853af7b9cc1b941a13b,00000000001,73f6802f8ddfc7511dcbf3c3503efed120ebf3736ed5bfe8bc1f3cafe1ce37db,cd628b0fa88515c54048528804d98ff6f52070e6388a37350f42aaa0145e2c9a,1,COMPLETE,0,47.900282500020694,COMPLETE,COMPLETE,1,PARTIAL_COMPENSATED,DEVIATED,14329fb9-a284-4842-89d5-0d745e12481b,SUCCEEDED,,"[{""bodyOutcome"": ""FAILED"", ""exceptionClass"": ""pt.ulisboa.tecnico.socialsoftware.quizzes.microservices.exception.QuizzesException"", ""exceptionMessage"": ""Student with aggregate id 4 is already enrolled in course execution 2."", ""faultOrigin"": ""UNASSIGNED_RUNTIME"", ""kind"": ""FORWARD"", ""runtimeStepName"": ""enrollStudentStep"", ""sourceStepId"": ""pt.ulisboa.tecnico.socialsoftware.quizzes.microservices.execution.coordination.sagas.AddStudentFunctionalitySagas::enrollStudentStep#0"", ""status"": ""FAILED""}, {""bodyOutcome"": ""NOT_RUN"", ""exceptionClass"": null, ""exceptionMessage"": null, ""faultOrigin"": ""ASSIGNED"", ""kind"": ""FORWARD"", ""runtimeStepName"": ""solveQuizStep"", ""sourceStepId"": ""pt.ulisboa.tecnico.socialsoftware.quizzes.microservices.tournament.coordination.sagas.SolveQuizAsyncFunctionalitySagas::solveQuizStep#0"", ""status"": ""ASSIGNED_FAULT""}, {""bodyOutcome"": ""NOT_APPLICABLE"", ""exceptionClass"": null, ""exceptionMessage"": null, ""faultOrigin"": null, ""kind"": ""COMPENSATION"", ""runtimeStepName"": ""startQuizAnswerStep"", ""sourceStepId"": ""pt.ulisboa.tecnico.socialsoftware.quizzes.microservices.tournament.coordination.sagas.SolveQuizAsyncFunctionalitySagas::startQuizAnswerStep#0"", ""status"": ""COMPENSATED""}, {""bodyOutcome"": ""NOT_APPLICABLE"", ""exceptionClass"": null, ""exceptionMessage"": null, ""faultOrigin"": null, ""kind"": ""COMPENSATION"", ""runtimeStepName"": ""startQuizStep"", ""sourceStepId"": ""pt.ulisboa.tecnico.socialsoftware.quizzes.microservices.tournament.coordination.sagas.SolveQuizAsyncFunctionalitySagas::startQuizStep#0"", ""status"": ""COMPENSATED""}, {""bodyOutcome"": ""NOT_APPLICABLE"", ""exceptionClass"": null, ""exceptionMessage"": null, ""faultOrigin"": null, ""kind"": ""COMPENSATION"", ""runtimeStepName"": ""getTournamentStep"", ""sourceStepId"": ""pt.ulisboa.tecnico.socialsoftware.quizzes.microservices.tournament.coordination.sagas.SolveQuizAsyncFunctionalitySagas::getTournamentStep#0"", ""status"": ""COMPENSATED""}]",1.755387084,"[{""action"": ""setup-action-1"", ""inputs"": [""0fe4cf5be00237bf75f4071b4b48a1bcc0171247ea930796c342a2ef201b5255"", ""516f30f00796efa97335d71f6df3624226e983c55af6c4b37826b32f89c7de90""], ""property"": ""aggregateId""}, {""action"": ""setup-action-17"", ""inputs"": [""516f30f00796efa97335d71f6df3624226e983c55af6c4b37826b32f89c7de90"", ""5f51039398deeb3677d5ce3d4c69eaf110ea0de53d6f56f789642381b78b4000""], ""property"": ""aggregateId""}, {""action"": ""setup-action-5"", ""inputs"": [""0fe4cf5be00237bf75f4071b4b48a1bcc0171247ea930796c342a2ef201b5255"", ""516f30f00796efa97335d71f6df3624226e983c55af6c4b37826b32f89c7de90"", ""5f51039398deeb3677d5ce3d4c69eaf110ea0de53d6f56f789642381b78b4000""], ""property"": ""aggregateId""}]",True,"[{""baselineLifecycle"": ""ABSENT"", ""categories"": [""FAILED_OPERATION_RESIDUAL""], ""finalLifecycle"": ""DELETED"", ""identity"": {""aggregateId"": 14, ""aggregateType"": ""SagaQuizAnswer""}}]","{""DELETED_DEPENDENCY"": 0, ""FAILED_OPERATION_RESIDUAL"": 1, ""UNRESOLVED_DELIVERED_EVENT"": 0}","{""execution.impact-v2.json"": ""eb2647b18d001a464424f21a436222561e23c531d3aac10cc18f9a8467b6138b"", ""execution.json"": ""9c7c451944abbae113df7e914bd64898583435efca856c5e78a569ce02ce1d1b"", ""impact-v1.json"": ""b83ba64bb4d311189da170df0b1beef9ac8632884e34bdf4cb1139092584b660""}"
w08,w08-04,2fc20ce6c211e71736be83bfdd31b37ebf7add5b623bb8cf06e85848c8c6a808,00000000010,73f6802f8ddfc7511dcbf3c3503efed120ebf3736ed5bfe8bc1f3cafe1ce37db,b5cd2111d60d0d3c8fd49daaa431b416e3228a259de7ca0235eb9bb57467ce9b,1,COMPLETE,0,29.71574920800049,COMPLETE,COMPLETE,0,PARTIAL_COMPENSATED,DEVIATED,9524ba6c-69f9-464b-bd83-c8960d96cb9f,SUCCEEDED,,"[{""bodyOutcome"": ""FAILED"", ""exceptionClass"": ""pt.ulisboa.tecnico.socialsoftware.quizzes.microservices.exception.QuizzesException"", ""exceptionMessage"": ""Student with aggregate id 4 is already enrolled in course execution 2."", ""faultOrigin"": ""UNASSIGNED_RUNTIME"", ""kind"": ""FORWARD"", ""runtimeStepName"": ""enrollStudentStep"", ""sourceStepId"": ""pt.ulisboa.tecnico.socialsoftware.quizzes.microservices.execution.coordination.sagas.AddStudentFunctionalitySagas::enrollStudentStep#0"", ""status"": ""FAILED""}, {""bodyOutcome"": ""NOT_RUN"", ""exceptionClass"": null, ""exceptionMessage"": null, ""faultOrigin"": ""ASSIGNED"", ""kind"": ""FORWARD"", ""runtimeStepName"": ""startQuizAnswerStep"", ""sourceStepId"": ""pt.ulisboa.tecnico.socialsoftware.quizzes.microservices.tournament.coordination.sagas.SolveQuizAsyncFunctionalitySagas::startQuizAnswerStep#0"", ""status"": ""ASSIGNED_FAULT""}, {""bodyOutcome"": ""NOT_APPLICABLE"", ""exceptionClass"": null, ""exceptionMessage"": null, ""faultOrigin"": null, ""kind"": ""COMPENSATION"", ""runtimeStepName"": ""startQuizStep"", ""sourceStepId"": ""pt.ulisboa.tecnico.socialsoftware.quizzes.microservices.tournament.coordination.sagas.SolveQuizAsyncFunctionalitySagas::startQuizStep#0"", ""status"": ""COMPENSATED""}, {""bodyOutcome"": ""NOT_APPLICABLE"", ""exceptionClass"": null, ""exceptionMessage"": null, ""faultOrigin"": null, ""kind"": ""COMPENSATION"", ""runtimeStepName"": ""getTournamentStep"", ""sourceStepId"": ""pt.ulisboa.tecnico.socialsoftware.quizzes.microservices.tournament.coordination.sagas.SolveQuizAsyncFunctionalitySagas::getTournamentStep#0"", ""status"": ""COMPENSATED""}]",2.081572168,"[{""action"": ""setup-action-1"", ""inputs"": [""0fe4cf5be00237bf75f4071b4b48a1bcc0171247ea930796c342a2ef201b5255"", ""516f30f00796efa97335d71f6df3624226e983c55af6c4b37826b32f89c7de90""], ""property"": ""aggregateId""}, {""action"": ""setup-action-17"", ""inputs"": [""516f30f00796efa97335d71f6df3624226e983c55af6c4b37826b32f89c7de90"", ""5f51039398deeb3677d5ce3d4c69eaf110ea0de53d6f56f789642381b78b4000""], ""property"": ""aggregateId""}, {""action"": ""setup-action-5"", ""inputs"": [""0fe4cf5be00237bf75f4071b4b48a1bcc0171247ea930796c342a2ef201b5255"", ""516f30f00796efa97335d71f6df3624226e983c55af6c4b37826b32f89c7de90"", ""5f51039398deeb3677d5ce3d4c69eaf110ea0de53d6f56f789642381b78b4000""], ""property"": ""aggregateId""}]",True,[],"{""DELETED_DEPENDENCY"": 0, ""FAILED_OPERATION_RESIDUAL"": 0, ""UNRESOLVED_DELIVERED_EVENT"": 0}","{""execution.impact-v2.json"": ""1979f4e63c6939d796d562c9cfce3a0e9f196f4abe8bf35cd8af340ec12266fa"", ""execution.json"": ""5f3202964af7f7dbd3c4513d72fb17e7b5be46dafe329ab5b99166b0db1b1abd"", ""impact-v1.json"": ""2f97833d5fd731b7dcb170718bc1574b7acb18835dbb402416978d93c6c74f02""}"
w08,w08-05,1defbd018efadb8bf1207661b44993356820946ec3bb87ffe9d4ec4f8c91ef29,00000000100,73f6802f8ddfc7511dcbf3c3503efed120ebf3736ed5bfe8bc1f3cafe1ce37db,4669df022e7a72df291619c03cde7a94a1f73881288a4fbad53cab2a3e2ae622,1,COMPLETE,0,32.05722616700223,COMPLETE,COMPLETE,0,PARTIAL_COMPENSATED,DEVIATED,68b95c7c-0a9d-4501-ba1b-b479ccd4dae1,SUCCEEDED,,"[{""bodyOutcome"": ""FAILED"", ""exceptionClass"": ""pt.ulisboa.tecnico.socialsoftware.quizzes.microservices.exception.QuizzesException"", ""exceptionMessage"": ""Student with aggregate id 4 is already enrolled in course execution 2."", ""faultOrigin"": ""UNASSIGNED_RUNTIME"", ""kind"": ""FORWARD"", ""runtimeStepName"": ""enrollStudentStep"", ""sourceStepId"": ""pt.ulisboa.tecnico.socialsoftware.quizzes.microservices.execution.coordination.sagas.AddStudentFunctionalitySagas::enrollStudentStep#0"", ""status"": ""FAILED""}, {""bodyOutcome"": ""NOT_RUN"", ""exceptionClass"": null, ""exceptionMessage"": null, ""faultOrigin"": ""ASSIGNED"", ""kind"": ""FORWARD"", ""runtimeStepName"": ""getStudentByExecutionIdAndUserIdAsyncStep"", ""sourceStepId"": ""pt.ulisboa.tecnico.socialsoftware.quizzes.microservices.tournament.coordination.sagas.SolveQuizAsyncFunctionalitySagas::getStudentByExecutionIdAndUserIdAsyncStep#0"", ""status"": ""ASSIGNED_FAULT""}, {""bodyOutcome"": ""NOT_APPLICABLE"", ""exceptionClass"": null, ""exceptionMessage"": null, ""faultOrigin"": null, ""kind"": ""COMPENSATION"", ""runtimeStepName"": ""startQuizStep"", ""sourceStepId"": ""pt.ulisboa.tecnico.socialsoftware.quizzes.microservices.tournament.coordination.sagas.SolveQuizAsyncFunctionalitySagas::startQuizStep#0"", ""status"": ""COMPENSATED""}, {""bodyOutcome"": ""NOT_APPLICABLE"", ""exceptionClass"": null, ""exceptionMessage"": null, ""faultOrigin"": null, ""kind"": ""COMPENSATION"", ""runtimeStepName"": ""getTournamentStep"", ""sourceStepId"": ""pt.ulisboa.tecnico.socialsoftware.quizzes.microservices.tournament.coordination.sagas.SolveQuizAsyncFunctionalitySagas::getTournamentStep#0"", ""status"": ""COMPENSATED""}]",3.100031793,"[{""action"": ""setup-action-1"", ""inputs"": [""0fe4cf5be00237bf75f4071b4b48a1bcc0171247ea930796c342a2ef201b5255"", ""516f30f00796efa97335d71f6df3624226e983c55af6c4b37826b32f89c7de90""], ""property"": ""aggregateId""}, {""action"": ""setup-action-17"", ""inputs"": [""516f30f00796efa97335d71f6df3624226e983c55af6c4b37826b32f89c7de90"", ""5f51039398deeb3677d5ce3d4c69eaf110ea0de53d6f56f789642381b78b4000""], ""property"": ""aggregateId""}, {""action"": ""setup-action-5"", ""inputs"": [""0fe4cf5be00237bf75f4071b4b48a1bcc0171247ea930796c342a2ef201b5255"", ""516f30f00796efa97335d71f6df3624226e983c55af6c4b37826b32f89c7de90"", ""5f51039398deeb3677d5ce3d4c69eaf110ea0de53d6f56f789642381b78b4000""], ""property"": ""aggregateId""}]",True,[],"{""DELETED_DEPENDENCY"": 0, ""FAILED_OPERATION_RESIDUAL"": 0, ""UNRESOLVED_DELIVERED_EVENT"": 0}","{""execution.impact-v2.json"": ""b262d41c826f088f8c68487c6d3fe525130f86ae33bb66b931fff9a3892274d8"", ""execution.json"": ""ae4c0bddde714e40bd8c00ba97f1c5184c25382810009eb9e190516e88406e78"", ""impact-v1.json"": ""5020583b72cbf87ae553d84ec0fb4ddc846d20f1453102007f3b476b9e9271c1""}"
w08,w08-06,85e04e04001a79d0fcf1f7e9c4c6569e04215f91ffde257b8275408f3bd0e5d0,00000000100,73f6802f8ddfc7511dcbf3c3503efed120ebf3736ed5bfe8bc1f3cafe1ce37db,4669df022e7a72df291619c03cde7a94a1f73881288a4fbad53cab2a3e2ae622,1,COMPLETE,0,41.0787958750152,COMPLETE,COMPLETE,0,PARTIAL_COMPENSATED,DEVIATED,893d17b2-88f1-4e25-bbf3-74e1e809d6eb,SUCCEEDED,,"[{""bodyOutcome"": ""FAILED"", ""exceptionClass"": ""pt.ulisboa.tecnico.socialsoftware.quizzes.microservices.exception.QuizzesException"", ""exceptionMessage"": ""Student with aggregate id 4 is already enrolled in course execution 2."", ""faultOrigin"": ""UNASSIGNED_RUNTIME"", ""kind"": ""FORWARD"", ""runtimeStepName"": ""enrollStudentStep"", ""sourceStepId"": ""pt.ulisboa.tecnico.socialsoftware.quizzes.microservices.execution.coordination.sagas.AddStudentFunctionalitySagas::enrollStudentStep#0"", ""status"": ""FAILED""}, {""bodyOutcome"": ""NOT_RUN"", ""exceptionClass"": null, ""exceptionMessage"": null, ""faultOrigin"": ""ASSIGNED"", ""kind"": ""FORWARD"", ""runtimeStepName"": ""getStudentByExecutionIdAndUserIdAsyncStep"", ""sourceStepId"": ""pt.ulisboa.tecnico.socialsoftware.quizzes.microservices.tournament.coordination.sagas.SolveQuizAsyncFunctionalitySagas::getStudentByExecutionIdAndUserIdAsyncStep#0"", ""status"": ""ASSIGNED_FAULT""}, {""bodyOutcome"": ""NOT_APPLICABLE"", ""exceptionClass"": null, ""exceptionMessage"": null, ""faultOrigin"": null, ""kind"": ""COMPENSATION"", ""runtimeStepName"": ""startQuizStep"", ""sourceStepId"": ""pt.ulisboa.tecnico.socialsoftware.quizzes.microservices.tournament.coordination.sagas.SolveQuizAsyncFunctionalitySagas::startQuizStep#0"", ""status"": ""COMPENSATED""}, {""bodyOutcome"": ""NOT_APPLICABLE"", ""exceptionClass"": null, ""exceptionMessage"": null, ""faultOrigin"": null, ""kind"": ""COMPENSATION"", ""runtimeStepName"": ""getTournamentStep"", ""sourceStepId"": ""pt.ulisboa.tecnico.socialsoftware.quizzes.microservices.tournament.coordination.sagas.SolveQuizAsyncFunctionalitySagas::getTournamentStep#0"", ""status"": ""COMPENSATED""}]",2.263596793,"[{""action"": ""setup-action-1"", ""inputs"": [""0fe4cf5be00237bf75f4071b4b48a1bcc0171247ea930796c342a2ef201b5255"", ""516f30f00796efa97335d71f6df3624226e983c55af6c4b37826b32f89c7de90""], ""property"": ""aggregateId""}, {""action"": ""setup-action-17"", ""inputs"": [""516f30f00796efa97335d71f6df3624226e983c55af6c4b37826b32f89c7de90"", ""5f51039398deeb3677d5ce3d4c69eaf110ea0de53d6f56f789642381b78b4000""], ""property"": ""aggregateId""}, {""action"": ""setup-action-5"", ""inputs"": [""0fe4cf5be00237bf75f4071b4b48a1bcc0171247ea930796c342a2ef201b5255"", ""516f30f00796efa97335d71f6df3624226e983c55af6c4b37826b32f89c7de90"", ""5f51039398deeb3677d5ce3d4c69eaf110ea0de53d6f56f789642381b78b4000""], ""property"": ""aggregateId""}]",True,[],"{""DELETED_DEPENDENCY"": 0, ""FAILED_OPERATION_RESIDUAL"": 0, ""UNRESOLVED_DELIVERED_EVENT"": 0}","{""execution.impact-v2.json"": ""35514ef005ab79aac01759f93c6b15745e391a5d705d07b16a103d323e9bead0"", ""execution.json"": ""274d806ffc9d9a0a90ec8ef9c5d3b060038081e722b6de3fe91091aaee3503d8"", ""impact-v1.json"": ""e09e6b88e5d23c0d835359c363b341ea3e0a24e1e7124b3965f095210c9806f5""}"
w08,w08-07,38256a3b3707f93523935244fb2b77c374910a2ada24e11f2ff388efae0fa86f,00000001000,73f6802f8ddfc7511dcbf3c3503efed120ebf3736ed5bfe8bc1f3cafe1ce37db,c873efdc76379b0e4fa99dc92b7cf911439fa4d18e4c8dc8e5cf5ea4cab64636,1,COMPLETE,0,38.24414716701722,COMPLETE,COMPLETE,0,PARTIAL_COMPENSATED,DEVIATED,8dce846b-df6c-42f3-bda2-458b903301b6,SUCCEEDED,,"[{""bodyOutcome"": ""FAILED"", ""exceptionClass"": ""pt.ulisboa.tecnico.socialsoftware.quizzes.microservices.exception.QuizzesException"", ""exceptionMessage"": ""Student with aggregate id 4 is already enrolled in course execution 2."", ""faultOrigin"": ""UNASSIGNED_RUNTIME"", ""kind"": ""FORWARD"", ""runtimeStepName"": ""enrollStudentStep"", ""sourceStepId"": ""pt.ulisboa.tecnico.socialsoftware.quizzes.microservices.execution.coordination.sagas.AddStudentFunctionalitySagas::enrollStudentStep#0"", ""status"": ""FAILED""}, {""bodyOutcome"": ""NOT_RUN"", ""exceptionClass"": null, ""exceptionMessage"": null, ""faultOrigin"": ""ASSIGNED"", ""kind"": ""FORWARD"", ""runtimeStepName"": ""getQuestionsByIdAsyncStep"", ""sourceStepId"": ""pt.ulisboa.tecnico.socialsoftware.quizzes.microservices.tournament.coordination.sagas.SolveQuizAsyncFunctionalitySagas::getQuestionsByIdAsyncStep#0"", ""status"": ""ASSIGNED_FAULT""}, {""bodyOutcome"": ""NOT_APPLICABLE"", ""exceptionClass"": null, ""exceptionMessage"": null, ""faultOrigin"": null, ""kind"": ""COMPENSATION"", ""runtimeStepName"": ""startQuizStep"", ""sourceStepId"": ""pt.ulisboa.tecnico.socialsoftware.quizzes.microservices.tournament.coordination.sagas.SolveQuizAsyncFunctionalitySagas::startQuizStep#0"", ""status"": ""COMPENSATED""}, {""bodyOutcome"": ""NOT_APPLICABLE"", ""exceptionClass"": null, ""exceptionMessage"": null, ""faultOrigin"": null, ""kind"": ""COMPENSATION"", ""runtimeStepName"": ""getTournamentStep"", ""sourceStepId"": ""pt.ulisboa.tecnico.socialsoftware.quizzes.microservices.tournament.coordination.sagas.SolveQuizAsyncFunctionalitySagas::getTournamentStep#0"", ""status"": ""COMPENSATED""}]",2.196524459,"[{""action"": ""setup-action-1"", ""inputs"": [""0fe4cf5be00237bf75f4071b4b48a1bcc0171247ea930796c342a2ef201b5255"", ""516f30f00796efa97335d71f6df3624226e983c55af6c4b37826b32f89c7de90""], ""property"": ""aggregateId""}, {""action"": ""setup-action-17"", ""inputs"": [""516f30f00796efa97335d71f6df3624226e983c55af6c4b37826b32f89c7de90"", ""5f51039398deeb3677d5ce3d4c69eaf110ea0de53d6f56f789642381b78b4000""], ""property"": ""aggregateId""}, {""action"": ""setup-action-5"", ""inputs"": [""0fe4cf5be00237bf75f4071b4b48a1bcc0171247ea930796c342a2ef201b5255"", ""516f30f00796efa97335d71f6df3624226e983c55af6c4b37826b32f89c7de90"", ""5f51039398deeb3677d5ce3d4c69eaf110ea0de53d6f56f789642381b78b4000""], ""property"": ""aggregateId""}]",True,[],"{""DELETED_DEPENDENCY"": 0, ""FAILED_OPERATION_RESIDUAL"": 0, ""UNRESOLVED_DELIVERED_EVENT"": 0}","{""execution.impact-v2.json"": ""4c318a65c832a4a7b6dab6baa0aa086323b697d59684cd773bbee6d999ce1947"", ""execution.json"": ""46735bcc2df141b0945f07f2e586f8995a45732a45d3d59cf7da5cc88f45d2ad"", ""impact-v1.json"": ""bf1905279fc7f8908c784a56db00893258d0a182ab7d32bf5aa6102acde5212d""}"
w08,w08-08,bfd6bca76c496f92016a25a16b1c47b845ba188f4e5870e21cad6548b8f07710,00000001000,73f6802f8ddfc7511dcbf3c3503efed120ebf3736ed5bfe8bc1f3cafe1ce37db,c873efdc76379b0e4fa99dc92b7cf911439fa4d18e4c8dc8e5cf5ea4cab64636,1,COMPLETE,0,31.51173004199518,COMPLETE,COMPLETE,0,PARTIAL_COMPENSATED,DEVIATED,2cd85189-74a7-4a93-bec4-0e7a01aa7fd4,SUCCEEDED,,"[{""bodyOutcome"": ""FAILED"", ""exceptionClass"": ""pt.ulisboa.tecnico.socialsoftware.quizzes.microservices.exception.QuizzesException"", ""exceptionMessage"": ""Student with aggregate id 4 is already enrolled in course execution 2."", ""faultOrigin"": ""UNASSIGNED_RUNTIME"", ""kind"": ""FORWARD"", ""runtimeStepName"": ""enrollStudentStep"", ""sourceStepId"": ""pt.ulisboa.tecnico.socialsoftware.quizzes.microservices.execution.coordination.sagas.AddStudentFunctionalitySagas::enrollStudentStep#0"", ""status"": ""FAILED""}, {""bodyOutcome"": ""NOT_RUN"", ""exceptionClass"": null, ""exceptionMessage"": null, ""faultOrigin"": ""ASSIGNED"", ""kind"": ""FORWARD"", ""runtimeStepName"": ""getQuestionsByIdAsyncStep"", ""sourceStepId"": ""pt.ulisboa.tecnico.socialsoftware.quizzes.microservices.tournament.coordination.sagas.SolveQuizAsyncFunctionalitySagas::getQuestionsByIdAsyncStep#0"", ""status"": ""ASSIGNED_FAULT""}, {""bodyOutcome"": ""NOT_APPLICABLE"", ""exceptionClass"": null, ""exceptionMessage"": null, ""faultOrigin"": null, ""kind"": ""COMPENSATION"", ""runtimeStepName"": ""startQuizStep"", ""sourceStepId"": ""pt.ulisboa.tecnico.socialsoftware.quizzes.microservices.tournament.coordination.sagas.SolveQuizAsyncFunctionalitySagas::startQuizStep#0"", ""status"": ""COMPENSATED""}, {""bodyOutcome"": ""NOT_APPLICABLE"", ""exceptionClass"": null, ""exceptionMessage"": null, ""faultOrigin"": null, ""kind"": ""COMPENSATION"", ""runtimeStepName"": ""getTournamentStep"", ""sourceStepId"": ""pt.ulisboa.tecnico.socialsoftware.quizzes.microservices.tournament.coordination.sagas.SolveQuizAsyncFunctionalitySagas::getTournamentStep#0"", ""status"": ""COMPENSATED""}]",2.443909043,"[{""action"": ""setup-action-1"", ""inputs"": [""0fe4cf5be00237bf75f4071b4b48a1bcc0171247ea930796c342a2ef201b5255"", ""516f30f00796efa97335d71f6df3624226e983c55af6c4b37826b32f89c7de90""], ""property"": ""aggregateId""}, {""action"": ""setup-action-17"", ""inputs"": [""516f30f00796efa97335d71f6df3624226e983c55af6c4b37826b32f89c7de90"", ""5f51039398deeb3677d5ce3d4c69eaf110ea0de53d6f56f789642381b78b4000""], ""property"": ""aggregateId""}, {""action"": ""setup-action-5"", ""inputs"": [""0fe4cf5be00237bf75f4071b4b48a1bcc0171247ea930796c342a2ef201b5255"", ""516f30f00796efa97335d71f6df3624226e983c55af6c4b37826b32f89c7de90"", ""5f51039398deeb3677d5ce3d4c69eaf110ea0de53d6f56f789642381b78b4000""], ""property"": ""aggregateId""}]",True,[],"{""DELETED_DEPENDENCY"": 0, ""FAILED_OPERATION_RESIDUAL"": 0, ""UNRESOLVED_DELIVERED_EVENT"": 0}","{""execution.impact-v2.json"": ""d30ebe0aeba5eda114770d6ed4c01b8ac39c8e733b908a0ff8f324e1501be500"", ""execution.json"": ""b4b997c916617a43c83165e17fbd7a740b667a05677af3d1a7e506c7492cba5e"", ""impact-v1.json"": ""e010c470ee807d3c75db5ef11722310d3d7a8ca357058ee3399ba209aa36dc8a""}"
w08,w08-09,63e5d1196c35587ef7970140c3571889c4b17a19decd72924504335ef5766da3,00000010000,73f6802f8ddfc7511dcbf3c3503efed120ebf3736ed5bfe8bc1f3cafe1ce37db,b181ff8a373711d0684308fda61996d27712de1ca5b77939bf4599a1f40fa54b,1,COMPLETE,0,28.82811883400427,COMPLETE,COMPLETE,0,PARTIAL_COMPENSATED,DEVIATED,0e2fe5a6-17d6-41f0-8bfd-eaea3e0498a1,SUCCEEDED,,"[{""bodyOutcome"": ""FAILED"", ""exceptionClass"": ""pt.ulisboa.tecnico.socialsoftware.quizzes.microservices.exception.QuizzesException"", ""exceptionMessage"": ""Student with aggregate id 4 is already enrolled in course execution 2."", ""faultOrigin"": ""UNASSIGNED_RUNTIME"", ""kind"": ""FORWARD"", ""runtimeStepName"": ""enrollStudentStep"", ""sourceStepId"": ""pt.ulisboa.tecnico.socialsoftware.quizzes.microservices.execution.coordination.sagas.AddStudentFunctionalitySagas::enrollStudentStep#0"", ""status"": ""FAILED""}, {""bodyOutcome"": ""NOT_RUN"", ""exceptionClass"": null, ""exceptionMessage"": null, ""faultOrigin"": ""ASSIGNED"", ""kind"": ""FORWARD"", ""runtimeStepName"": ""getQuizByIdStep"", ""sourceStepId"": ""pt.ulisboa.tecnico.socialsoftware.quizzes.microservices.tournament.coordination.sagas.SolveQuizAsyncFunctionalitySagas::getQuizByIdStep#0"", ""status"": ""ASSIGNED_FAULT""}, {""bodyOutcome"": ""NOT_APPLICABLE"", ""exceptionClass"": null, ""exceptionMessage"": null, ""faultOrigin"": null, ""kind"": ""COMPENSATION"", ""runtimeStepName"": ""startQuizStep"", ""sourceStepId"": ""pt.ulisboa.tecnico.socialsoftware.quizzes.microservices.tournament.coordination.sagas.SolveQuizAsyncFunctionalitySagas::startQuizStep#0"", ""status"": ""COMPENSATED""}, {""bodyOutcome"": ""NOT_APPLICABLE"", ""exceptionClass"": null, ""exceptionMessage"": null, ""faultOrigin"": null, ""kind"": ""COMPENSATION"", ""runtimeStepName"": ""getTournamentStep"", ""sourceStepId"": ""pt.ulisboa.tecnico.socialsoftware.quizzes.microservices.tournament.coordination.sagas.SolveQuizAsyncFunctionalitySagas::getTournamentStep#0"", ""status"": ""COMPENSATED""}]",1.741924792,"[{""action"": ""setup-action-1"", ""inputs"": [""0fe4cf5be00237bf75f4071b4b48a1bcc0171247ea930796c342a2ef201b5255"", ""516f30f00796efa97335d71f6df3624226e983c55af6c4b37826b32f89c7de90""], ""property"": ""aggregateId""}, {""action"": ""setup-action-17"", ""inputs"": [""516f30f00796efa97335d71f6df3624226e983c55af6c4b37826b32f89c7de90"", ""5f51039398deeb3677d5ce3d4c69eaf110ea0de53d6f56f789642381b78b4000""], ""property"": ""aggregateId""}, {""action"": ""setup-action-5"", ""inputs"": [""0fe4cf5be00237bf75f4071b4b48a1bcc0171247ea930796c342a2ef201b5255"", ""516f30f00796efa97335d71f6df3624226e983c55af6c4b37826b32f89c7de90"", ""5f51039398deeb3677d5ce3d4c69eaf110ea0de53d6f56f789642381b78b4000""], ""property"": ""aggregateId""}]",True,[],"{""DELETED_DEPENDENCY"": 0, ""FAILED_OPERATION_RESIDUAL"": 0, ""UNRESOLVED_DELIVERED_EVENT"": 0}","{""execution.impact-v2.json"": ""de14a0097b9ec298acd63edc9cd3278df5742ba0a07a663545149fee459586ea"", ""execution.json"": ""8f9cf9b39fc810623ef89f825ecacc510676f2b07d00acffd23c40f2b3614233"", ""impact-v1.json"": ""6f9d268925df5d26611b1b62c11081f0b801179a50e48e0c2ccae716571f3e89""}"
w08,w08-10,ec16aea2f97fd22776f9f2f0c5a07deb18ccddd781e0fda779bdd55e5b317482,00000010000,73f6802f8ddfc7511dcbf3c3503efed120ebf3736ed5bfe8bc1f3cafe1ce37db,b181ff8a373711d0684308fda61996d27712de1ca5b77939bf4599a1f40fa54b,1,COMPLETE,0,30.97206370800268,COMPLETE,COMPLETE,0,PARTIAL_COMPENSATED,DEVIATED,44636ccd-c79d-4dbe-ac65-9700bf5ba920,SUCCEEDED,,"[{""bodyOutcome"": ""FAILED"", ""exceptionClass"": ""pt.ulisboa.tecnico.socialsoftware.quizzes.microservices.exception.QuizzesException"", ""exceptionMessage"": ""Student with aggregate id 4 is already enrolled in course execution 2."", ""faultOrigin"": ""UNASSIGNED_RUNTIME"", ""kind"": ""FORWARD"", ""runtimeStepName"": ""enrollStudentStep"", ""sourceStepId"": ""pt.ulisboa.tecnico.socialsoftware.quizzes.microservices.execution.coordination.sagas.AddStudentFunctionalitySagas::enrollStudentStep#0"", ""status"": ""FAILED""}, {""bodyOutcome"": ""NOT_RUN"", ""exceptionClass"": null, ""exceptionMessage"": null, ""faultOrigin"": ""ASSIGNED"", ""kind"": ""FORWARD"", ""runtimeStepName"": ""getQuizByIdStep"", ""sourceStepId"": ""pt.ulisboa.tecnico.socialsoftware.quizzes.microservices.tournament.coordination.sagas.SolveQuizAsyncFunctionalitySagas::getQuizByIdStep#0"", ""status"": ""ASSIGNED_FAULT""}, {""bodyOutcome"": ""NOT_APPLICABLE"", ""exceptionClass"": null, ""exceptionMessage"": null, ""faultOrigin"": null, ""kind"": ""COMPENSATION"", ""runtimeStepName"": ""startQuizStep"", ""sourceStepId"": ""pt.ulisboa.tecnico.socialsoftware.quizzes.microservices.tournament.coordination.sagas.SolveQuizAsyncFunctionalitySagas::startQuizStep#0"", ""status"": ""COMPENSATED""}, {""bodyOutcome"": ""NOT_APPLICABLE"", ""exceptionClass"": null, ""exceptionMessage"": null, ""faultOrigin"": null, ""kind"": ""COMPENSATION"", ""runtimeStepName"": ""getTournamentStep"", ""sourceStepId"": ""pt.ulisboa.tecnico.socialsoftware.quizzes.microservices.tournament.coordination.sagas.SolveQuizAsyncFunctionalitySagas::getTournamentStep#0"", ""status"": ""COMPENSATED""}]",2.750468418,"[{""action"": ""setup-action-1"", ""inputs"": [""0fe4cf5be00237bf75f4071b4b48a1bcc0171247ea930796c342a2ef201b5255"", ""516f30f00796efa97335d71f6df3624226e983c55af6c4b37826b32f89c7de90""], ""property"": ""aggregateId""}, {""action"": ""setup-action-17"", ""inputs"": [""516f30f00796efa97335d71f6df3624226e983c55af6c4b37826b32f89c7de90"", ""5f51039398deeb3677d5ce3d4c69eaf110ea0de53d6f56f789642381b78b4000""], ""property"": ""aggregateId""}, {""action"": ""setup-action-5"", ""inputs"": [""0fe4cf5be00237bf75f4071b4b48a1bcc0171247ea930796c342a2ef201b5255"", ""516f30f00796efa97335d71f6df3624226e983c55af6c4b37826b32f89c7de90"", ""5f51039398deeb3677d5ce3d4c69eaf110ea0de53d6f56f789642381b78b4000""], ""property"": ""aggregateId""}]",True,[],"{""DELETED_DEPENDENCY"": 0, ""FAILED_OPERATION_RESIDUAL"": 0, ""UNRESOLVED_DELIVERED_EVENT"": 0}","{""execution.impact-v2.json"": ""f14c86db97b19c493b915b4ca6341f32f4a34f1234ac763c69709dc77b6d3b71"", ""execution.json"": ""9792dd125a8299ebef3f677f98b0475328956ee9b96d6780d9194d592e79aa42"", ""impact-v1.json"": ""fbf83f8bd1039b138bdb524564c617b969481c88c6b92f4ffbf39703542721ae""}"
w08,w08-11,8a38c67da3bb1224f72b4995990e4fa6bb0e35305a1d3e5cf8b75db9c07853f3,00000100000,73f6802f8ddfc7511dcbf3c3503efed120ebf3736ed5bfe8bc1f3cafe1ce37db,b35759db7b3d7f0cebaf6651df05ae230598e6ce05080d12c6d2aaccea81d321,1,COMPLETE,0,27.791224292013794,COMPLETE,COMPLETE,0,PARTIAL_COMPENSATED,DEVIATED,9c453411-ffcc-4d60-ad99-46063c86862e,SUCCEEDED,,"[{""bodyOutcome"": ""FAILED"", ""exceptionClass"": ""pt.ulisboa.tecnico.socialsoftware.quizzes.microservices.exception.QuizzesException"", ""exceptionMessage"": ""Student with aggregate id 4 is already enrolled in course execution 2."", ""faultOrigin"": ""UNASSIGNED_RUNTIME"", ""kind"": ""FORWARD"", ""runtimeStepName"": ""enrollStudentStep"", ""sourceStepId"": ""pt.ulisboa.tecnico.socialsoftware.quizzes.microservices.execution.coordination.sagas.AddStudentFunctionalitySagas::enrollStudentStep#0"", ""status"": ""FAILED""}, {""bodyOutcome"": ""NOT_RUN"", ""exceptionClass"": null, ""exceptionMessage"": null, ""faultOrigin"": ""ASSIGNED"", ""kind"": ""FORWARD"", ""runtimeStepName"": ""startQuizStep"", ""sourceStepId"": ""pt.ulisboa.tecnico.socialsoftware.quizzes.microservices.tournament.coordination.sagas.SolveQuizAsyncFunctionalitySagas::startQuizStep#0"", ""status"": ""ASSIGNED_FAULT""}, {""bodyOutcome"": ""NOT_APPLICABLE"", ""exceptionClass"": null, ""exceptionMessage"": null, ""faultOrigin"": null, ""kind"": ""COMPENSATION"", ""runtimeStepName"": ""getTournamentStep"", ""sourceStepId"": ""pt.ulisboa.tecnico.socialsoftware.quizzes.microservices.tournament.coordination.sagas.SolveQuizAsyncFunctionalitySagas::getTournamentStep#0"", ""status"": ""COMPENSATED""}]",2.281930834,"[{""action"": ""setup-action-1"", ""inputs"": [""0fe4cf5be00237bf75f4071b4b48a1bcc0171247ea930796c342a2ef201b5255"", ""516f30f00796efa97335d71f6df3624226e983c55af6c4b37826b32f89c7de90""], ""property"": ""aggregateId""}, {""action"": ""setup-action-17"", ""inputs"": [""516f30f00796efa97335d71f6df3624226e983c55af6c4b37826b32f89c7de90"", ""5f51039398deeb3677d5ce3d4c69eaf110ea0de53d6f56f789642381b78b4000""], ""property"": ""aggregateId""}, {""action"": ""setup-action-5"", ""inputs"": [""0fe4cf5be00237bf75f4071b4b48a1bcc0171247ea930796c342a2ef201b5255"", ""516f30f00796efa97335d71f6df3624226e983c55af6c4b37826b32f89c7de90"", ""5f51039398deeb3677d5ce3d4c69eaf110ea0de53d6f56f789642381b78b4000""], ""property"": ""aggregateId""}]",True,[],"{""DELETED_DEPENDENCY"": 0, ""FAILED_OPERATION_RESIDUAL"": 0, ""UNRESOLVED_DELIVERED_EVENT"": 0}","{""execution.impact-v2.json"": ""8061d8864227c55bc2b31baacc1d35bf1e3c6bbb4599a3d387eedbbba2a6a727"", ""execution.json"": ""f832e13d3b8f16f0effe5e258d3f335b5f5f454a9d9b46c0cf851dc297d6f610"", ""impact-v1.json"": ""b40b1f7d2ee92ea428d539544083973f800c8f72108e71dc4e8c73a4ea569ddf""}"
w08,w08-12,9e955f703712db22645b809f4f639871183ae80cc2e9383c4b06a0b6ce53a7b4,00000100000,73f6802f8ddfc7511dcbf3c3503efed120ebf3736ed5bfe8bc1f3cafe1ce37db,b35759db7b3d7f0cebaf6651df05ae230598e6ce05080d12c6d2aaccea81d321,1,COMPLETE,0,30.43428575003054,COMPLETE,COMPLETE,0,PARTIAL_COMPENSATED,DEVIATED,217e3031-9ba7-4e22-9b0f-92d63dfefb34,SUCCEEDED,,"[{""bodyOutcome"": ""FAILED"", ""exceptionClass"": ""pt.ulisboa.tecnico.socialsoftware.quizzes.microservices.exception.QuizzesException"", ""exceptionMessage"": ""Student with aggregate id 4 is already enrolled in course execution 2."", ""faultOrigin"": ""UNASSIGNED_RUNTIME"", ""kind"": ""FORWARD"", ""runtimeStepName"": ""enrollStudentStep"", ""sourceStepId"": ""pt.ulisboa.tecnico.socialsoftware.quizzes.microservices.execution.coordination.sagas.AddStudentFunctionalitySagas::enrollStudentStep#0"", ""status"": ""FAILED""}, {""bodyOutcome"": ""NOT_RUN"", ""exceptionClass"": null, ""exceptionMessage"": null, ""faultOrigin"": ""ASSIGNED"", ""kind"": ""FORWARD"", ""runtimeStepName"": ""startQuizStep"", ""sourceStepId"": ""pt.ulisboa.tecnico.socialsoftware.quizzes.microservices.tournament.coordination.sagas.SolveQuizAsyncFunctionalitySagas::startQuizStep#0"", ""status"": ""ASSIGNED_FAULT""}, {""bodyOutcome"": ""NOT_APPLICABLE"", ""exceptionClass"": null, ""exceptionMessage"": null, ""faultOrigin"": null, ""kind"": ""COMPENSATION"", ""runtimeStepName"": ""getTournamentStep"", ""sourceStepId"": ""pt.ulisboa.tecnico.socialsoftware.quizzes.microservices.tournament.coordination.sagas.SolveQuizAsyncFunctionalitySagas::getTournamentStep#0"", ""status"": ""COMPENSATED""}]",2.402796584,"[{""action"": ""setup-action-1"", ""inputs"": [""0fe4cf5be00237bf75f4071b4b48a1bcc0171247ea930796c342a2ef201b5255"", ""516f30f00796efa97335d71f6df3624226e983c55af6c4b37826b32f89c7de90""], ""property"": ""aggregateId""}, {""action"": ""setup-action-17"", ""inputs"": [""516f30f00796efa97335d71f6df3624226e983c55af6c4b37826b32f89c7de90"", ""5f51039398deeb3677d5ce3d4c69eaf110ea0de53d6f56f789642381b78b4000""], ""property"": ""aggregateId""}, {""action"": ""setup-action-5"", ""inputs"": [""0fe4cf5be00237bf75f4071b4b48a1bcc0171247ea930796c342a2ef201b5255"", ""516f30f00796efa97335d71f6df3624226e983c55af6c4b37826b32f89c7de90"", ""5f51039398deeb3677d5ce3d4c69eaf110ea0de53d6f56f789642381b78b4000""], ""property"": ""aggregateId""}]",True,[],"{""DELETED_DEPENDENCY"": 0, ""FAILED_OPERATION_RESIDUAL"": 0, ""UNRESOLVED_DELIVERED_EVENT"": 0}","{""execution.impact-v2.json"": ""0914f75eb7b3f028fdbd97102fddd4c61b5d66e26875e92e7ab770b39a86c911"", ""execution.json"": ""d2945ca5225770e22f17d6ca93ccf7b44c572ce6ff679bfac8dca58a5a741479"", ""impact-v1.json"": ""ecf85e366aa8f829c6a3597e8b035b79027589848c7fa2c5d5dc2f59506fb9f8""}"
w08,w08-13,59c7bb05eaede16025f4b8f819513387df00917b65f315997ca5dfc06b6fa3be,00001000000,73f6802f8ddfc7511dcbf3c3503efed120ebf3736ed5bfe8bc1f3cafe1ce37db,b9a296c8acc3f0f04ff859c0f238ee1f2de34239ac0b547aaecd6339bea5835f,1,COMPLETE,0,30.991824041004293,COMPLETE,COMPLETE,0,PARTIAL_COMPENSATED,DEVIATED,039a934c-74d4-4a28-ac4d-6c6750bc6a3d,SUCCEEDED,,"[{""bodyOutcome"": ""FAILED"", ""exceptionClass"": ""pt.ulisboa.tecnico.socialsoftware.quizzes.microservices.exception.QuizzesException"", ""exceptionMessage"": ""Student with aggregate id 4 is already enrolled in course execution 2."", ""faultOrigin"": ""UNASSIGNED_RUNTIME"", ""kind"": ""FORWARD"", ""runtimeStepName"": ""enrollStudentStep"", ""sourceStepId"": ""pt.ulisboa.tecnico.socialsoftware.quizzes.microservices.execution.coordination.sagas.AddStudentFunctionalitySagas::enrollStudentStep#0"", ""status"": ""FAILED""}, {""bodyOutcome"": ""NOT_RUN"", ""exceptionClass"": null, ""exceptionMessage"": null, ""faultOrigin"": ""ASSIGNED"", ""kind"": ""FORWARD"", ""runtimeStepName"": ""getTournamentStep"", ""sourceStepId"": ""pt.ulisboa.tecnico.socialsoftware.quizzes.microservices.tournament.coordination.sagas.SolveQuizAsyncFunctionalitySagas::getTournamentStep#0"", ""status"": ""ASSIGNED_FAULT""}]",2.559571126,"[{""action"": ""setup-action-1"", ""inputs"": [""0fe4cf5be00237bf75f4071b4b48a1bcc0171247ea930796c342a2ef201b5255"", ""516f30f00796efa97335d71f6df3624226e983c55af6c4b37826b32f89c7de90""], ""property"": ""aggregateId""}, {""action"": ""setup-action-17"", ""inputs"": [""516f30f00796efa97335d71f6df3624226e983c55af6c4b37826b32f89c7de90"", ""5f51039398deeb3677d5ce3d4c69eaf110ea0de53d6f56f789642381b78b4000""], ""property"": ""aggregateId""}, {""action"": ""setup-action-5"", ""inputs"": [""0fe4cf5be00237bf75f4071b4b48a1bcc0171247ea930796c342a2ef201b5255"", ""516f30f00796efa97335d71f6df3624226e983c55af6c4b37826b32f89c7de90"", ""5f51039398deeb3677d5ce3d4c69eaf110ea0de53d6f56f789642381b78b4000""], ""property"": ""aggregateId""}]",True,[],"{""DELETED_DEPENDENCY"": 0, ""FAILED_OPERATION_RESIDUAL"": 0, ""UNRESOLVED_DELIVERED_EVENT"": 0}","{""execution.impact-v2.json"": ""0a4b77cbd999e305b8e5000713ca30e1b99c56c02df38cf0e60e2e31671db6dd"", ""execution.json"": ""5bb04f83edf6d7cff3dbb769b368a77a6d7a86dd78f2aad359c5119ae26509a6"", ""impact-v1.json"": ""d03ce90cb325a7eb80e40af52e43b82beec8c07ebf8b7c7bd212253f549d3465""}"
w08,w08-14,72f9f9e37af7080da1deeb579bb27f6f14e92a67b7e220fa9f6b4b61654ada19,00001000000,73f6802f8ddfc7511dcbf3c3503efed120ebf3736ed5bfe8bc1f3cafe1ce37db,b9a296c8acc3f0f04ff859c0f238ee1f2de34239ac0b547aaecd6339bea5835f,1,COMPLETE,0,29.415840125002433,COMPLETE,COMPLETE,0,PARTIAL_COMPENSATED,DEVIATED,4dea7f53-e4d4-4552-a0d5-ac7a63b05161,SUCCEEDED,,"[{""bodyOutcome"": ""FAILED"", ""exceptionClass"": ""pt.ulisboa.tecnico.socialsoftware.quizzes.microservices.exception.QuizzesException"", ""exceptionMessage"": ""Student with aggregate id 4 is already enrolled in course execution 2."", ""faultOrigin"": ""UNASSIGNED_RUNTIME"", ""kind"": ""FORWARD"", ""runtimeStepName"": ""enrollStudentStep"", ""sourceStepId"": ""pt.ulisboa.tecnico.socialsoftware.quizzes.microservices.execution.coordination.sagas.AddStudentFunctionalitySagas::enrollStudentStep#0"", ""status"": ""FAILED""}, {""bodyOutcome"": ""NOT_RUN"", ""exceptionClass"": null, ""exceptionMessage"": null, ""faultOrigin"": ""ASSIGNED"", ""kind"": ""FORWARD"", ""runtimeStepName"": ""getTournamentStep"", ""sourceStepId"": ""pt.ulisboa.tecnico.socialsoftware.quizzes.microservices.tournament.coordination.sagas.SolveQuizAsyncFunctionalitySagas::getTournamentStep#0"", ""status"": ""ASSIGNED_FAULT""}]",2.199888793,"[{""action"": ""setup-action-1"", ""inputs"": [""0fe4cf5be00237bf75f4071b4b48a1bcc0171247ea930796c342a2ef201b5255"", ""516f30f00796efa97335d71f6df3624226e983c55af6c4b37826b32f89c7de90""], ""property"": ""aggregateId""}, {""action"": ""setup-action-17"", ""inputs"": [""516f30f00796efa97335d71f6df3624226e983c55af6c4b37826b32f89c7de90"", ""5f51039398deeb3677d5ce3d4c69eaf110ea0de53d6f56f789642381b78b4000""], ""property"": ""aggregateId""}, {""action"": ""setup-action-5"", ""inputs"": [""0fe4cf5be00237bf75f4071b4b48a1bcc0171247ea930796c342a2ef201b5255"", ""516f30f00796efa97335d71f6df3624226e983c55af6c4b37826b32f89c7de90"", ""5f51039398deeb3677d5ce3d4c69eaf110ea0de53d6f56f789642381b78b4000""], ""property"": ""aggregateId""}]",True,[],"{""DELETED_DEPENDENCY"": 0, ""FAILED_OPERATION_RESIDUAL"": 0, ""UNRESOLVED_DELIVERED_EVENT"": 0}","{""execution.impact-v2.json"": ""b5f3598eb7a5f2d2447299909a67caafa22b961e10004f8f2fea80fc5614402f"", ""execution.json"": ""534204ac33ec5649597fc4327e809d54435acab1906f3a7b26fd9799076eaf75"", ""impact-v1.json"": ""7aa25718cbe2ac548afeed9b28e047ccfbc97e5cd1f73661bf2a3b6fc41f7f34""}"
w08,w08-15,d0a4cf0e976291a50c193bbaa5dcc917a5018fea23c45ca8fb37719c7896fde4,00010000000,73f6802f8ddfc7511dcbf3c3503efed120ebf3736ed5bfe8bc1f3cafe1ce37db,fa84fa025515a84c26a45da5c5381648b0233e6c3364075ab8573cd2efa71ed4,1,COMPLETE,0,29.795509915973525,COMPLETE,COMPLETE,0,PARTIAL_COMPENSATED,DEVIATED,5851b474-5105-4691-82ca-c62ced70c1a9,SUCCEEDED,,"[{""bodyOutcome"": ""FAILED"", ""exceptionClass"": ""pt.ulisboa.tecnico.socialsoftware.quizzes.microservices.exception.QuizzesException"", ""exceptionMessage"": ""Student with aggregate id 4 is already enrolled in course execution 2."", ""faultOrigin"": ""UNASSIGNED_RUNTIME"", ""kind"": ""FORWARD"", ""runtimeStepName"": ""enrollStudentStep"", ""sourceStepId"": ""pt.ulisboa.tecnico.socialsoftware.quizzes.microservices.execution.coordination.sagas.AddStudentFunctionalitySagas::enrollStudentStep#0"", ""status"": ""FAILED""}, {""bodyOutcome"": ""NOT_RUN"", ""exceptionClass"": null, ""exceptionMessage"": null, ""faultOrigin"": ""ASSIGNED"", ""kind"": ""FORWARD"", ""runtimeStepName"": ""addParticipantStep"", ""sourceStepId"": ""pt.ulisboa.tecnico.socialsoftware.quizzes.microservices.tournament.coordination.sagas.AddParticipantFunctionalitySagas::addParticipantStep#0"", ""status"": ""ASSIGNED_FAULT""}]",3.327145252,"[{""action"": ""setup-action-1"", ""inputs"": [""0fe4cf5be00237bf75f4071b4b48a1bcc0171247ea930796c342a2ef201b5255"", ""516f30f00796efa97335d71f6df3624226e983c55af6c4b37826b32f89c7de90""], ""property"": ""aggregateId""}, {""action"": ""setup-action-17"", ""inputs"": [""516f30f00796efa97335d71f6df3624226e983c55af6c4b37826b32f89c7de90"", ""5f51039398deeb3677d5ce3d4c69eaf110ea0de53d6f56f789642381b78b4000""], ""property"": ""aggregateId""}, {""action"": ""setup-action-5"", ""inputs"": [""0fe4cf5be00237bf75f4071b4b48a1bcc0171247ea930796c342a2ef201b5255"", ""516f30f00796efa97335d71f6df3624226e983c55af6c4b37826b32f89c7de90"", ""5f51039398deeb3677d5ce3d4c69eaf110ea0de53d6f56f789642381b78b4000""], ""property"": ""aggregateId""}]",True,[],"{""DELETED_DEPENDENCY"": 0, ""FAILED_OPERATION_RESIDUAL"": 0, ""UNRESOLVED_DELIVERED_EVENT"": 0}","{""execution.impact-v2.json"": ""adec9d744a66c0418fef2474d665eef8624e83bf39e244c32fe5d2f72bad7f89"", ""execution.json"": ""b3098b31eccd23d6e4d55f6c040f436bbbd17a871bc297a76d865c7bb582a900"", ""impact-v1.json"": ""1d4870baea95350b18c9d60dbf7e45fa9dc73e8fda4b0acf4f727fb764b5084c""}"
w08,w08-16,4f554b836b6fd13260ce60da9482ecb59c4384ba2d43e7fdaa125ad6f82ecf3f,00010000001,73f6802f8ddfc7511dcbf3c3503efed120ebf3736ed5bfe8bc1f3cafe1ce37db,7a7fd4e1a3e7c49be1588fca8ab7ffb2d126d41392a9dd17deb7daf6a6585fa7,1,COMPLETE,0,29.097164375009015,COMPLETE,COMPLETE,1,COMPENSATED,DEVIATED,db2834a6-334d-4603-94be-760c7da4df91,SUCCEEDED,,"[{""bodyOutcome"": ""FAILED"", ""exceptionClass"": ""pt.ulisboa.tecnico.socialsoftware.quizzes.microservices.exception.QuizzesException"", ""exceptionMessage"": ""Student with aggregate id 4 is already enrolled in course execution 2."", ""faultOrigin"": ""UNASSIGNED_RUNTIME"", ""kind"": ""FORWARD"", ""runtimeStepName"": ""enrollStudentStep"", ""sourceStepId"": ""pt.ulisboa.tecnico.socialsoftware.quizzes.microservices.execution.coordination.sagas.AddStudentFunctionalitySagas::enrollStudentStep#0"", ""status"": ""FAILED""}, {""bodyOutcome"": ""NOT_RUN"", ""exceptionClass"": null, ""exceptionMessage"": null, ""faultOrigin"": ""ASSIGNED"", ""kind"": ""FORWARD"", ""runtimeStepName"": ""addParticipantStep"", ""sourceStepId"": ""pt.ulisboa.tecnico.socialsoftware.quizzes.microservices.tournament.coordination.sagas.AddParticipantFunctionalitySagas::addParticipantStep#0"", ""status"": ""ASSIGNED_FAULT""}, {""bodyOutcome"": ""NOT_RUN"", ""exceptionClass"": null, ""exceptionMessage"": null, ""faultOrigin"": ""ASSIGNED"", ""kind"": ""FORWARD"", ""runtimeStepName"": ""solveQuizStep"", ""sourceStepId"": ""pt.ulisboa.tecnico.socialsoftware.quizzes.microservices.tournament.coordination.sagas.SolveQuizAsyncFunctionalitySagas::solveQuizStep#0"", ""status"": ""ASSIGNED_FAULT""}, {""bodyOutcome"": ""NOT_APPLICABLE"", ""exceptionClass"": null, ""exceptionMessage"": null, ""faultOrigin"": null, ""kind"": ""COMPENSATION"", ""runtimeStepName"": ""startQuizAnswerStep"", ""sourceStepId"": ""pt.ulisboa.tecnico.socialsoftware.quizzes.microservices.tournament.coordination.sagas.SolveQuizAsyncFunctionalitySagas::startQuizAnswerStep#0"", ""status"": ""COMPENSATED""}, {""bodyOutcome"": ""NOT_APPLICABLE"", ""exceptionClass"": null, ""exceptionMessage"": null, ""faultOrigin"": null, ""kind"": ""COMPENSATION"", ""runtimeStepName"": ""startQuizStep"", ""sourceStepId"": ""pt.ulisboa.tecnico.socialsoftware.quizzes.microservices.tournament.coordination.sagas.SolveQuizAsyncFunctionalitySagas::startQuizStep#0"", ""status"": ""COMPENSATED""}, {""bodyOutcome"": ""NOT_APPLICABLE"", ""exceptionClass"": null, ""exceptionMessage"": null, ""faultOrigin"": null, ""kind"": ""COMPENSATION"", ""runtimeStepName"": ""getTournamentStep"", ""sourceStepId"": ""pt.ulisboa.tecnico.socialsoftware.quizzes.microservices.tournament.coordination.sagas.SolveQuizAsyncFunctionalitySagas::getTournamentStep#0"", ""status"": ""COMPENSATED""}]",1.767524459,"[{""action"": ""setup-action-1"", ""inputs"": [""0fe4cf5be00237bf75f4071b4b48a1bcc0171247ea930796c342a2ef201b5255"", ""516f30f00796efa97335d71f6df3624226e983c55af6c4b37826b32f89c7de90""], ""property"": ""aggregateId""}, {""action"": ""setup-action-17"", ""inputs"": [""516f30f00796efa97335d71f6df3624226e983c55af6c4b37826b32f89c7de90"", ""5f51039398deeb3677d5ce3d4c69eaf110ea0de53d6f56f789642381b78b4000""], ""property"": ""aggregateId""}, {""action"": ""setup-action-5"", ""inputs"": [""0fe4cf5be00237bf75f4071b4b48a1bcc0171247ea930796c342a2ef201b5255"", ""516f30f00796efa97335d71f6df3624226e983c55af6c4b37826b32f89c7de90"", ""5f51039398deeb3677d5ce3d4c69eaf110ea0de53d6f56f789642381b78b4000""], ""property"": ""aggregateId""}]",True,"[{""baselineLifecycle"": ""ABSENT"", ""categories"": [""FAILED_OPERATION_RESIDUAL""], ""finalLifecycle"": ""DELETED"", ""identity"": {""aggregateId"": 14, ""aggregateType"": ""SagaQuizAnswer""}}]","{""DELETED_DEPENDENCY"": 0, ""FAILED_OPERATION_RESIDUAL"": 1, ""UNRESOLVED_DELIVERED_EVENT"": 0}","{""execution.impact-v2.json"": ""d5d5f2f9c5db85923c5bf4890228ed3bacf9bf6c13361cbd981f00faf4ac2454"", ""execution.json"": ""46c27b8f0d171e42d2cce5576b616804b29967bb95ae9e47c3c8d37cc0cc5486"", ""impact-v1.json"": ""f38ed02fc70593228ee3046b0cefd307c4b429d11e757d1255844d88202b3547""}"
w08,w08-17,9880a7ef4f8de164c2b9abf371f7c979cf9e5782ad1e6ec75153b6d1b7cbdb69,00010000010,73f6802f8ddfc7511dcbf3c3503efed120ebf3736ed5bfe8bc1f3cafe1ce37db,7cde0b719770165d353121337548904cfe17118a8d04f7ff4346c3cfc62318bc,1,COMPLETE,0,28.82841279101558,COMPLETE,COMPLETE,0,COMPENSATED,DEVIATED,e6975685-21e4-4654-92bb-7542716ededa,SUCCEEDED,,"[{""bodyOutcome"": ""FAILED"", ""exceptionClass"": ""pt.ulisboa.tecnico.socialsoftware.quizzes.microservices.exception.QuizzesException"", ""exceptionMessage"": ""Student with aggregate id 4 is already enrolled in course execution 2."", ""faultOrigin"": ""UNASSIGNED_RUNTIME"", ""kind"": ""FORWARD"", ""runtimeStepName"": ""enrollStudentStep"", ""sourceStepId"": ""pt.ulisboa.tecnico.socialsoftware.quizzes.microservices.execution.coordination.sagas.AddStudentFunctionalitySagas::enrollStudentStep#0"", ""status"": ""FAILED""}, {""bodyOutcome"": ""NOT_RUN"", ""exceptionClass"": null, ""exceptionMessage"": null, ""faultOrigin"": ""ASSIGNED"", ""kind"": ""FORWARD"", ""runtimeStepName"": ""addParticipantStep"", ""sourceStepId"": ""pt.ulisboa.tecnico.socialsoftware.quizzes.microservices.tournament.coordination.sagas.AddParticipantFunctionalitySagas::addParticipantStep#0"", ""status"": ""ASSIGNED_FAULT""}, {""bodyOutcome"": ""NOT_RUN"", ""exceptionClass"": null, ""exceptionMessage"": null, ""faultOrigin"": ""ASSIGNED"", ""kind"": ""FORWARD"", ""runtimeStepName"": ""startQuizAnswerStep"", ""sourceStepId"": ""pt.ulisboa.tecnico.socialsoftware.quizzes.microservices.tournament.coordination.sagas.SolveQuizAsyncFunctionalitySagas::startQuizAnswerStep#0"", ""status"": ""ASSIGNED_FAULT""}, {""bodyOutcome"": ""NOT_APPLICABLE"", ""exceptionClass"": null, ""exceptionMessage"": null, ""faultOrigin"": null, ""kind"": ""COMPENSATION"", ""runtimeStepName"": ""startQuizStep"", ""sourceStepId"": ""pt.ulisboa.tecnico.socialsoftware.quizzes.microservices.tournament.coordination.sagas.SolveQuizAsyncFunctionalitySagas::startQuizStep#0"", ""status"": ""COMPENSATED""}, {""bodyOutcome"": ""NOT_APPLICABLE"", ""exceptionClass"": null, ""exceptionMessage"": null, ""faultOrigin"": null, ""kind"": ""COMPENSATION"", ""runtimeStepName"": ""getTournamentStep"", ""sourceStepId"": ""pt.ulisboa.tecnico.socialsoftware.quizzes.microservices.tournament.coordination.sagas.SolveQuizAsyncFunctionalitySagas::getTournamentStep#0"", ""status"": ""COMPENSATED""}]",2.934922168,"[{""action"": ""setup-action-1"", ""inputs"": [""0fe4cf5be00237bf75f4071b4b48a1bcc0171247ea930796c342a2ef201b5255"", ""516f30f00796efa97335d71f6df3624226e983c55af6c4b37826b32f89c7de90""], ""property"": ""aggregateId""}, {""action"": ""setup-action-17"", ""inputs"": [""516f30f00796efa97335d71f6df3624226e983c55af6c4b37826b32f89c7de90"", ""5f51039398deeb3677d5ce3d4c69eaf110ea0de53d6f56f789642381b78b4000""], ""property"": ""aggregateId""}, {""action"": ""setup-action-5"", ""inputs"": [""0fe4cf5be00237bf75f4071b4b48a1bcc0171247ea930796c342a2ef201b5255"", ""516f30f00796efa97335d71f6df3624226e983c55af6c4b37826b32f89c7de90"", ""5f51039398deeb3677d5ce3d4c69eaf110ea0de53d6f56f789642381b78b4000""], ""property"": ""aggregateId""}]",True,[],"{""DELETED_DEPENDENCY"": 0, ""FAILED_OPERATION_RESIDUAL"": 0, ""UNRESOLVED_DELIVERED_EVENT"": 0}","{""execution.impact-v2.json"": ""0f448d290617e0f28ca5dc636b772e0163a570290e3e2ebb49efe59dcb129479"", ""execution.json"": ""4dacc714b6903ffecea1b6493343790e5084024d6e20c26d929cc94c9b4ae33c"", ""impact-v1.json"": ""5e233e32dc845367959ec13e8a9a0c347a78a5ef9c5c8345a32b4079bd7a65bd""}"
w08,w08-18,8898f27899891ec6280263affefba58df04cb9f09c41abd5730ea6e778363719,00100000000,73f6802f8ddfc7511dcbf3c3503efed120ebf3736ed5bfe8bc1f3cafe1ce37db,6679e8f0c3b9e0b590abab50953cb5b977a1b437605300e582175f77a6a8be4b,1,COMPLETE,0,30.058672458981164,COMPLETE,COMPLETE,0,PARTIAL_COMPENSATED,DEVIATED,f00427aa-cf87-4fcf-a024-45f8b9b0ce3d,SUCCEEDED,,"[{""bodyOutcome"": ""FAILED"", ""exceptionClass"": ""pt.ulisboa.tecnico.socialsoftware.quizzes.microservices.exception.QuizzesException"", ""exceptionMessage"": ""Student with aggregate id 4 is already enrolled in course execution 2."", ""faultOrigin"": ""UNASSIGNED_RUNTIME"", ""kind"": ""FORWARD"", ""runtimeStepName"": ""enrollStudentStep"", ""sourceStepId"": ""pt.ulisboa.tecnico.socialsoftware.quizzes.microservices.execution.coordination.sagas.AddStudentFunctionalitySagas::enrollStudentStep#0"", ""status"": ""FAILED""}, {""bodyOutcome"": ""NOT_RUN"", ""exceptionClass"": null, ""exceptionMessage"": null, ""faultOrigin"": ""ASSIGNED"", ""kind"": ""FORWARD"", ""runtimeStepName"": ""getUserStep"", ""sourceStepId"": ""pt.ulisboa.tecnico.socialsoftware.quizzes.microservices.tournament.coordination.sagas.AddParticipantFunctionalitySagas::getUserStep#0"", ""status"": ""ASSIGNED_FAULT""}]",2.171330501,"[{""action"": ""setup-action-1"", ""inputs"": [""0fe4cf5be00237bf75f4071b4b48a1bcc0171247ea930796c342a2ef201b5255"", ""516f30f00796efa97335d71f6df3624226e983c55af6c4b37826b32f89c7de90""], ""property"": ""aggregateId""}, {""action"": ""setup-action-17"", ""inputs"": [""516f30f00796efa97335d71f6df3624226e983c55af6c4b37826b32f89c7de90"", ""5f51039398deeb3677d5ce3d4c69eaf110ea0de53d6f56f789642381b78b4000""], ""property"": ""aggregateId""}, {""action"": ""setup-action-5"", ""inputs"": [""0fe4cf5be00237bf75f4071b4b48a1bcc0171247ea930796c342a2ef201b5255"", ""516f30f00796efa97335d71f6df3624226e983c55af6c4b37826b32f89c7de90"", ""5f51039398deeb3677d5ce3d4c69eaf110ea0de53d6f56f789642381b78b4000""], ""property"": ""aggregateId""}]",True,[],"{""DELETED_DEPENDENCY"": 0, ""FAILED_OPERATION_RESIDUAL"": 0, ""UNRESOLVED_DELIVERED_EVENT"": 0}","{""execution.impact-v2.json"": ""ba46eebd76483441f4d3f70ec833f2961ed28350b7ae21283772bd15fcb9805e"", ""execution.json"": ""bca88ec2ada5344def5ab50ad85d05b6a5716b1b65cc94f14629943d50bfe9b8"", ""impact-v1.json"": ""b020ad294ff6b764b27f695ece489ff83af5aec9c3c1935a4ae562d2defba389""}"
w08,w08-19,c3c78ec7e1b0b8fbb332b14194d0e0cf387c79e320716b8272924227e96fc78e,01000000000,73f6802f8ddfc7511dcbf3c3503efed120ebf3736ed5bfe8bc1f3cafe1ce37db,11655d4075bb68cc0c32aa8259dd025250f4f40e80bfad87a3e9789f1fb4b8ca,1,COMPLETE,0,29.872039125009906,COMPLETE,COMPLETE,0,PARTIAL_COMPENSATED,EXACT,c87a714f-3bff-4858-b5b9-7d4a5304f63c,SUCCEEDED,,"[{""bodyOutcome"": ""NOT_RUN"", ""exceptionClass"": null, ""exceptionMessage"": null, ""faultOrigin"": ""ASSIGNED"", ""kind"": ""FORWARD"", ""runtimeStepName"": ""enrollStudentStep"", ""sourceStepId"": ""pt.ulisboa.tecnico.socialsoftware.quizzes.microservices.execution.coordination.sagas.AddStudentFunctionalitySagas::enrollStudentStep#0"", ""status"": ""ASSIGNED_FAULT""}]",2.705889459,"[{""action"": ""setup-action-1"", ""inputs"": [""0fe4cf5be00237bf75f4071b4b48a1bcc0171247ea930796c342a2ef201b5255"", ""516f30f00796efa97335d71f6df3624226e983c55af6c4b37826b32f89c7de90""], ""property"": ""aggregateId""}, {""action"": ""setup-action-17"", ""inputs"": [""516f30f00796efa97335d71f6df3624226e983c55af6c4b37826b32f89c7de90"", ""5f51039398deeb3677d5ce3d4c69eaf110ea0de53d6f56f789642381b78b4000""], ""property"": ""aggregateId""}, {""action"": ""setup-action-5"", ""inputs"": [""0fe4cf5be00237bf75f4071b4b48a1bcc0171247ea930796c342a2ef201b5255"", ""516f30f00796efa97335d71f6df3624226e983c55af6c4b37826b32f89c7de90"", ""5f51039398deeb3677d5ce3d4c69eaf110ea0de53d6f56f789642381b78b4000""], ""property"": ""aggregateId""}]",True,[],"{""DELETED_DEPENDENCY"": 0, ""FAILED_OPERATION_RESIDUAL"": 0, ""UNRESOLVED_DELIVERED_EVENT"": 0}","{""execution.impact-v2.json"": ""50e9627bd1e12caba4dbafb359818e6ac7d9b66a41eb2723b8eab8eaa2503e73"", ""execution.json"": ""6271adff833f1c7b7eefb1db7b4cdd84bc02f0c87d58c9f17de1603d62be4cfa"", ""impact-v1.json"": ""4ed00edee6994b9e193d39702835a6b85945b2b29e847dc9f4f897c8f44bb7a0""}"
w08,w08-20,f95672113bfa76c009f7fff277e974eef456d7a10c56cb7764bf36c8e47ac08d,01000000000,73f6802f8ddfc7511dcbf3c3503efed120ebf3736ed5bfe8bc1f3cafe1ce37db,11655d4075bb68cc0c32aa8259dd025250f4f40e80bfad87a3e9789f1fb4b8ca,1,COMPLETE,0,33.72370979201514,COMPLETE,COMPLETE,0,PARTIAL_COMPENSATED,EXACT,4bf2b031-3590-4e30-9507-557f05f4c491,SUCCEEDED,,"[{""bodyOutcome"": ""NOT_RUN"", ""exceptionClass"": null, ""exceptionMessage"": null, ""faultOrigin"": ""ASSIGNED"", ""kind"": ""FORWARD"", ""runtimeStepName"": ""enrollStudentStep"", ""sourceStepId"": ""pt.ulisboa.tecnico.socialsoftware.quizzes.microservices.execution.coordination.sagas.AddStudentFunctionalitySagas::enrollStudentStep#0"", ""status"": ""ASSIGNED_FAULT""}]",2.553953876,"[{""action"": ""setup-action-1"", ""inputs"": [""0fe4cf5be00237bf75f4071b4b48a1bcc0171247ea930796c342a2ef201b5255"", ""516f30f00796efa97335d71f6df3624226e983c55af6c4b37826b32f89c7de90""], ""property"": ""aggregateId""}, {""action"": ""setup-action-17"", ""inputs"": [""516f30f00796efa97335d71f6df3624226e983c55af6c4b37826b32f89c7de90"", ""5f51039398deeb3677d5ce3d4c69eaf110ea0de53d6f56f789642381b78b4000""], ""property"": ""aggregateId""}, {""action"": ""setup-action-5"", ""inputs"": [""0fe4cf5be00237bf75f4071b4b48a1bcc0171247ea930796c342a2ef201b5255"", ""516f30f00796efa97335d71f6df3624226e983c55af6c4b37826b32f89c7de90"", ""5f51039398deeb3677d5ce3d4c69eaf110ea0de53d6f56f789642381b78b4000""], ""property"": ""aggregateId""}]",True,[],"{""DELETED_DEPENDENCY"": 0, ""FAILED_OPERATION_RESIDUAL"": 0, ""UNRESOLVED_DELIVERED_EVENT"": 0}","{""execution.impact-v2.json"": ""db067b93d0da0a5ec39383118eaaefe60d1307a3a98ff729273a66dc26a5bf95"", ""execution.json"": ""02637d886b1cd4ea59ae50bf31fd6d7bbf04cf8bdf9a0c339680e34b5a5beb4d"", ""impact-v1.json"": ""3ef4667a8784504494a8f8ee200db9f25d70d79cf6a50f6cfcba52a468ca1dd1""}"
w08,w08-21,f43da97fe022da7fd52f707f8de23648d1adbb09a49ed0d1184dd8182abd38ed,01000000010,73f6802f8ddfc7511dcbf3c3503efed120ebf3736ed5bfe8bc1f3cafe1ce37db,07e558b6a48dc535af9f0b3a30bc0206031ea878819450add33e28816ba71a89,1,COMPLETE,0,31.16240191698307,COMPLETE,COMPLETE,0,PARTIAL_COMPENSATED,EXACT,ce281576-969f-4df3-90db-17cdac013e00,SUCCEEDED,,"[{""bodyOutcome"": ""NOT_RUN"", ""exceptionClass"": null, ""exceptionMessage"": null, ""faultOrigin"": ""ASSIGNED"", ""kind"": ""FORWARD"", ""runtimeStepName"": ""enrollStudentStep"", ""sourceStepId"": ""pt.ulisboa.tecnico.socialsoftware.quizzes.microservices.execution.coordination.sagas.AddStudentFunctionalitySagas::enrollStudentStep#0"", ""status"": ""ASSIGNED_FAULT""}, {""bodyOutcome"": ""NOT_RUN"", ""exceptionClass"": null, ""exceptionMessage"": null, ""faultOrigin"": ""ASSIGNED"", ""kind"": ""FORWARD"", ""runtimeStepName"": ""startQuizAnswerStep"", ""sourceStepId"": ""pt.ulisboa.tecnico.socialsoftware.quizzes.microservices.tournament.coordination.sagas.SolveQuizAsyncFunctionalitySagas::startQuizAnswerStep#0"", ""status"": ""ASSIGNED_FAULT""}, {""bodyOutcome"": ""NOT_APPLICABLE"", ""exceptionClass"": null, ""exceptionMessage"": null, ""faultOrigin"": null, ""kind"": ""COMPENSATION"", ""runtimeStepName"": ""startQuizStep"", ""sourceStepId"": ""pt.ulisboa.tecnico.socialsoftware.quizzes.microservices.tournament.coordination.sagas.SolveQuizAsyncFunctionalitySagas::startQuizStep#0"", ""status"": ""COMPENSATED""}, {""bodyOutcome"": ""NOT_APPLICABLE"", ""exceptionClass"": null, ""exceptionMessage"": null, ""faultOrigin"": null, ""kind"": ""COMPENSATION"", ""runtimeStepName"": ""getTournamentStep"", ""sourceStepId"": ""pt.ulisboa.tecnico.socialsoftware.quizzes.microservices.tournament.coordination.sagas.SolveQuizAsyncFunctionalitySagas::getTournamentStep#0"", ""status"": ""COMPENSATED""}]",2.854848126,"[{""action"": ""setup-action-1"", ""inputs"": [""0fe4cf5be00237bf75f4071b4b48a1bcc0171247ea930796c342a2ef201b5255"", ""516f30f00796efa97335d71f6df3624226e983c55af6c4b37826b32f89c7de90""], ""property"": ""aggregateId""}, {""action"": ""setup-action-17"", ""inputs"": [""516f30f00796efa97335d71f6df3624226e983c55af6c4b37826b32f89c7de90"", ""5f51039398deeb3677d5ce3d4c69eaf110ea0de53d6f56f789642381b78b4000""], ""property"": ""aggregateId""}, {""action"": ""setup-action-5"", ""inputs"": [""0fe4cf5be00237bf75f4071b4b48a1bcc0171247ea930796c342a2ef201b5255"", ""516f30f00796efa97335d71f6df3624226e983c55af6c4b37826b32f89c7de90"", ""5f51039398deeb3677d5ce3d4c69eaf110ea0de53d6f56f789642381b78b4000""], ""property"": ""aggregateId""}]",True,[],"{""DELETED_DEPENDENCY"": 0, ""FAILED_OPERATION_RESIDUAL"": 0, ""UNRESOLVED_DELIVERED_EVENT"": 0}","{""execution.impact-v2.json"": ""49703c5216ce3b4c753c8ff4d7999fdc5d11098c0f63ec769d76a926b8e975c4"", ""execution.json"": ""26e4dddf9825561a828311136db7922ba5b929fbdd8deb1b17ce3077b63e6fbe"", ""impact-v1.json"": ""7a9a17520b9d7fd0a72c6c38c5163ca92b088c60ab7148d5883089854bb6619a""}"
w08,w08-22,404fc0a5b5ff1f373f505ebbfbe9376d798367d1fe86345f4f077d9e75b63f01,01000000100,73f6802f8ddfc7511dcbf3c3503efed120ebf3736ed5bfe8bc1f3cafe1ce37db,c7082455509239891b61ef9b67c586c5129620136a8f62f903e79c20d2d88935,1,COMPLETE,0,30.38455083296867,COMPLETE,COMPLETE,0,PARTIAL_COMPENSATED,EXACT,06165311-65e6-4fd7-8a2a-ae446f843ef4,SUCCEEDED,,"[{""bodyOutcome"": ""NOT_RUN"", ""exceptionClass"": null, ""exceptionMessage"": null, ""faultOrigin"": ""ASSIGNED"", ""kind"": ""FORWARD"", ""runtimeStepName"": ""enrollStudentStep"", ""sourceStepId"": ""pt.ulisboa.tecnico.socialsoftware.quizzes.microservices.execution.coordination.sagas.AddStudentFunctionalitySagas::enrollStudentStep#0"", ""status"": ""ASSIGNED_FAULT""}, {""bodyOutcome"": ""NOT_RUN"", ""exceptionClass"": null, ""exceptionMessage"": null, ""faultOrigin"": ""ASSIGNED"", ""kind"": ""FORWARD"", ""runtimeStepName"": ""getStudentByExecutionIdAndUserIdAsyncStep"", ""sourceStepId"": ""pt.ulisboa.tecnico.socialsoftware.quizzes.microservices.tournament.coordination.sagas.SolveQuizAsyncFunctionalitySagas::getStudentByExecutionIdAndUserIdAsyncStep#0"", ""status"": ""ASSIGNED_FAULT""}, {""bodyOutcome"": ""NOT_APPLICABLE"", ""exceptionClass"": null, ""exceptionMessage"": null, ""faultOrigin"": null, ""kind"": ""COMPENSATION"", ""runtimeStepName"": ""startQuizStep"", ""sourceStepId"": ""pt.ulisboa.tecnico.socialsoftware.quizzes.microservices.tournament.coordination.sagas.SolveQuizAsyncFunctionalitySagas::startQuizStep#0"", ""status"": ""COMPENSATED""}, {""bodyOutcome"": ""NOT_APPLICABLE"", ""exceptionClass"": null, ""exceptionMessage"": null, ""faultOrigin"": null, ""kind"": ""COMPENSATION"", ""runtimeStepName"": ""getTournamentStep"", ""sourceStepId"": ""pt.ulisboa.tecnico.socialsoftware.quizzes.microservices.tournament.coordination.sagas.SolveQuizAsyncFunctionalitySagas::getTournamentStep#0"", ""status"": ""COMPENSATED""}]",2.616134876,"[{""action"": ""setup-action-1"", ""inputs"": [""0fe4cf5be00237bf75f4071b4b48a1bcc0171247ea930796c342a2ef201b5255"", ""516f30f00796efa97335d71f6df3624226e983c55af6c4b37826b32f89c7de90""], ""property"": ""aggregateId""}, {""action"": ""setup-action-17"", ""inputs"": [""516f30f00796efa97335d71f6df3624226e983c55af6c4b37826b32f89c7de90"", ""5f51039398deeb3677d5ce3d4c69eaf110ea0de53d6f56f789642381b78b4000""], ""property"": ""aggregateId""}, {""action"": ""setup-action-5"", ""inputs"": [""0fe4cf5be00237bf75f4071b4b48a1bcc0171247ea930796c342a2ef201b5255"", ""516f30f00796efa97335d71f6df3624226e983c55af6c4b37826b32f89c7de90"", ""5f51039398deeb3677d5ce3d4c69eaf110ea0de53d6f56f789642381b78b4000""], ""property"": ""aggregateId""}]",True,[],"{""DELETED_DEPENDENCY"": 0, ""FAILED_OPERATION_RESIDUAL"": 0, ""UNRESOLVED_DELIVERED_EVENT"": 0}","{""execution.impact-v2.json"": ""c7355a2a09037be0e1f7e71da9f70800fe339cce48b3f6e5a62f4d719c47cd32"", ""execution.json"": ""70b5965391cde279bad078c7639f29148e74137f40e61742f71204db5aac4a89"", ""impact-v1.json"": ""45706a62f926034ab3fb3fa704973dcde3ccc27010f39c3e334db0f055ecb03c""}"
w08,w08-23,ade8b0e3748212ccd1fd977d95c1aa162fb4025731db159e2a0513219d141ec9,01010001000,73f6802f8ddfc7511dcbf3c3503efed120ebf3736ed5bfe8bc1f3cafe1ce37db,ea1b96b686bada2433c203935d65783b8d69a305a640f375c9ddd1bba9b747dc,1,COMPLETE,0,28.485319625004195,COMPLETE,COMPLETE,0,COMPENSATED,EXACT,92bc635f-bc7d-48d8-bf31-be03eb2e7031,SUCCEEDED,,"[{""bodyOutcome"": ""NOT_RUN"", ""exceptionClass"": null, ""exceptionMessage"": null, ""faultOrigin"": ""ASSIGNED"", ""kind"": ""FORWARD"", ""runtimeStepName"": ""enrollStudentStep"", ""sourceStepId"": ""pt.ulisboa.tecnico.socialsoftware.quizzes.microservices.execution.coordination.sagas.AddStudentFunctionalitySagas::enrollStudentStep#0"", ""status"": ""ASSIGNED_FAULT""}, {""bodyOutcome"": ""NOT_RUN"", ""exceptionClass"": null, ""exceptionMessage"": null, ""faultOrigin"": ""ASSIGNED"", ""kind"": ""FORWARD"", ""runtimeStepName"": ""addParticipantStep"", ""sourceStepId"": ""pt.ulisboa.tecnico.socialsoftware.quizzes.microservices.tournament.coordination.sagas.AddParticipantFunctionalitySagas::addParticipantStep#0"", ""status"": ""ASSIGNED_FAULT""}, {""bodyOutcome"": ""NOT_RUN"", ""exceptionClass"": null, ""exceptionMessage"": null, ""faultOrigin"": ""ASSIGNED"", ""kind"": ""FORWARD"", ""runtimeStepName"": ""getQuestionsByIdAsyncStep"", ""sourceStepId"": ""pt.ulisboa.tecnico.socialsoftware.quizzes.microservices.tournament.coordination.sagas.SolveQuizAsyncFunctionalitySagas::getQuestionsByIdAsyncStep#0"", ""status"": ""ASSIGNED_FAULT""}, {""bodyOutcome"": ""NOT_APPLICABLE"", ""exceptionClass"": null, ""exceptionMessage"": null, ""faultOrigin"": null, ""kind"": ""COMPENSATION"", ""runtimeStepName"": ""startQuizStep"", ""sourceStepId"": ""pt.ulisboa.tecnico.socialsoftware.quizzes.microservices.tournament.coordination.sagas.SolveQuizAsyncFunctionalitySagas::startQuizStep#0"", ""status"": ""COMPENSATED""}, {""bodyOutcome"": ""NOT_APPLICABLE"", ""exceptionClass"": null, ""exceptionMessage"": null, ""faultOrigin"": null, ""kind"": ""COMPENSATION"", ""runtimeStepName"": ""getTournamentStep"", ""sourceStepId"": ""pt.ulisboa.tecnico.socialsoftware.quizzes.microservices.tournament.coordination.sagas.SolveQuizAsyncFunctionalitySagas::getTournamentStep#0"", ""status"": ""COMPENSATED""}]",2.394445335,"[{""action"": ""setup-action-1"", ""inputs"": [""0fe4cf5be00237bf75f4071b4b48a1bcc0171247ea930796c342a2ef201b5255"", ""516f30f00796efa97335d71f6df3624226e983c55af6c4b37826b32f89c7de90""], ""property"": ""aggregateId""}, {""action"": ""setup-action-17"", ""inputs"": [""516f30f00796efa97335d71f6df3624226e983c55af6c4b37826b32f89c7de90"", ""5f51039398deeb3677d5ce3d4c69eaf110ea0de53d6f56f789642381b78b4000""], ""property"": ""aggregateId""}, {""action"": ""setup-action-5"", ""inputs"": [""0fe4cf5be00237bf75f4071b4b48a1bcc0171247ea930796c342a2ef201b5255"", ""516f30f00796efa97335d71f6df3624226e983c55af6c4b37826b32f89c7de90"", ""5f51039398deeb3677d5ce3d4c69eaf110ea0de53d6f56f789642381b78b4000""], ""property"": ""aggregateId""}]",True,[],"{""DELETED_DEPENDENCY"": 0, ""FAILED_OPERATION_RESIDUAL"": 0, ""UNRESOLVED_DELIVERED_EVENT"": 0}","{""execution.impact-v2.json"": ""4065c79ea60d5b2b99241381b5fd0932746489fc5ca22d431994c1260afa3bc5"", ""execution.json"": ""6ed3f81824ec99d18bd38b1866b7d98bc0c2bcd1da3b902d78084b13f5576d31"", ""impact-v1.json"": ""9589ba63e23094947fa4d2b9a4e80ee046919f6f93a54d5c268cf0b825e8663b""}"
w08,w08-24,52f36f2728a3ec7637e48f342a03d9f3feef85784ee6e4a366c935dab76f74b2,01010010000,73f6802f8ddfc7511dcbf3c3503efed120ebf3736ed5bfe8bc1f3cafe1ce37db,7eb2d0f091cecd2ff72c0f69a8f0236642a312df789e5e103053d91ef4a9e836,1,COMPLETE,0,26.66644770797575,COMPLETE,COMPLETE,0,COMPENSATED,EXACT,fb75393a-7207-4f45-bc91-18e7ce6a5955,SUCCEEDED,,"[{""bodyOutcome"": ""NOT_RUN"", ""exceptionClass"": null, ""exceptionMessage"": null, ""faultOrigin"": ""ASSIGNED"", ""kind"": ""FORWARD"", ""runtimeStepName"": ""enrollStudentStep"", ""sourceStepId"": ""pt.ulisboa.tecnico.socialsoftware.quizzes.microservices.execution.coordination.sagas.AddStudentFunctionalitySagas::enrollStudentStep#0"", ""status"": ""ASSIGNED_FAULT""}, {""bodyOutcome"": ""NOT_RUN"", ""exceptionClass"": null, ""exceptionMessage"": null, ""faultOrigin"": ""ASSIGNED"", ""kind"": ""FORWARD"", ""runtimeStepName"": ""addParticipantStep"", ""sourceStepId"": ""pt.ulisboa.tecnico.socialsoftware.quizzes.microservices.tournament.coordination.sagas.AddParticipantFunctionalitySagas::addParticipantStep#0"", ""status"": ""ASSIGNED_FAULT""}, {""bodyOutcome"": ""NOT_RUN"", ""exceptionClass"": null, ""exceptionMessage"": null, ""faultOrigin"": ""ASSIGNED"", ""kind"": ""FORWARD"", ""runtimeStepName"": ""getQuizByIdStep"", ""sourceStepId"": ""pt.ulisboa.tecnico.socialsoftware.quizzes.microservices.tournament.coordination.sagas.SolveQuizAsyncFunctionalitySagas::getQuizByIdStep#0"", ""status"": ""ASSIGNED_FAULT""}, {""bodyOutcome"": ""NOT_APPLICABLE"", ""exceptionClass"": null, ""exceptionMessage"": null, ""faultOrigin"": null, ""kind"": ""COMPENSATION"", ""runtimeStepName"": ""startQuizStep"", ""sourceStepId"": ""pt.ulisboa.tecnico.socialsoftware.quizzes.microservices.tournament.coordination.sagas.SolveQuizAsyncFunctionalitySagas::startQuizStep#0"", ""status"": ""COMPENSATED""}, {""bodyOutcome"": ""NOT_APPLICABLE"", ""exceptionClass"": null, ""exceptionMessage"": null, ""faultOrigin"": null, ""kind"": ""COMPENSATION"", ""runtimeStepName"": ""getTournamentStep"", ""sourceStepId"": ""pt.ulisboa.tecnico.socialsoftware.quizzes.microservices.tournament.coordination.sagas.SolveQuizAsyncFunctionalitySagas::getTournamentStep#0"", ""status"": ""COMPENSATED""}]",1.856869834,"[{""action"": ""setup-action-1"", ""inputs"": [""0fe4cf5be00237bf75f4071b4b48a1bcc0171247ea930796c342a2ef201b5255"", ""516f30f00796efa97335d71f6df3624226e983c55af6c4b37826b32f89c7de90""], ""property"": ""aggregateId""}, {""action"": ""setup-action-17"", ""inputs"": [""516f30f00796efa97335d71f6df3624226e983c55af6c4b37826b32f89c7de90"", ""5f51039398deeb3677d5ce3d4c69eaf110ea0de53d6f56f789642381b78b4000""], ""property"": ""aggregateId""}, {""action"": ""setup-action-5"", ""inputs"": [""0fe4cf5be00237bf75f4071b4b48a1bcc0171247ea930796c342a2ef201b5255"", ""516f30f00796efa97335d71f6df3624226e983c55af6c4b37826b32f89c7de90"", ""5f51039398deeb3677d5ce3d4c69eaf110ea0de53d6f56f789642381b78b4000""], ""property"": ""aggregateId""}]",True,[],"{""DELETED_DEPENDENCY"": 0, ""FAILED_OPERATION_RESIDUAL"": 0, ""UNRESOLVED_DELIVERED_EVENT"": 0}","{""execution.impact-v2.json"": ""c3e0868200c8f111c65b50542135048c344b4e4e2dd5c4dd49b448040fcf0e32"", ""execution.json"": ""984897323db357b888d6ee050175217023da5e4ae36d38b8e7b5372fbed32afe"", ""impact-v1.json"": ""b8dbe9b2dd600647d51eebe473e1a2dcd8bc958cc4479b46f5bd9a619b7f3590""}"
w08,w08-25,e801881bf8a000e3f1bbbe71a8b22a30257871c73d2307519d074e4197723c41,01010100000,73f6802f8ddfc7511dcbf3c3503efed120ebf3736ed5bfe8bc1f3cafe1ce37db,6d5d3c73d13b65e7680ed8f46e45f5823a81697ec03966723d0634384a65772b,1,COMPLETE,0,26.99537391704507,COMPLETE,COMPLETE,0,COMPENSATED,EXACT,eab49da1-9d05-4115-a4bd-c852cacdd963,SUCCEEDED,,"[{""bodyOutcome"": ""NOT_RUN"", ""exceptionClass"": null, ""exceptionMessage"": null, ""faultOrigin"": ""ASSIGNED"", ""kind"": ""FORWARD"", ""runtimeStepName"": ""enrollStudentStep"", ""sourceStepId"": ""pt.ulisboa.tecnico.socialsoftware.quizzes.microservices.execution.coordination.sagas.AddStudentFunctionalitySagas::enrollStudentStep#0"", ""status"": ""ASSIGNED_FAULT""}, {""bodyOutcome"": ""NOT_RUN"", ""exceptionClass"": null, ""exceptionMessage"": null, ""faultOrigin"": ""ASSIGNED"", ""kind"": ""FORWARD"", ""runtimeStepName"": ""addParticipantStep"", ""sourceStepId"": ""pt.ulisboa.tecnico.socialsoftware.quizzes.microservices.tournament.coordination.sagas.AddParticipantFunctionalitySagas::addParticipantStep#0"", ""status"": ""ASSIGNED_FAULT""}, {""bodyOutcome"": ""NOT_RUN"", ""exceptionClass"": null, ""exceptionMessage"": null, ""faultOrigin"": ""ASSIGNED"", ""kind"": ""FORWARD"", ""runtimeStepName"": ""startQuizStep"", ""sourceStepId"": ""pt.ulisboa.tecnico.socialsoftware.quizzes.microservices.tournament.coordination.sagas.SolveQuizAsyncFunctionalitySagas::startQuizStep#0"", ""status"": ""ASSIGNED_FAULT""}, {""bodyOutcome"": ""NOT_APPLICABLE"", ""exceptionClass"": null, ""exceptionMessage"": null, ""faultOrigin"": null, ""kind"": ""COMPENSATION"", ""runtimeStepName"": ""getTournamentStep"", ""sourceStepId"": ""pt.ulisboa.tecnico.socialsoftware.quizzes.microservices.tournament.coordination.sagas.SolveQuizAsyncFunctionalitySagas::getTournamentStep#0"", ""status"": ""COMPENSATED""}]",2.224787293,"[{""action"": ""setup-action-1"", ""inputs"": [""0fe4cf5be00237bf75f4071b4b48a1bcc0171247ea930796c342a2ef201b5255"", ""516f30f00796efa97335d71f6df3624226e983c55af6c4b37826b32f89c7de90""], ""property"": ""aggregateId""}, {""action"": ""setup-action-17"", ""inputs"": [""516f30f00796efa97335d71f6df3624226e983c55af6c4b37826b32f89c7de90"", ""5f51039398deeb3677d5ce3d4c69eaf110ea0de53d6f56f789642381b78b4000""], ""property"": ""aggregateId""}, {""action"": ""setup-action-5"", ""inputs"": [""0fe4cf5be00237bf75f4071b4b48a1bcc0171247ea930796c342a2ef201b5255"", ""516f30f00796efa97335d71f6df3624226e983c55af6c4b37826b32f89c7de90"", ""5f51039398deeb3677d5ce3d4c69eaf110ea0de53d6f56f789642381b78b4000""], ""property"": ""aggregateId""}]",True,[],"{""DELETED_DEPENDENCY"": 0, ""FAILED_OPERATION_RESIDUAL"": 0, ""UNRESOLVED_DELIVERED_EVENT"": 0}","{""execution.impact-v2.json"": ""4ed4d1a1cbefcde37787af0dad3cd155d2777c978f4280fe741b8c708c123beb"", ""execution.json"": ""a66d087458ddf6bf547d41552eb6afb11689c0c1ecff44deb72a88b1a5ac8a98"", ""impact-v1.json"": ""398ac5e69361a92c701e6a68d002f213d3b729efac81381e25016df6149f6294""}"
w08,w08-26,9fbe45efc2322e25c7f5944cd45b499d6c1836be65918b764057e2516841ae89,01100000100,73f6802f8ddfc7511dcbf3c3503efed120ebf3736ed5bfe8bc1f3cafe1ce37db,629379a11e290480fc1756ad4164e123866244db9ac87a5b60f1723481ac309f,1,COMPLETE,0,28.588322708033957,COMPLETE,COMPLETE,0,COMPENSATED,EXACT,3cef5e00-8143-4db5-b11a-68dc46651023,SUCCEEDED,,"[{""bodyOutcome"": ""NOT_RUN"", ""exceptionClass"": null, ""exceptionMessage"": null, ""faultOrigin"": ""ASSIGNED"", ""kind"": ""FORWARD"", ""runtimeStepName"": ""enrollStudentStep"", ""sourceStepId"": ""pt.ulisboa.tecnico.socialsoftware.quizzes.microservices.execution.coordination.sagas.AddStudentFunctionalitySagas::enrollStudentStep#0"", ""status"": ""ASSIGNED_FAULT""}, {""bodyOutcome"": ""NOT_RUN"", ""exceptionClass"": null, ""exceptionMessage"": null, ""faultOrigin"": ""ASSIGNED"", ""kind"": ""FORWARD"", ""runtimeStepName"": ""getUserStep"", ""sourceStepId"": ""pt.ulisboa.tecnico.socialsoftware.quizzes.microservices.tournament.coordination.sagas.AddParticipantFunctionalitySagas::getUserStep#0"", ""status"": ""ASSIGNED_FAULT""}, {""bodyOutcome"": ""NOT_RUN"", ""exceptionClass"": null, ""exceptionMessage"": null, ""faultOrigin"": ""ASSIGNED"", ""kind"": ""FORWARD"", ""runtimeStepName"": ""getStudentByExecutionIdAndUserIdAsyncStep"", ""sourceStepId"": ""pt.ulisboa.tecnico.socialsoftware.quizzes.microservices.tournament.coordination.sagas.SolveQuizAsyncFunctionalitySagas::getStudentByExecutionIdAndUserIdAsyncStep#0"", ""status"": ""ASSIGNED_FAULT""}, {""bodyOutcome"": ""NOT_APPLICABLE"", ""exceptionClass"": null, ""exceptionMessage"": null, ""faultOrigin"": null, ""kind"": ""COMPENSATION"", ""runtimeStepName"": ""startQuizStep"", ""sourceStepId"": ""pt.ulisboa.tecnico.socialsoftware.quizzes.microservices.tournament.coordination.sagas.SolveQuizAsyncFunctionalitySagas::startQuizStep#0"", ""status"": ""COMPENSATED""}, {""bodyOutcome"": ""NOT_APPLICABLE"", ""exceptionClass"": null, ""exceptionMessage"": null, ""faultOrigin"": null, ""kind"": ""COMPENSATION"", ""runtimeStepName"": ""getTournamentStep"", ""sourceStepId"": ""pt.ulisboa.tecnico.socialsoftware.quizzes.microservices.tournament.coordination.sagas.SolveQuizAsyncFunctionalitySagas::getTournamentStep#0"", ""status"": ""COMPENSATED""}]",1.867733959,"[{""action"": ""setup-action-1"", ""inputs"": [""0fe4cf5be00237bf75f4071b4b48a1bcc0171247ea930796c342a2ef201b5255"", ""516f30f00796efa97335d71f6df3624226e983c55af6c4b37826b32f89c7de90""], ""property"": ""aggregateId""}, {""action"": ""setup-action-17"", ""inputs"": [""516f30f00796efa97335d71f6df3624226e983c55af6c4b37826b32f89c7de90"", ""5f51039398deeb3677d5ce3d4c69eaf110ea0de53d6f56f789642381b78b4000""], ""property"": ""aggregateId""}, {""action"": ""setup-action-5"", ""inputs"": [""0fe4cf5be00237bf75f4071b4b48a1bcc0171247ea930796c342a2ef201b5255"", ""516f30f00796efa97335d71f6df3624226e983c55af6c4b37826b32f89c7de90"", ""5f51039398deeb3677d5ce3d4c69eaf110ea0de53d6f56f789642381b78b4000""], ""property"": ""aggregateId""}]",True,[],"{""DELETED_DEPENDENCY"": 0, ""FAILED_OPERATION_RESIDUAL"": 0, ""UNRESOLVED_DELIVERED_EVENT"": 0}","{""execution.impact-v2.json"": ""ef18f65c90ac57a8dd200919f1f0ad306885330b1e9fbf2951632a124727dc52"", ""execution.json"": ""1ee98a8bcf968f29491ecedf9874ff11905bd81028932c607dadd2ee485bddfc"", ""impact-v1.json"": ""25eaa3f8b3def3d230f6e65a90e8d8260fcbf87718d12e743fa5c8b9fb2ee1f1""}"
w08,w08-27,934b21e9ab69381db5386bcefd33685ccfea25f2ee379c8b824053d204ff63fb,10000000000,73f6802f8ddfc7511dcbf3c3503efed120ebf3736ed5bfe8bc1f3cafe1ce37db,097649a297e7e92eaa968e6d3580b6cdf59c0b299ec2a9ffbefa7b4e634b6bb8,1,COMPLETE,0,29.266727457987145,COMPLETE,COMPLETE,0,PARTIAL_COMPENSATED,EXACT,331f00ac-03b6-4f0e-9959-c19ea3c5516d,SUCCEEDED,,"[{""bodyOutcome"": ""NOT_RUN"", ""exceptionClass"": null, ""exceptionMessage"": null, ""faultOrigin"": ""ASSIGNED"", ""kind"": ""FORWARD"", ""runtimeStepName"": ""getUserStep"", ""sourceStepId"": ""pt.ulisboa.tecnico.socialsoftware.quizzes.microservices.execution.coordination.sagas.AddStudentFunctionalitySagas::getUserStep#0"", ""status"": ""ASSIGNED_FAULT""}]",3.17121421,"[{""action"": ""setup-action-1"", ""inputs"": [""0fe4cf5be00237bf75f4071b4b48a1bcc0171247ea930796c342a2ef201b5255"", ""516f30f00796efa97335d71f6df3624226e983c55af6c4b37826b32f89c7de90""], ""property"": ""aggregateId""}, {""action"": ""setup-action-17"", ""inputs"": [""516f30f00796efa97335d71f6df3624226e983c55af6c4b37826b32f89c7de90"", ""5f51039398deeb3677d5ce3d4c69eaf110ea0de53d6f56f789642381b78b4000""], ""property"": ""aggregateId""}, {""action"": ""setup-action-5"", ""inputs"": [""0fe4cf5be00237bf75f4071b4b48a1bcc0171247ea930796c342a2ef201b5255"", ""516f30f00796efa97335d71f6df3624226e983c55af6c4b37826b32f89c7de90"", ""5f51039398deeb3677d5ce3d4c69eaf110ea0de53d6f56f789642381b78b4000""], ""property"": ""aggregateId""}]",True,[],"{""DELETED_DEPENDENCY"": 0, ""FAILED_OPERATION_RESIDUAL"": 0, ""UNRESOLVED_DELIVERED_EVENT"": 0}","{""execution.impact-v2.json"": ""155665713b2a07925ae07b05eae126b0b315f3fd71a8d44352d7eacfd07b9382"", ""execution.json"": ""18f0c581418359a9d4fbbefdff5b3f313921e747bef56cd5faf653e6bdc99451"", ""impact-v1.json"": ""a3b3f22fac3bdc98a8ffa10645d961ca90d3999fd82e1cc84e30e6cab4a429e6""}"
w08,w08-28,971a76c4c3ca9238d7b428c86bab4e11024c14ce90fb81a420c2ac0b0c60984f,10000000000,73f6802f8ddfc7511dcbf3c3503efed120ebf3736ed5bfe8bc1f3cafe1ce37db,097649a297e7e92eaa968e6d3580b6cdf59c0b299ec2a9ffbefa7b4e634b6bb8,1,COMPLETE,0,31.266562708013225,COMPLETE,COMPLETE,0,PARTIAL_COMPENSATED,EXACT,caa98207-e0df-4572-acaa-246115181f80,SUCCEEDED,,"[{""bodyOutcome"": ""NOT_RUN"", ""exceptionClass"": null, ""exceptionMessage"": null, ""faultOrigin"": ""ASSIGNED"", ""kind"": ""FORWARD"", ""runtimeStepName"": ""getUserStep"", ""sourceStepId"": ""pt.ulisboa.tecnico.socialsoftware.quizzes.microservices.execution.coordination.sagas.AddStudentFunctionalitySagas::getUserStep#0"", ""status"": ""ASSIGNED_FAULT""}]",2.452842293,"[{""action"": ""setup-action-1"", ""inputs"": [""0fe4cf5be00237bf75f4071b4b48a1bcc0171247ea930796c342a2ef201b5255"", ""516f30f00796efa97335d71f6df3624226e983c55af6c4b37826b32f89c7de90""], ""property"": ""aggregateId""}, {""action"": ""setup-action-17"", ""inputs"": [""516f30f00796efa97335d71f6df3624226e983c55af6c4b37826b32f89c7de90"", ""5f51039398deeb3677d5ce3d4c69eaf110ea0de53d6f56f789642381b78b4000""], ""property"": ""aggregateId""}, {""action"": ""setup-action-5"", ""inputs"": [""0fe4cf5be00237bf75f4071b4b48a1bcc0171247ea930796c342a2ef201b5255"", ""516f30f00796efa97335d71f6df3624226e983c55af6c4b37826b32f89c7de90"", ""5f51039398deeb3677d5ce3d4c69eaf110ea0de53d6f56f789642381b78b4000""], ""property"": ""aggregateId""}]",True,[],"{""DELETED_DEPENDENCY"": 0, ""FAILED_OPERATION_RESIDUAL"": 0, ""UNRESOLVED_DELIVERED_EVENT"": 0}","{""execution.impact-v2.json"": ""f3690c1f4fdff39deabc0c3afe6215d3220510b04a12d408f49ffcf30d0603a7"", ""execution.json"": ""77dd3cc7e0daf88b2c2a1cbdcaa22c0b5a4d7c9cade00f56e0bde36e624a1841"", ""impact-v1.json"": ""b1c2d3140fae84b0e296f7366b60c5057c406202de31c0995e5343a2bbbbb19c""}"
w08,w08-29,47b7bb8c536c5dac303e6a9cbc5ac0a4f902fc3c22e7da1a2e0ac37ed92ba989,10010000001,73f6802f8ddfc7511dcbf3c3503efed120ebf3736ed5bfe8bc1f3cafe1ce37db,ec4c430cdf66a98f94e4e0d4c986adf7ad7181a3b93bcc262982ede6bfd4a380,1,COMPLETE,0,30.64943054196192,COMPLETE,COMPLETE,1,COMPENSATED,EXACT,2a285228-6d28-4c0c-a34e-98ef98df4bc0,SUCCEEDED,,"[{""bodyOutcome"": ""NOT_RUN"", ""exceptionClass"": null, ""exceptionMessage"": null, ""faultOrigin"": ""ASSIGNED"", ""kind"": ""FORWARD"", ""runtimeStepName"": ""getUserStep"", ""sourceStepId"": ""pt.ulisboa.tecnico.socialsoftware.quizzes.microservices.execution.coordination.sagas.AddStudentFunctionalitySagas::getUserStep#0"", ""status"": ""ASSIGNED_FAULT""}, {""bodyOutcome"": ""NOT_RUN"", ""exceptionClass"": null, ""exceptionMessage"": null, ""faultOrigin"": ""ASSIGNED"", ""kind"": ""FORWARD"", ""runtimeStepName"": ""addParticipantStep"", ""sourceStepId"": ""pt.ulisboa.tecnico.socialsoftware.quizzes.microservices.tournament.coordination.sagas.AddParticipantFunctionalitySagas::addParticipantStep#0"", ""status"": ""ASSIGNED_FAULT""}, {""bodyOutcome"": ""NOT_RUN"", ""exceptionClass"": null, ""exceptionMessage"": null, ""faultOrigin"": ""ASSIGNED"", ""kind"": ""FORWARD"", ""runtimeStepName"": ""solveQuizStep"", ""sourceStepId"": ""pt.ulisboa.tecnico.socialsoftware.quizzes.microservices.tournament.coordination.sagas.SolveQuizAsyncFunctionalitySagas::solveQuizStep#0"", ""status"": ""ASSIGNED_FAULT""}, {""bodyOutcome"": ""NOT_APPLICABLE"", ""exceptionClass"": null, ""exceptionMessage"": null, ""faultOrigin"": null, ""kind"": ""COMPENSATION"", ""runtimeStepName"": ""startQuizAnswerStep"", ""sourceStepId"": ""pt.ulisboa.tecnico.socialsoftware.quizzes.microservices.tournament.coordination.sagas.SolveQuizAsyncFunctionalitySagas::startQuizAnswerStep#0"", ""status"": ""COMPENSATED""}, {""bodyOutcome"": ""NOT_APPLICABLE"", ""exceptionClass"": null, ""exceptionMessage"": null, ""faultOrigin"": null, ""kind"": ""COMPENSATION"", ""runtimeStepName"": ""startQuizStep"", ""sourceStepId"": ""pt.ulisboa.tecnico.socialsoftware.quizzes.microservices.tournament.coordination.sagas.SolveQuizAsyncFunctionalitySagas::startQuizStep#0"", ""status"": ""COMPENSATED""}, {""bodyOutcome"": ""NOT_APPLICABLE"", ""exceptionClass"": null, ""exceptionMessage"": null, ""faultOrigin"": null, ""kind"": ""COMPENSATION"", ""runtimeStepName"": ""getTournamentStep"", ""sourceStepId"": ""pt.ulisboa.tecnico.socialsoftware.quizzes.microservices.tournament.coordination.sagas.SolveQuizAsyncFunctionalitySagas::getTournamentStep#0"", ""status"": ""COMPENSATED""}]",3.152914043,"[{""action"": ""setup-action-1"", ""inputs"": [""0fe4cf5be00237bf75f4071b4b48a1bcc0171247ea930796c342a2ef201b5255"", ""516f30f00796efa97335d71f6df3624226e983c55af6c4b37826b32f89c7de90""], ""property"": ""aggregateId""}, {""action"": ""setup-action-17"", ""inputs"": [""516f30f00796efa97335d71f6df3624226e983c55af6c4b37826b32f89c7de90"", ""5f51039398deeb3677d5ce3d4c69eaf110ea0de53d6f56f789642381b78b4000""], ""property"": ""aggregateId""}, {""action"": ""setup-action-5"", ""inputs"": [""0fe4cf5be00237bf75f4071b4b48a1bcc0171247ea930796c342a2ef201b5255"", ""516f30f00796efa97335d71f6df3624226e983c55af6c4b37826b32f89c7de90"", ""5f51039398deeb3677d5ce3d4c69eaf110ea0de53d6f56f789642381b78b4000""], ""property"": ""aggregateId""}]",True,"[{""baselineLifecycle"": ""ABSENT"", ""categories"": [""FAILED_OPERATION_RESIDUAL""], ""finalLifecycle"": ""DELETED"", ""identity"": {""aggregateId"": 14, ""aggregateType"": ""SagaQuizAnswer""}}]","{""DELETED_DEPENDENCY"": 0, ""FAILED_OPERATION_RESIDUAL"": 1, ""UNRESOLVED_DELIVERED_EVENT"": 0}","{""execution.impact-v2.json"": ""2dd6648fe5ed2d4b51ad552fe5d4202b90fdc02df09dfddd60add4db3972bd7f"", ""execution.json"": ""d471d7d7e1f87cdae0bd8ea38677b3410b73027db418a341fd1929b8ca074bc1"", ""impact-v1.json"": ""7124b2813caa7302fe4a3d848b029bb644e0413636683a2621e13610b3e72912""}"
w08,w08-30,55d9e8e18fb1d3e21a9fa069a70d527615079d49a086e5c2714abec0c7cb3b44,10010010000,73f6802f8ddfc7511dcbf3c3503efed120ebf3736ed5bfe8bc1f3cafe1ce37db,0e849bac01fcd005a51db86d275f9741faa36c13c1c97bc155c3211b1170d512,1,COMPLETE,0,27.965680666966364,COMPLETE,COMPLETE,0,COMPENSATED,EXACT,6efd7660-9245-4b8e-a829-a590392ddf45,SUCCEEDED,,"[{""bodyOutcome"": ""NOT_RUN"", ""exceptionClass"": null, ""exceptionMessage"": null, ""faultOrigin"": ""ASSIGNED"", ""kind"": ""FORWARD"", ""runtimeStepName"": ""getUserStep"", ""sourceStepId"": ""pt.ulisboa.tecnico.socialsoftware.quizzes.microservices.execution.coordination.sagas.AddStudentFunctionalitySagas::getUserStep#0"", ""status"": ""ASSIGNED_FAULT""}, {""bodyOutcome"": ""NOT_RUN"", ""exceptionClass"": null, ""exceptionMessage"": null, ""faultOrigin"": ""ASSIGNED"", ""kind"": ""FORWARD"", ""runtimeStepName"": ""addParticipantStep"", ""sourceStepId"": ""pt.ulisboa.tecnico.socialsoftware.quizzes.microservices.tournament.coordination.sagas.AddParticipantFunctionalitySagas::addParticipantStep#0"", ""status"": ""ASSIGNED_FAULT""}, {""bodyOutcome"": ""NOT_RUN"", ""exceptionClass"": null, ""exceptionMessage"": null, ""faultOrigin"": ""ASSIGNED"", ""kind"": ""FORWARD"", ""runtimeStepName"": ""getQuizByIdStep"", ""sourceStepId"": ""pt.ulisboa.tecnico.socialsoftware.quizzes.microservices.tournament.coordination.sagas.SolveQuizAsyncFunctionalitySagas::getQuizByIdStep#0"", ""status"": ""ASSIGNED_FAULT""}, {""bodyOutcome"": ""NOT_APPLICABLE"", ""exceptionClass"": null, ""exceptionMessage"": null, ""faultOrigin"": null, ""kind"": ""COMPENSATION"", ""runtimeStepName"": ""startQuizStep"", ""sourceStepId"": ""pt.ulisboa.tecnico.socialsoftware.quizzes.microservices.tournament.coordination.sagas.SolveQuizAsyncFunctionalitySagas::startQuizStep#0"", ""status"": ""COMPENSATED""}, {""bodyOutcome"": ""NOT_APPLICABLE"", ""exceptionClass"": null, ""exceptionMessage"": null, ""faultOrigin"": null, ""kind"": ""COMPENSATION"", ""runtimeStepName"": ""getTournamentStep"", ""sourceStepId"": ""pt.ulisboa.tecnico.socialsoftware.quizzes.microservices.tournament.coordination.sagas.SolveQuizAsyncFunctionalitySagas::getTournamentStep#0"", ""status"": ""COMPENSATED""}]",2.012032293,"[{""action"": ""setup-action-1"", ""inputs"": [""0fe4cf5be00237bf75f4071b4b48a1bcc0171247ea930796c342a2ef201b5255"", ""516f30f00796efa97335d71f6df3624226e983c55af6c4b37826b32f89c7de90""], ""property"": ""aggregateId""}, {""action"": ""setup-action-17"", ""inputs"": [""516f30f00796efa97335d71f6df3624226e983c55af6c4b37826b32f89c7de90"", ""5f51039398deeb3677d5ce3d4c69eaf110ea0de53d6f56f789642381b78b4000""], ""property"": ""aggregateId""}, {""action"": ""setup-action-5"", ""inputs"": [""0fe4cf5be00237bf75f4071b4b48a1bcc0171247ea930796c342a2ef201b5255"", ""516f30f00796efa97335d71f6df3624226e983c55af6c4b37826b32f89c7de90"", ""5f51039398deeb3677d5ce3d4c69eaf110ea0de53d6f56f789642381b78b4000""], ""property"": ""aggregateId""}]",True,[],"{""DELETED_DEPENDENCY"": 0, ""FAILED_OPERATION_RESIDUAL"": 0, ""UNRESOLVED_DELIVERED_EVENT"": 0}","{""execution.impact-v2.json"": ""c02369695f839e3e291ea111a0b9c4841d0d1b0653e21bb25a1454ffca87248e"", ""execution.json"": ""559304995622707dec25ff52cc08769306eb5c2c636013feba881e8386bb114e"", ""impact-v1.json"": ""61b7f98f0c5503582bf3018344318b33db35e749e622bfa2254220655c737f75""}"
w08,w08-31,7eda938a1f4ec9c634892dcbb004a566550cd40bd2c7643ab7d87fe835ba30bf,10100000100,73f6802f8ddfc7511dcbf3c3503efed120ebf3736ed5bfe8bc1f3cafe1ce37db,4f01f8f2e3f217b66902aef0725ef0f71e7cf8412a11189a0a615313d60fc48d,1,COMPLETE,0,28.436266082979273,COMPLETE,COMPLETE,0,COMPENSATED,EXACT,449c1354-ac35-40f8-a191-5c48ff3f2f8c,SUCCEEDED,,"[{""bodyOutcome"": ""NOT_RUN"", ""exceptionClass"": null, ""exceptionMessage"": null, ""faultOrigin"": ""ASSIGNED"", ""kind"": ""FORWARD"", ""runtimeStepName"": ""getUserStep"", ""sourceStepId"": ""pt.ulisboa.tecnico.socialsoftware.quizzes.microservices.execution.coordination.sagas.AddStudentFunctionalitySagas::getUserStep#0"", ""status"": ""ASSIGNED_FAULT""}, {""bodyOutcome"": ""NOT_RUN"", ""exceptionClass"": null, ""exceptionMessage"": null, ""faultOrigin"": ""ASSIGNED"", ""kind"": ""FORWARD"", ""runtimeStepName"": ""getUserStep"", ""sourceStepId"": ""pt.ulisboa.tecnico.socialsoftware.quizzes.microservices.tournament.coordination.sagas.AddParticipantFunctionalitySagas::getUserStep#0"", ""status"": ""ASSIGNED_FAULT""}, {""bodyOutcome"": ""NOT_RUN"", ""exceptionClass"": null, ""exceptionMessage"": null, ""faultOrigin"": ""ASSIGNED"", ""kind"": ""FORWARD"", ""runtimeStepName"": ""getStudentByExecutionIdAndUserIdAsyncStep"", ""sourceStepId"": ""pt.ulisboa.tecnico.socialsoftware.quizzes.microservices.tournament.coordination.sagas.SolveQuizAsyncFunctionalitySagas::getStudentByExecutionIdAndUserIdAsyncStep#0"", ""status"": ""ASSIGNED_FAULT""}, {""bodyOutcome"": ""NOT_APPLICABLE"", ""exceptionClass"": null, ""exceptionMessage"": null, ""faultOrigin"": null, ""kind"": ""COMPENSATION"", ""runtimeStepName"": ""startQuizStep"", ""sourceStepId"": ""pt.ulisboa.tecnico.socialsoftware.quizzes.microservices.tournament.coordination.sagas.SolveQuizAsyncFunctionalitySagas::startQuizStep#0"", ""status"": ""COMPENSATED""}, {""bodyOutcome"": ""NOT_APPLICABLE"", ""exceptionClass"": null, ""exceptionMessage"": null, ""faultOrigin"": null, ""kind"": ""COMPENSATION"", ""runtimeStepName"": ""getTournamentStep"", ""sourceStepId"": ""pt.ulisboa.tecnico.socialsoftware.quizzes.microservices.tournament.coordination.sagas.SolveQuizAsyncFunctionalitySagas::getTournamentStep#0"", ""status"": ""COMPENSATED""}]",2.75287146,"[{""action"": ""setup-action-1"", ""inputs"": [""0fe4cf5be00237bf75f4071b4b48a1bcc0171247ea930796c342a2ef201b5255"", ""516f30f00796efa97335d71f6df3624226e983c55af6c4b37826b32f89c7de90""], ""property"": ""aggregateId""}, {""action"": ""setup-action-17"", ""inputs"": [""516f30f00796efa97335d71f6df3624226e983c55af6c4b37826b32f89c7de90"", ""5f51039398deeb3677d5ce3d4c69eaf110ea0de53d6f56f789642381b78b4000""], ""property"": ""aggregateId""}, {""action"": ""setup-action-5"", ""inputs"": [""0fe4cf5be00237bf75f4071b4b48a1bcc0171247ea930796c342a2ef201b5255"", ""516f30f00796efa97335d71f6df3624226e983c55af6c4b37826b32f89c7de90"", ""5f51039398deeb3677d5ce3d4c69eaf110ea0de53d6f56f789642381b78b4000""], ""property"": ""aggregateId""}]",True,[],"{""DELETED_DEPENDENCY"": 0, ""FAILED_OPERATION_RESIDUAL"": 0, ""UNRESOLVED_DELIVERED_EVENT"": 0}","{""execution.impact-v2.json"": ""0041c9be3dbf79aa15b95cbced69b7ac81929828aada704a8e3baf92ab3beda5"", ""execution.json"": ""eb506d497bf2f9d0ef805c4616818204379a9e7adfe35ac1ffdf5245fb0a8c69"", ""impact-v1.json"": ""86f8326bf91a08f72da372b2e86e6045c819c73e6da5143df220e4462322a8fc""}"
w08,w08-32,c6317a616b5b2788a229978348743c3b1ec7b60aa3854b8b9243e95dcb9bf561,10100010000,73f6802f8ddfc7511dcbf3c3503efed120ebf3736ed5bfe8bc1f3cafe1ce37db,7c5126b1ceef49b915ddb70a674d536e01633abcc18962420f6bebe492d7fccc,1,COMPLETE,0,16.901893458038103,COMPLETE,COMPLETE,0,COMPENSATED,EXACT,ce3fd7f1-ca9f-49d9-991a-666db89948c7,SUCCEEDED,,"[{""bodyOutcome"": ""NOT_RUN"", ""exceptionClass"": null, ""exceptionMessage"": null, ""faultOrigin"": ""ASSIGNED"", ""kind"": ""FORWARD"", ""runtimeStepName"": ""getUserStep"", ""sourceStepId"": ""pt.ulisboa.tecnico.socialsoftware.quizzes.microservices.execution.coordination.sagas.AddStudentFunctionalitySagas::getUserStep#0"", ""status"": ""ASSIGNED_FAULT""}, {""bodyOutcome"": ""NOT_RUN"", ""exceptionClass"": null, ""exceptionMessage"": null, ""faultOrigin"": ""ASSIGNED"", ""kind"": ""FORWARD"", ""runtimeStepName"": ""getUserStep"", ""sourceStepId"": ""pt.ulisboa.tecnico.socialsoftware.quizzes.microservices.tournament.coordination.sagas.AddParticipantFunctionalitySagas::getUserStep#0"", ""status"": ""ASSIGNED_FAULT""}, {""bodyOutcome"": ""NOT_RUN"", ""exceptionClass"": null, ""exceptionMessage"": null, ""faultOrigin"": ""ASSIGNED"", ""kind"": ""FORWARD"", ""runtimeStepName"": ""getQuizByIdStep"", ""sourceStepId"": ""pt.ulisboa.tecnico.socialsoftware.quizzes.microservices.tournament.coordination.sagas.SolveQuizAsyncFunctionalitySagas::getQuizByIdStep#0"", ""status"": ""ASSIGNED_FAULT""}, {""bodyOutcome"": ""NOT_APPLICABLE"", ""exceptionClass"": null, ""exceptionMessage"": null, ""faultOrigin"": null, ""kind"": ""COMPENSATION"", ""runtimeStepName"": ""startQuizStep"", ""sourceStepId"": ""pt.ulisboa.tecnico.socialsoftware.quizzes.microservices.tournament.coordination.sagas.SolveQuizAsyncFunctionalitySagas::startQuizStep#0"", ""status"": ""COMPENSATED""}, {""bodyOutcome"": ""NOT_APPLICABLE"", ""exceptionClass"": null, ""exceptionMessage"": null, ""faultOrigin"": null, ""kind"": ""COMPENSATION"", ""runtimeStepName"": ""getTournamentStep"", ""sourceStepId"": ""pt.ulisboa.tecnico.socialsoftware.quizzes.microservices.tournament.coordination.sagas.SolveQuizAsyncFunctionalitySagas::getTournamentStep#0"", ""status"": ""COMPENSATED""}]",1.061195292,"[{""action"": ""setup-action-1"", ""inputs"": [""0fe4cf5be00237bf75f4071b4b48a1bcc0171247ea930796c342a2ef201b5255"", ""516f30f00796efa97335d71f6df3624226e983c55af6c4b37826b32f89c7de90""], ""property"": ""aggregateId""}, {""action"": ""setup-action-17"", ""inputs"": [""516f30f00796efa97335d71f6df3624226e983c55af6c4b37826b32f89c7de90"", ""5f51039398deeb3677d5ce3d4c69eaf110ea0de53d6f56f789642381b78b4000""], ""property"": ""aggregateId""}, {""action"": ""setup-action-5"", ""inputs"": [""0fe4cf5be00237bf75f4071b4b48a1bcc0171247ea930796c342a2ef201b5255"", ""516f30f00796efa97335d71f6df3624226e983c55af6c4b37826b32f89c7de90"", ""5f51039398deeb3677d5ce3d4c69eaf110ea0de53d6f56f789642381b78b4000""], ""property"": ""aggregateId""}]",True,[],"{""DELETED_DEPENDENCY"": 0, ""FAILED_OPERATION_RESIDUAL"": 0, ""UNRESOLVED_DELIVERED_EVENT"": 0}","{""execution.impact-v2.json"": ""128f65c2535c8ef405160107d143cba96dc5d2ca504b9bcbbc49243cf09fb7f4"", ""execution.json"": ""2b78b4fc7962e538b53c17a27dbd84ad638e606423d06e9ac9142b720a9c96e7"", ""impact-v1.json"": ""07230f2fc51453fee1880cf14b659b557d8aae8c50a729bb8c14c2a2c2ddfdb2""}"
w01,w01-03,109cff2851da850e35664c7aab0767998c7d559f14da77a4d736c9ff00fec421,0001,98d4f29dcba4fdca37b2718bf5ca4a109018be9cf8a7b692f4fa985b7d144650,69bc3e07bd4649b7cbb0ffd7d0128ae27455738202263ace963b0a2928014896,2,COMPLETE,0,37.79175595799461,COMPLETE,COMPLETE,0,COMPENSATED,DEVIATED,0ce2cd28-0f9e-4dfb-8aa5-a27f2844de65,SUCCEEDED,,"[{""bodyOutcome"": ""FAILED"", ""exceptionClass"": ""pt.ulisboa.tecnico.socialsoftware.quizzes.microservices.exception.QuizzesException"", ""exceptionMessage"": ""Student with aggregate id 3 is already enrolled in course execution 2."", ""faultOrigin"": ""UNASSIGNED_RUNTIME"", ""kind"": ""FORWARD"", ""runtimeStepName"": ""enrollStudentStep"", ""sourceStepId"": ""pt.ulisboa.tecnico.socialsoftware.quizzes.microservices.execution.coordination.sagas.AddStudentFunctionalitySagas::enrollStudentStep#0"", ""status"": ""FAILED""}, {""bodyOutcome"": ""NOT_RUN"", ""exceptionClass"": null, ""exceptionMessage"": null, ""faultOrigin"": ""ASSIGNED"", ""kind"": ""FORWARD"", ""runtimeStepName"": ""removeStudentStep"", ""sourceStepId"": ""pt.ulisboa.tecnico.socialsoftware.quizzes.microservices.execution.coordination.sagas.RemoveStudentFromCourseExecutionFunctionalitySagas::removeStudentStep#0"", ""status"": ""ASSIGNED_FAULT""}, {""bodyOutcome"": ""NOT_RUN"", ""exceptionClass"": null, ""exceptionMessage"": null, ""faultOrigin"": null, ""kind"": ""EVENT_CONSEQUENCE"", ""runtimeStepName"": ""removeStudentStep"", ""sourceStepId"": ""pt.ulisboa.tecnico.socialsoftware.quizzes.microservices.execution.coordination.sagas.RemoveStudentFromCourseExecutionFunctionalitySagas::removeStudentStep#0"", ""status"": ""MASKED_BY_TRIGGER_FAULT""}, {""bodyOutcome"": ""NOT_RUN"", ""exceptionClass"": null, ""exceptionMessage"": null, ""faultOrigin"": null, ""kind"": ""EVENT_CONSEQUENCE"", ""runtimeStepName"": ""removeStudentStep"", ""sourceStepId"": ""pt.ulisboa.tecnico.socialsoftware.quizzes.microservices.execution.coordination.sagas.RemoveStudentFromCourseExecutionFunctionalitySagas::removeStudentStep#0"", ""status"": ""MASKED_BY_TRIGGER_FAULT""}, {""bodyOutcome"": ""NOT_APPLICABLE"", ""exceptionClass"": null, ""exceptionMessage"": null, ""faultOrigin"": null, ""kind"": ""COMPENSATION"", ""runtimeStepName"": ""getOldCourseExecutionStep"", ""sourceStepId"": ""pt.ulisboa.tecnico.socialsoftware.quizzes.microservices.execution.coordination.sagas.RemoveStudentFromCourseExecutionFunctionalitySagas::getOldCourseExecutionStep#0"", ""status"": ""COMPENSATED""}]",0.623352751,"[{""action"": ""setup-action-1"", ""inputs"": [""095911d8b22b1b1b8c93b2de12bb94e323e975bf4edd553f04fd54021e4b7f1c"", ""5538dff7f7fb7084738511a5879ef1427cb2382af820ae0363ba27849c4f1196""], ""property"": ""aggregateId""}, {""action"": ""setup-action-2"", ""inputs"": [""095911d8b22b1b1b8c93b2de12bb94e323e975bf4edd553f04fd54021e4b7f1c"", ""5538dff7f7fb7084738511a5879ef1427cb2382af820ae0363ba27849c4f1196""], ""property"": ""aggregateId""}]",True,[],"{""DELETED_DEPENDENCY"": 0, ""FAILED_OPERATION_RESIDUAL"": 0, ""UNRESOLVED_DELIVERED_EVENT"": 0}","{""execution.impact-v2.json"": ""95973199ef80e34a4db3c71697c9b8b0298019edd87271fb4836240af21eff63"", ""execution.json"": ""d4d3d965ddcd562f4e06d4103a004bf8e69373cc6bdaed8f1cea80615c7cecf8"", ""impact-v1.json"": ""6275444e987795ed824ea74e279ae44154ff96ed02dc8f0b4f440a18d9e3c320""}"
w01,w01-07,1f80757b6423198cd2cd5a53f8234a0ed3b20bd36ab9759ac8f144b05e59b5a7,0100,98d4f29dcba4fdca37b2718bf5ca4a109018be9cf8a7b692f4fa985b7d144650,eed97d28de754f4feccda31b8ef7e54b4430b154bfdbe6d1260b8a89557ca7c8,2,PROCESS_FAILURE,1,38.8548660420347,EXECUTION_INVALID,INVALID,,UNEXPECTED_EXECUTION_FAILURE,INCOMPLETE,3e9137c4-20fb-4d21-a39a-b29e1edc42be,SUCCEEDED,SELECTED_SUBSCRIBER_NOT_FOUND,"[{""bodyOutcome"": ""NOT_RUN"", ""exceptionClass"": null, ""exceptionMessage"": null, ""faultOrigin"": ""ASSIGNED"", ""kind"": ""FORWARD"", ""runtimeStepName"": ""enrollStudentStep"", ""sourceStepId"": ""pt.ulisboa.tecnico.socialsoftware.quizzes.microservices.execution.coordination.sagas.AddStudentFunctionalitySagas::enrollStudentStep#0"", ""status"": ""ASSIGNED_FAULT""}, {""bodyOutcome"": ""FAILED"", ""exceptionClass"": ""pt.ulisboa.tecnico.socialsoftware.ms.notification.EventReplayException"", ""exceptionMessage"": ""selected event has no eligible subscriber for the persisted route"", ""faultOrigin"": null, ""kind"": ""EVENT_CONSEQUENCE"", ""runtimeStepName"": ""removeStudentStep"", ""sourceStepId"": ""pt.ulisboa.tecnico.socialsoftware.quizzes.microservices.execution.coordination.sagas.RemoveStudentFromCourseExecutionFunctionalitySagas::removeStudentStep#0"", ""status"": ""SELECTED_SUBSCRIBER_NOT_FOUND""}]",0.772058625,"[{""action"": ""setup-action-1"", ""inputs"": [""095911d8b22b1b1b8c93b2de12bb94e323e975bf4edd553f04fd54021e4b7f1c"", ""5538dff7f7fb7084738511a5879ef1427cb2382af820ae0363ba27849c4f1196""], ""property"": ""aggregateId""}, {""action"": ""setup-action-2"", ""inputs"": [""095911d8b22b1b1b8c93b2de12bb94e323e975bf4edd553f04fd54021e4b7f1c"", ""5538dff7f7fb7084738511a5879ef1427cb2382af820ae0363ba27849c4f1196""], ""property"": ""aggregateId""}]",True,[],"{""DELETED_DEPENDENCY"": 0, ""FAILED_OPERATION_RESIDUAL"": 0, ""UNRESOLVED_DELIVERED_EVENT"": 0}","{""execution.impact-v2.json"": ""4dacb6cc59461cfb7abc928e3521827bea2c6440b0ad6b3fcb2978359938bf34"", ""execution.json"": ""0f14b3a76f67f8da9011bef46a991028e26dc2d335ab87d629931b6cce465ae7"", ""impact-v1.json"": ""58802bc8cff7fb06d1839d767a31dbf1f29e2bac1eef0b90cd04e654130bb356""}"
w02,w02-10,31041baece2eaa017352007d2b22b8103ce7f3fcb178aaa90121a37279347e68,101,f2469f5f436302340c4fedd764885607174c0f42d341fd6594bfbb86bf6c35df,a2ecad0ddda71de2d16cee92d40f24297d49398943f023191b63fb5ce05c94ed,2,COMPLETE,0,26.722298999957275,COMPLETE,COMPLETE,0,COMPENSATED,EXACT,b4098885-05e7-4260-b34b-a4bda4c3e3ef,SUCCEEDED,,"[{""bodyOutcome"": ""NOT_RUN"", ""exceptionClass"": null, ""exceptionMessage"": null, ""faultOrigin"": ""ASSIGNED"", ""kind"": ""FORWARD"", ""runtimeStepName"": ""getUserStep"", ""sourceStepId"": ""pt.ulisboa.tecnico.socialsoftware.quizzes.microservices.execution.coordination.sagas.AddStudentFunctionalitySagas::getUserStep#0"", ""status"": ""ASSIGNED_FAULT""}, {""bodyOutcome"": ""NOT_RUN"", ""exceptionClass"": null, ""exceptionMessage"": null, ""faultOrigin"": ""ASSIGNED"", ""kind"": ""FORWARD"", ""runtimeStepName"": ""updateStudentNameStep"", ""sourceStepId"": ""pt.ulisboa.tecnico.socialsoftware.quizzes.microservices.execution.coordination.sagas.UpdateStudentNameFunctionalitySagas::updateStudentNameStep#0"", ""status"": ""ASSIGNED_FAULT""}, {""bodyOutcome"": ""NOT_RUN"", ""exceptionClass"": null, ""exceptionMessage"": null, ""faultOrigin"": null, ""kind"": ""EVENT_CONSEQUENCE"", ""runtimeStepName"": ""updateStudentNameStep"", ""sourceStepId"": ""pt.ulisboa.tecnico.socialsoftware.quizzes.microservices.execution.coordination.sagas.UpdateStudentNameFunctionalitySagas::updateStudentNameStep#0"", ""status"": ""MASKED_BY_TRIGGER_FAULT""}, {""bodyOutcome"": ""NOT_RUN"", ""exceptionClass"": null, ""exceptionMessage"": null, ""faultOrigin"": null, ""kind"": ""EVENT_CONSEQUENCE"", ""runtimeStepName"": ""updateStudentNameStep"", ""sourceStepId"": ""pt.ulisboa.tecnico.socialsoftware.quizzes.microservices.execution.coordination.sagas.UpdateStudentNameFunctionalitySagas::updateStudentNameStep#0"", ""status"": ""MASKED_BY_TRIGGER_FAULT""}]",1.800996209,"[{""action"": ""setup-action-1"", ""inputs"": [""06ec67a4548e9ed6668523ec545f5237eb303ddca9ff0aa144cc4a0bab8bfdf2"", ""2dc70dcf0b54ac1885d22dc3d423a07e1bd9761b8ea8695052b929e766aa7bc4""], ""property"": ""aggregateId""}, {""action"": ""setup-action-5"", ""inputs"": [""06ec67a4548e9ed6668523ec545f5237eb303ddca9ff0aa144cc4a0bab8bfdf2"", ""2dc70dcf0b54ac1885d22dc3d423a07e1bd9761b8ea8695052b929e766aa7bc4""], ""property"": ""aggregateId""}]",True,[],"{""DELETED_DEPENDENCY"": 0, ""FAILED_OPERATION_RESIDUAL"": 0, ""UNRESOLVED_DELIVERED_EVENT"": 0}","{""execution.impact-v2.json"": ""867bdfa657dfb4e26d68b3274f19afa06a2cf8da6b970aaac18ba605efd94e6b"", ""execution.json"": ""178545e7a18601ae1d531adc4679cb52393263ebe4e9f1c6af917ffb6952fa66"", ""impact-v1.json"": ""2e3e14c872b8e3843ce833da60d7643631d6e695e8a040e01fce16b1c54a5360""}"
w02,w02-05,10548d5be5be9f9c232482d9267b09d3c488d33a208330c273c6cbd0ef41c832,010,f2469f5f436302340c4fedd764885607174c0f42d341fd6594bfbb86bf6c35df,ab9b7465c132f08c7d75d09f163860f9f6875e1b52434757f93e5d4b26359d3b,2,PROCESS_FAILURE,1,27.997608709032647,EXECUTION_INVALID,INVALID,,UNEXPECTED_EXECUTION_FAILURE,INCOMPLETE,fee82533-4b6f-47c8-b30b-ddc110952782,SUCCEEDED,SELECTED_SUBSCRIBER_NOT_FOUND,"[{""bodyOutcome"": ""NOT_RUN"", ""exceptionClass"": null, ""exceptionMessage"": null, ""faultOrigin"": ""ASSIGNED"", ""kind"": ""FORWARD"", ""runtimeStepName"": ""enrollStudentStep"", ""sourceStepId"": ""pt.ulisboa.tecnico.socialsoftware.quizzes.microservices.execution.coordination.sagas.AddStudentFunctionalitySagas::enrollStudentStep#0"", ""status"": ""ASSIGNED_FAULT""}, {""bodyOutcome"": ""FAILED"", ""exceptionClass"": ""pt.ulisboa.tecnico.socialsoftware.ms.notification.EventReplayException"", ""exceptionMessage"": ""selected event has no eligible subscriber for the persisted route"", ""faultOrigin"": null, ""kind"": ""EVENT_CONSEQUENCE"", ""runtimeStepName"": ""updateStudentNameStep"", ""sourceStepId"": ""pt.ulisboa.tecnico.socialsoftware.quizzes.microservices.execution.coordination.sagas.UpdateStudentNameFunctionalitySagas::updateStudentNameStep#0"", ""status"": ""SELECTED_SUBSCRIBER_NOT_FOUND""}]",2.249685668,"[{""action"": ""setup-action-1"", ""inputs"": [""06ec67a4548e9ed6668523ec545f5237eb303ddca9ff0aa144cc4a0bab8bfdf2"", ""2dc70dcf0b54ac1885d22dc3d423a07e1bd9761b8ea8695052b929e766aa7bc4""], ""property"": ""aggregateId""}, {""action"": ""setup-action-5"", ""inputs"": [""06ec67a4548e9ed6668523ec545f5237eb303ddca9ff0aa144cc4a0bab8bfdf2"", ""2dc70dcf0b54ac1885d22dc3d423a07e1bd9761b8ea8695052b929e766aa7bc4""], ""property"": ""aggregateId""}]",True,[],"{""DELETED_DEPENDENCY"": 0, ""FAILED_OPERATION_RESIDUAL"": 0, ""UNRESOLVED_DELIVERED_EVENT"": 0}","{""execution.impact-v2.json"": ""0aa361e8d126e2994ed4b9bee2db46a9d6c872254d5eb291da26c9417db29d1b"", ""execution.json"": ""6ca756d590ed7cc48329aa50f206fe7afe8792c8879c3eeb38561889e6993c49"", ""impact-v1.json"": ""3313e117e27d15f1f0310bff4573c12d7277c76f6daa2756faee50e014f48364""}"
w03,w03-07,611619c6d734dca11ea1a5626201c261cf51f6dc3d51189c1b0ba805df581c16,100,5eeaebb9c4c2651f29e6931d89feabc9a16fdd7afc9a341ecf0c9f2bdec39481,6213195fe407210a62f23ca1bcb125f2b0f783c83d0acab35b6373c1db80e579,2,COMPLETE,0,29.894445915997494,COMPLETE,COMPLETE,0,PARTIAL_COMPENSATED,EXACT,e45f1516-0116-466f-999a-1f7cf460795c,SUCCEEDED,,"[{""bodyOutcome"": ""NOT_RUN"", ""exceptionClass"": null, ""exceptionMessage"": null, ""faultOrigin"": ""ASSIGNED"", ""kind"": ""FORWARD"", ""runtimeStepName"": ""updateStudentNameStep"", ""sourceStepId"": ""pt.ulisboa.tecnico.socialsoftware.quizzes.microservices.execution.coordination.sagas.UpdateStudentNameFunctionalitySagas::updateStudentNameStep#0"", ""status"": ""ASSIGNED_FAULT""}, {""bodyOutcome"": ""NOT_RUN"", ""exceptionClass"": null, ""exceptionMessage"": null, ""faultOrigin"": null, ""kind"": ""EVENT_CONSEQUENCE"", ""runtimeStepName"": ""updateStudentNameStep"", ""sourceStepId"": ""pt.ulisboa.tecnico.socialsoftware.quizzes.microservices.execution.coordination.sagas.UpdateStudentNameFunctionalitySagas::updateStudentNameStep#0"", ""status"": ""MASKED_BY_TRIGGER_FAULT""}, {""bodyOutcome"": ""NOT_RUN"", ""exceptionClass"": null, ""exceptionMessage"": null, ""faultOrigin"": null, ""kind"": ""EVENT_CONSEQUENCE"", ""runtimeStepName"": ""updateStudentNameStep"", ""sourceStepId"": ""pt.ulisboa.tecnico.socialsoftware.quizzes.microservices.execution.coordination.sagas.UpdateStudentNameFunctionalitySagas::updateStudentNameStep#0"", ""status"": ""MASKED_BY_TRIGGER_FAULT""}]",1.728030459,"[{""action"": ""setup-action-1"", ""inputs"": [""33aa7a218f45e1f6800808f9642e29f07109bbf33ebdf2b89a4fdd1d90c76511"", ""3449fad76f028934383b088b7e689f58ab1095523bed37469c088e19d52c8ccc""], ""property"": ""aggregateId""}, {""action"": ""setup-action-2"", ""inputs"": [""33aa7a218f45e1f6800808f9642e29f07109bbf33ebdf2b89a4fdd1d90c76511"", ""3449fad76f028934383b088b7e689f58ab1095523bed37469c088e19d52c8ccc""], ""property"": ""aggregateId""}]",True,[],"{""DELETED_DEPENDENCY"": 0, ""FAILED_OPERATION_RESIDUAL"": 0, ""UNRESOLVED_DELIVERED_EVENT"": 0}","{""execution.impact-v2.json"": ""d6f3653fd746e1286e2f439a51658444688ec028a19e5806776e839525fa1487"", ""execution.json"": ""807838fe6884a220a255d88eb6608dd940ce58409f1b49d15eda429805ef2037"", ""impact-v1.json"": ""63f7a11f5c5d9dd71b5b6fed1c87e0494dbb076e3a2bbf127b4879aba782dbda""}"
w03,w03-01,23e10324fa6a18b7646011e5f39f1ff38436541454bded030ba59ed3de912cf4,000,5eeaebb9c4c2651f29e6931d89feabc9a16fdd7afc9a341ecf0c9f2bdec39481,f088f62618007f63ef3ee9a42222335284d4098aba960909427c1a2294137df2,2,PROCESS_FAILURE,1,28.56161587499082,EXECUTION_INVALID,INVALID,,UNEXPECTED_EXECUTION_FAILURE,INCOMPLETE,4959916e-a899-4acd-8b6c-775b991ea70a,SUCCEEDED,SELECTED_SUBSCRIBER_NOT_FOUND,"[{""bodyOutcome"": ""FAILED"", ""exceptionClass"": ""pt.ulisboa.tecnico.socialsoftware.ms.notification.EventReplayException"", ""exceptionMessage"": ""selected event has no eligible subscriber for the persisted route"", ""faultOrigin"": null, ""kind"": ""EVENT_CONSEQUENCE"", ""runtimeStepName"": ""updateStudentNameStep"", ""sourceStepId"": ""pt.ulisboa.tecnico.socialsoftware.quizzes.microservices.execution.coordination.sagas.UpdateStudentNameFunctionalitySagas::updateStudentNameStep#0"", ""status"": ""SELECTED_SUBSCRIBER_NOT_FOUND""}]",1.914278626,"[{""action"": ""setup-action-1"", ""inputs"": [""33aa7a218f45e1f6800808f9642e29f07109bbf33ebdf2b89a4fdd1d90c76511"", ""3449fad76f028934383b088b7e689f58ab1095523bed37469c088e19d52c8ccc""], ""property"": ""aggregateId""}, {""action"": ""setup-action-2"", ""inputs"": [""33aa7a218f45e1f6800808f9642e29f07109bbf33ebdf2b89a4fdd1d90c76511"", ""3449fad76f028934383b088b7e689f58ab1095523bed37469c088e19d52c8ccc""], ""property"": ""aggregateId""}]",True,[],"{""DELETED_DEPENDENCY"": 0, ""FAILED_OPERATION_RESIDUAL"": 0, ""UNRESOLVED_DELIVERED_EVENT"": 0}","{""execution.impact-v2.json"": ""20df3d455189be82e7e71a8ed0e2c3bf0633ed5471e8a2140d7d5616ff4dfce8"", ""execution.json"": ""223bc254d582f444adeb39500c9bc6034f5945405cdf1544657884d0b059d19a"", ""impact-v1.json"": ""ebfacfb5250a5252698d0f3323538c7020054ead55644c8a517d8b7b0d0f701f""}"
w04,w04-08,0f82828ad7ecac85a148931b62ab25a0245f8d6b9358ce7fe4daf7de932800b0,011,ed088c072d615ee4948058b4513c4a8855bec831ab9955671dc096473e069605,a7e28535c1f4449c048328f2e5f9451b1a1ba9f2e0ab2b54077f631fbedcb06b,2,COMPLETE,0,26.713804957980756,COMPLETE,COMPLETE,0,COMPENSATED,EXACT,38c0da9e-41eb-41b9-902f-8975eadf5cf5,SUCCEEDED,,"[{""bodyOutcome"": ""NOT_RUN"", ""exceptionClass"": null, ""exceptionMessage"": null, ""faultOrigin"": ""ASSIGNED"", ""kind"": ""FORWARD"", ""runtimeStepName"": ""removeStudentStep"", ""sourceStepId"": ""pt.ulisboa.tecnico.socialsoftware.quizzes.microservices.execution.coordination.sagas.RemoveStudentFromCourseExecutionFunctionalitySagas::removeStudentStep#0"", ""status"": ""ASSIGNED_FAULT""}, {""bodyOutcome"": ""NOT_RUN"", ""exceptionClass"": null, ""exceptionMessage"": null, ""faultOrigin"": null, ""kind"": ""EVENT_CONSEQUENCE"", ""runtimeStepName"": ""removeStudentStep"", ""sourceStepId"": ""pt.ulisboa.tecnico.socialsoftware.quizzes.microservices.execution.coordination.sagas.RemoveStudentFromCourseExecutionFunctionalitySagas::removeStudentStep#0"", ""status"": ""MASKED_BY_TRIGGER_FAULT""}, {""bodyOutcome"": ""NOT_RUN"", ""exceptionClass"": null, ""exceptionMessage"": null, ""faultOrigin"": ""ASSIGNED"", ""kind"": ""FORWARD"", ""runtimeStepName"": ""updateStudentNameStep"", ""sourceStepId"": ""pt.ulisboa.tecnico.socialsoftware.quizzes.microservices.execution.coordination.sagas.UpdateStudentNameFunctionalitySagas::updateStudentNameStep#0"", ""status"": ""ASSIGNED_FAULT""}, {""bodyOutcome"": ""NOT_RUN"", ""exceptionClass"": null, ""exceptionMessage"": null, ""faultOrigin"": null, ""kind"": ""EVENT_CONSEQUENCE"", ""runtimeStepName"": ""removeStudentStep"", ""sourceStepId"": ""pt.ulisboa.tecnico.socialsoftware.quizzes.microservices.execution.coordination.sagas.RemoveStudentFromCourseExecutionFunctionalitySagas::removeStudentStep#0"", ""status"": ""MASKED_BY_TRIGGER_FAULT""}, {""bodyOutcome"": ""NOT_APPLICABLE"", ""exceptionClass"": null, ""exceptionMessage"": null, ""faultOrigin"": null, ""kind"": ""COMPENSATION"", ""runtimeStepName"": ""getOldCourseExecutionStep"", ""sourceStepId"": ""pt.ulisboa.tecnico.socialsoftware.quizzes.microservices.execution.coordination.sagas.RemoveStudentFromCourseExecutionFunctionalitySagas::getOldCourseExecutionStep#0"", ""status"": ""COMPENSATED""}]",0.660966667,"[{""action"": ""setup-action-1"", ""inputs"": [""2d4d3ce0ed1358ff9834e64b25456d270f7f760ebc611dea0ace53074198ad22"", ""2fb7ea7b2acb46894c5953d8b6ef989fe94b6c8e34809d411527416850e7ed58""], ""property"": ""aggregateId""}, {""action"": ""setup-action-2"", ""inputs"": [""2d4d3ce0ed1358ff9834e64b25456d270f7f760ebc611dea0ace53074198ad22"", ""2fb7ea7b2acb46894c5953d8b6ef989fe94b6c8e34809d411527416850e7ed58""], ""property"": ""aggregateId""}]",True,[],"{""DELETED_DEPENDENCY"": 0, ""FAILED_OPERATION_RESIDUAL"": 0, ""UNRESOLVED_DELIVERED_EVENT"": 0}","{""execution.impact-v2.json"": ""c0e75f4a0890713f1f9bc8c2f9acd99a4f5f9f370036e9b2b089957bcc6c6c78"", ""execution.json"": ""2da6c756100aae174950a6ab0e8a9a9fde4df587229c37f2af800a7c758c1514"", ""impact-v1.json"": ""4c8fa9ac68735b77c6ed95ae48cbb424958a0b0f30efe967345deb59bc210abc""}"
w04,w04-01,35ed5effc731d3dc247744a28df97b60498883fd3d6f76761790e5d5e7d13fd2,000,ed088c072d615ee4948058b4513c4a8855bec831ab9955671dc096473e069605,aefd7a11f555d66b8c0b081e558f75d5c7ba3a681f16b4d340b73c42bccd49b3,2,PROCESS_FAILURE,1,27.82519908301765,EXECUTION_INVALID,INVALID,,UNEXPECTED_EXECUTION_FAILURE,INCOMPLETE,96d7eb55-2c6c-45ed-b746-88ed0261cbf8,SUCCEEDED,SELECTED_SUBSCRIBER_NOT_FOUND,"[{""bodyOutcome"": ""FAILED"", ""exceptionClass"": ""pt.ulisboa.tecnico.socialsoftware.ms.notification.EventReplayException"", ""exceptionMessage"": ""selected event has no eligible subscriber for the persisted route"", ""faultOrigin"": null, ""kind"": ""EVENT_CONSEQUENCE"", ""runtimeStepName"": ""removeStudentStep"", ""sourceStepId"": ""pt.ulisboa.tecnico.socialsoftware.quizzes.microservices.execution.coordination.sagas.RemoveStudentFromCourseExecutionFunctionalitySagas::removeStudentStep#0"", ""status"": ""SELECTED_SUBSCRIBER_NOT_FOUND""}]",1.677220876,"[{""action"": ""setup-action-1"", ""inputs"": [""2d4d3ce0ed1358ff9834e64b25456d270f7f760ebc611dea0ace53074198ad22"", ""2fb7ea7b2acb46894c5953d8b6ef989fe94b6c8e34809d411527416850e7ed58""], ""property"": ""aggregateId""}, {""action"": ""setup-action-2"", ""inputs"": [""2d4d3ce0ed1358ff9834e64b25456d270f7f760ebc611dea0ace53074198ad22"", ""2fb7ea7b2acb46894c5953d8b6ef989fe94b6c8e34809d411527416850e7ed58""], ""property"": ""aggregateId""}]",True,[],"{""DELETED_DEPENDENCY"": 0, ""FAILED_OPERATION_RESIDUAL"": 0, ""UNRESOLVED_DELIVERED_EVENT"": 0}","{""execution.impact-v2.json"": ""fa05371e1fe59ee197fb777f4dd30e9c462c28b692a6ccfeb154274e20b52577"", ""execution.json"": ""4bdd323f1e6ab6d1c61fb49936b2ccfbd5cfe026314d9ad9caf805b2c341100f"", ""impact-v1.json"": ""0c51690146ff7889064d4e54db31521aac7f5534beb89e422399867f9b479a2e""}"
w05,w05-16,08adbf1b2be3f8a3158579945dade5ae6efb9208f8049aee87ec9c2d0955014c,1101,a5788c8dd3d1d6ec91ba2bb80c5fed412326312b7c31c675199b4af94efca305,24162e123f302d7045d26fdede485f1aa72b3ee6a35b7b559d0abd4ad145c04f,2,COMPLETE,0,31.97925829095766,COMPLETE,COMPLETE,0,COMPENSATED,EXACT,10b5bacf-70f3-4320-bae1-8c2daad2e187,SUCCEEDED,,"[{""bodyOutcome"": ""NOT_RUN"", ""exceptionClass"": null, ""exceptionMessage"": null, ""faultOrigin"": ""ASSIGNED"", ""kind"": ""FORWARD"", ""runtimeStepName"": ""getCourseExecutionStep"", ""sourceStepId"": ""pt.ulisboa.tecnico.socialsoftware.quizzes.microservices.execution.coordination.sagas.GetCourseExecutionByIdFunctionalitySagas::getCourseExecutionStep#0"", ""status"": ""ASSIGNED_FAULT""}, {""bodyOutcome"": ""NOT_RUN"", ""exceptionClass"": null, ""exceptionMessage"": null, ""faultOrigin"": ""ASSIGNED"", ""kind"": ""FORWARD"", ""runtimeStepName"": ""updateStudentNameStep"", ""sourceStepId"": ""pt.ulisboa.tecnico.socialsoftware.quizzes.microservices.execution.coordination.sagas.UpdateStudentNameFunctionalitySagas::updateStudentNameStep#0"", ""status"": ""ASSIGNED_FAULT""}, {""bodyOutcome"": ""NOT_RUN"", ""exceptionClass"": null, ""exceptionMessage"": null, ""faultOrigin"": ""ASSIGNED"", ""kind"": ""FORWARD"", ""runtimeStepName"": ""addParticipantStep"", ""sourceStepId"": ""pt.ulisboa.tecnico.socialsoftware.quizzes.microservices.tournament.coordination.sagas.AddParticipantFunctionalitySagas::addParticipantStep#0"", ""status"": ""ASSIGNED_FAULT""}, {""bodyOutcome"": ""NOT_RUN"", ""exceptionClass"": null, ""exceptionMessage"": null, ""faultOrigin"": null, ""kind"": ""EVENT_CONSEQUENCE"", ""runtimeStepName"": ""updateStudentNameStep"", ""sourceStepId"": ""pt.ulisboa.tecnico.socialsoftware.quizzes.microservices.execution.coordination.sagas.UpdateStudentNameFunctionalitySagas::updateStudentNameStep#0"", ""status"": ""MASKED_BY_TRIGGER_FAULT""}, {""bodyOutcome"": ""NOT_RUN"", ""exceptionClass"": null, ""exceptionMessage"": null, ""faultOrigin"": null, ""kind"": ""EVENT_CONSEQUENCE"", ""runtimeStepName"": ""updateStudentNameStep"", ""sourceStepId"": ""pt.ulisboa.tecnico.socialsoftware.quizzes.microservices.execution.coordination.sagas.UpdateStudentNameFunctionalitySagas::updateStudentNameStep#0"", ""status"": ""MASKED_BY_TRIGGER_FAULT""}]",2.087465834,"[{""action"": ""setup-action-1"", ""inputs"": [""2113453558f5ab7d764eaa783ce46291ae1996374e4a1a54dc1b6d070a572c82"", ""33aa7a218f45e1f6800808f9642e29f07109bbf33ebdf2b89a4fdd1d90c76511"", ""3449fad76f028934383b088b7e689f58ab1095523bed37469c088e19d52c8ccc""], ""property"": ""aggregateId""}, {""action"": ""setup-action-2"", ""inputs"": [""33aa7a218f45e1f6800808f9642e29f07109bbf33ebdf2b89a4fdd1d90c76511"", ""3449fad76f028934383b088b7e689f58ab1095523bed37469c088e19d52c8ccc""], ""property"": ""aggregateId""}]",True,[],"{""DELETED_DEPENDENCY"": 0, ""FAILED_OPERATION_RESIDUAL"": 0, ""UNRESOLVED_DELIVERED_EVENT"": 0}","{""execution.impact-v2.json"": ""f493affddff3eeb67ff670cff68a23db734546c725f7b6d90c1971a5dde82f80"", ""execution.json"": ""cc9ed64246efa8cfb2cb4ab55fa5444085e2d152b4792b9d00e5833651676275"", ""impact-v1.json"": ""2f76d0591a28eb17511615454d2a8aab6589e48f46cd3f7ca78bd56ef6f6ed23""}"
w05,w05-01,0692147ce4109eddf74649b29ad05111ce964a28caffe7d07e1b0e95e4ddb32b,0000,a5788c8dd3d1d6ec91ba2bb80c5fed412326312b7c31c675199b4af94efca305,40f2cbe190adc089654a5307d4b200952193138892ebc025a74cdd91441899e5,2,PROCESS_FAILURE,1,28.743121583014727,EXECUTION_INVALID,INVALID,,UNEXPECTED_EXECUTION_FAILURE,INCOMPLETE,81d86c4b-dcde-4418-9031-e44fdfccd4b4,SUCCEEDED,SELECTED_SUBSCRIBER_NOT_FOUND,"[{""bodyOutcome"": ""FAILED"", ""exceptionClass"": ""pt.ulisboa.tecnico.socialsoftware.quizzes.microservices.exception.QuizzesException"", ""exceptionMessage"": ""Aggregate 12 breaks invariants"", ""faultOrigin"": ""UNASSIGNED_RUNTIME"", ""kind"": ""FORWARD"", ""runtimeStepName"": ""addParticipantStep"", ""sourceStepId"": ""pt.ulisboa.tecnico.socialsoftware.quizzes.microservices.tournament.coordination.sagas.AddParticipantFunctionalitySagas::addParticipantStep#0"", ""status"": ""FAILED""}, {""bodyOutcome"": ""FAILED"", ""exceptionClass"": ""pt.ulisboa.tecnico.socialsoftware.ms.notification.EventReplayException"", ""exceptionMessage"": ""selected event has no eligible subscriber for the persisted route"", ""faultOrigin"": null, ""kind"": ""EVENT_CONSEQUENCE"", ""runtimeStepName"": ""updateStudentNameStep"", ""sourceStepId"": ""pt.ulisboa.tecnico.socialsoftware.quizzes.microservices.execution.coordination.sagas.UpdateStudentNameFunctionalitySagas::updateStudentNameStep#0"", ""status"": ""SELECTED_SUBSCRIBER_NOT_FOUND""}]",1.776785792,"[{""action"": ""setup-action-1"", ""inputs"": [""2113453558f5ab7d764eaa783ce46291ae1996374e4a1a54dc1b6d070a572c82"", ""33aa7a218f45e1f6800808f9642e29f07109bbf33ebdf2b89a4fdd1d90c76511"", ""3449fad76f028934383b088b7e689f58ab1095523bed37469c088e19d52c8ccc""], ""property"": ""aggregateId""}, {""action"": ""setup-action-2"", ""inputs"": [""33aa7a218f45e1f6800808f9642e29f07109bbf33ebdf2b89a4fdd1d90c76511"", ""3449fad76f028934383b088b7e689f58ab1095523bed37469c088e19d52c8ccc""], ""property"": ""aggregateId""}]",True,[],"{""DELETED_DEPENDENCY"": 0, ""FAILED_OPERATION_RESIDUAL"": 0, ""UNRESOLVED_DELIVERED_EVENT"": 0}","{""execution.impact-v2.json"": ""9bfe03aaae74992d495a8e69cb84e80d5c6696037ff042ee7238aba5da0510a7"", ""execution.json"": ""35ea788ccc32c845c07f9ff4ac025efc9691321deb5497633c9e805d2c91d9b3"", ""impact-v1.json"": ""72f05dc0b9cdef508bab3581412d5d69731cc149167f60eafde9978a4caf829f""}"
w06,w06-16,0b93ca9dfc52fc6bec97cf1bec586268626cd983af95c71a1886cccf8777598e,01010,794eb8199ee3d535e8630c498b1ad366e0096f900ee6472dab6f7312aca390fa,417a9439e3278ec43bf5ecb7e96a58a63e00266d9e0aa7e89c6e8d7a01b38ea3,2,COMPLETE,0,26.47215079201851,COMPLETE,COMPLETE,0,PARTIAL_COMPENSATED,EXACT,b5f8c278-5bc7-4796-a87e-c6ffd2b76677,SUCCEEDED,,"[{""bodyOutcome"": ""NOT_RUN"", ""exceptionClass"": null, ""exceptionMessage"": null, ""faultOrigin"": ""ASSIGNED"", ""kind"": ""FORWARD"", ""runtimeStepName"": ""anonymizeStudentStep"", ""sourceStepId"": ""pt.ulisboa.tecnico.socialsoftware.quizzes.microservices.execution.coordination.sagas.AnonymizeStudentFunctionalitySagas::anonymizeStudentStep#0"", ""status"": ""ASSIGNED_FAULT""}, {""bodyOutcome"": ""NOT_RUN"", ""exceptionClass"": null, ""exceptionMessage"": null, ""faultOrigin"": null, ""kind"": ""EVENT_CONSEQUENCE"", ""runtimeStepName"": ""anonymizeStudentStep"", ""sourceStepId"": ""pt.ulisboa.tecnico.socialsoftware.quizzes.microservices.execution.coordination.sagas.AnonymizeStudentFunctionalitySagas::anonymizeStudentStep#0"", ""status"": ""MASKED_BY_TRIGGER_FAULT""}, {""bodyOutcome"": ""NOT_RUN"", ""exceptionClass"": null, ""exceptionMessage"": null, ""faultOrigin"": null, ""kind"": ""EVENT_CONSEQUENCE"", ""runtimeStepName"": ""anonymizeStudentStep"", ""sourceStepId"": ""pt.ulisboa.tecnico.socialsoftware.quizzes.microservices.execution.coordination.sagas.AnonymizeStudentFunctionalitySagas::anonymizeStudentStep#0"", ""status"": ""MASKED_BY_TRIGGER_FAULT""}, {""bodyOutcome"": ""NOT_APPLICABLE"", ""exceptionClass"": null, ""exceptionMessage"": null, ""faultOrigin"": null, ""kind"": ""COMPENSATION"", ""runtimeStepName"": ""getCourseExecutionStep"", ""sourceStepId"": ""pt.ulisboa.tecnico.socialsoftware.quizzes.microservices.execution.coordination.sagas.AnonymizeStudentFunctionalitySagas::getCourseExecutionStep#0"", ""status"": ""COMPENSATED""}, {""bodyOutcome"": ""NOT_RUN"", ""exceptionClass"": null, ""exceptionMessage"": null, ""faultOrigin"": ""ASSIGNED"", ""kind"": ""FORWARD"", ""runtimeStepName"": ""getOldCourseExecutionStep"", ""sourceStepId"": ""pt.ulisboa.tecnico.socialsoftware.quizzes.microservices.execution.coordination.sagas.RemoveStudentFromCourseExecutionFunctionalitySagas::getOldCourseExecutionStep#0"", ""status"": ""ASSIGNED_FAULT""}]",0.648725709,"[{""action"": ""setup-action-1"", ""inputs"": [""18fec49934ddcb27d9edcd2454c16b4ca822a7d267ec0617a910a55a1157c5b3"", ""2f2ce8c6f8339b26f06def9cac90a1e5329265d4ccff89a6822ddc401feba8ad"", ""495bfd7b31d5da9ab2b10287c2cb95a74bd2cc4e6d44b471e66eb44cd88f9902""], ""property"": ""aggregateId""}, {""action"": ""setup-action-2"", ""inputs"": [""18fec49934ddcb27d9edcd2454c16b4ca822a7d267ec0617a910a55a1157c5b3"", ""495bfd7b31d5da9ab2b10287c2cb95a74bd2cc4e6d44b471e66eb44cd88f9902""], ""property"": ""aggregateId""}]",True,[],"{""DELETED_DEPENDENCY"": 0, ""FAILED_OPERATION_RESIDUAL"": 0, ""UNRESOLVED_DELIVERED_EVENT"": 0}","{""execution.impact-v2.json"": ""2759dcb1ac5a6562038dc949cc372f1424d3f36c90e8e6757bd15eb201536370"", ""execution.json"": ""ea05ea430ec1d51e2a6ac91dda8ceba41d8c2ac3ba78d78a4878463a527f847f"", ""impact-v1.json"": ""ce4baed24395eeb724e3436611a09f498145471114b479c43b8433b4a79881f2""}"
w06,w06-03,1581dd61b951ac7889b5b281b3afb09c48ff343bf9b50be082bdc3c98084a956,00010,794eb8199ee3d535e8630c498b1ad366e0096f900ee6472dab6f7312aca390fa,3b01426edd79c55919e49a86bddc970ea9fae13cff2288e77fc6159593a4593b,2,PROCESS_FAILURE,1,28.136684749973938,EXECUTION_INVALID,INVALID,,UNEXPECTED_EXECUTION_FAILURE,INCOMPLETE,d28c83ec-7568-4dd0-900a-91b7aa151fd5,SUCCEEDED,SELECTED_SUBSCRIBER_NOT_FOUND,"[{""bodyOutcome"": ""FAILED"", ""exceptionClass"": ""pt.ulisboa.tecnico.socialsoftware.ms.notification.EventReplayException"", ""exceptionMessage"": ""selected event has no eligible subscriber for the persisted route"", ""faultOrigin"": null, ""kind"": ""EVENT_CONSEQUENCE"", ""runtimeStepName"": ""anonymizeStudentStep"", ""sourceStepId"": ""pt.ulisboa.tecnico.socialsoftware.quizzes.microservices.execution.coordination.sagas.AnonymizeStudentFunctionalitySagas::anonymizeStudentStep#0"", ""status"": ""SELECTED_SUBSCRIBER_NOT_FOUND""}]",0.703310792,"[{""action"": ""setup-action-1"", ""inputs"": [""18fec49934ddcb27d9edcd2454c16b4ca822a7d267ec0617a910a55a1157c5b3"", ""2f2ce8c6f8339b26f06def9cac90a1e5329265d4ccff89a6822ddc401feba8ad"", ""495bfd7b31d5da9ab2b10287c2cb95a74bd2cc4e6d44b471e66eb44cd88f9902""], ""property"": ""aggregateId""}, {""action"": ""setup-action-2"", ""inputs"": [""18fec49934ddcb27d9edcd2454c16b4ca822a7d267ec0617a910a55a1157c5b3"", ""495bfd7b31d5da9ab2b10287c2cb95a74bd2cc4e6d44b471e66eb44cd88f9902""], ""property"": ""aggregateId""}]",True,[],"{""DELETED_DEPENDENCY"": 0, ""FAILED_OPERATION_RESIDUAL"": 0, ""UNRESOLVED_DELIVERED_EVENT"": 0}","{""execution.impact-v2.json"": ""7cbabdca7ab558f4722c2dee9c20bc4ea269d506e538709a593f42967d7ac2ab"", ""execution.json"": ""636f349f212095f056c2aca6ea98fa69bf9dc95597c2f9e0c101816ca5496d6c"", ""impact-v1.json"": ""0551393ef41a23ca0cbc23ac7542c21ec35994cd4d4db39616b95feacf9c1206""}"
w07,w07-12,150138457e9fabefa8546f2e1916b3b3e26df9234720e11ff95b7afc45ad3929,000100000,8d4c46bcb8700b2fd70e4911d4a5730f6d374a185c2b307ef629d3b5f55dccf0,3f3907b34fddea727df7eec0c42a534bd7d2c4cd387612f31127420150a76c88,2,COMPLETE,0,31.671274333028123,COMPLETE,COMPLETE,0,PARTIAL_COMPENSATED,EXACT,7cb1d31c-6a03-4048-9d24-19b71da4913b,SUCCEEDED,,"[{""bodyOutcome"": ""NOT_RUN"", ""exceptionClass"": null, ""exceptionMessage"": null, ""faultOrigin"": ""ASSIGNED"", ""kind"": ""FORWARD"", ""runtimeStepName"": ""startQuizStep"", ""sourceStepId"": ""pt.ulisboa.tecnico.socialsoftware.quizzes.microservices.tournament.coordination.sagas.SolveQuizAsyncFunctionalitySagas::startQuizStep#0"", ""status"": ""ASSIGNED_FAULT""}, {""bodyOutcome"": ""NOT_APPLICABLE"", ""exceptionClass"": null, ""exceptionMessage"": null, ""faultOrigin"": null, ""kind"": ""COMPENSATION"", ""runtimeStepName"": ""getTournamentStep"", ""sourceStepId"": ""pt.ulisboa.tecnico.socialsoftware.quizzes.microservices.tournament.coordination.sagas.SolveQuizAsyncFunctionalitySagas::getTournamentStep#0"", ""status"": ""COMPENSATED""}]",1.886111417,"[{""action"": ""setup-action-17"", ""inputs"": [""516f30f00796efa97335d71f6df3624226e983c55af6c4b37826b32f89c7de90"", ""5f51039398deeb3677d5ce3d4c69eaf110ea0de53d6f56f789642381b78b4000""], ""property"": ""aggregateId""}, {""action"": ""setup-action-5"", ""inputs"": [""516f30f00796efa97335d71f6df3624226e983c55af6c4b37826b32f89c7de90"", ""5f51039398deeb3677d5ce3d4c69eaf110ea0de53d6f56f789642381b78b4000""], ""property"": ""aggregateId""}]",True,[],"{""DELETED_DEPENDENCY"": 0, ""FAILED_OPERATION_RESIDUAL"": 0, ""UNRESOLVED_DELIVERED_EVENT"": 0}","{""execution.impact-v2.json"": ""6200af64df8ba3a35c6881161edc04d90b8454e9e036e178d09e280d5d5f218b"", ""execution.json"": ""6d69d94d7c70db20b1c018b85d2b05ed2114723a026920ce2dd06e49203e1025"", ""impact-v1.json"": ""41811c89b6438993a75199d6fef93a9a7081e438ba4d16ea846d34e0c3916847""}"
w07,w07-26,31b328f365c91e65885e2f84fe2a66fcdda31aa2c6b74cedf0c710a2f67d7256,100000001,8d4c46bcb8700b2fd70e4911d4a5730f6d374a185c2b307ef629d3b5f55dccf0,3b8ef5544fbb186079e2718e558b59ee12caa38425769ee2678fde5238d58ea7,2,COMPLETE,0,27.908809249987826,COMPLETE,COMPLETE,1,COMPENSATED,EXACT,eca22cb3-1245-4067-a70e-0592483a6d79,SUCCEEDED,,"[{""bodyOutcome"": ""NOT_RUN"", ""exceptionClass"": null, ""exceptionMessage"": null, ""faultOrigin"": ""ASSIGNED"", ""kind"": ""FORWARD"", ""runtimeStepName"": ""getUserStep"", ""sourceStepId"": ""pt.ulisboa.tecnico.socialsoftware.quizzes.microservices.tournament.coordination.sagas.AddParticipantFunctionalitySagas::getUserStep#0"", ""status"": ""ASSIGNED_FAULT""}, {""bodyOutcome"": ""NOT_RUN"", ""exceptionClass"": null, ""exceptionMessage"": null, ""faultOrigin"": ""ASSIGNED"", ""kind"": ""FORWARD"", ""runtimeStepName"": ""solveQuizStep"", ""sourceStepId"": ""pt.ulisboa.tecnico.socialsoftware.quizzes.microservices.tournament.coordination.sagas.SolveQuizAsyncFunctionalitySagas::solveQuizStep#0"", ""status"": ""ASSIGNED_FAULT""}, {""bodyOutcome"": ""NOT_APPLICABLE"", ""exceptionClass"": null, ""exceptionMessage"": null, ""faultOrigin"": null, ""kind"": ""COMPENSATION"", ""runtimeStepName"": ""startQuizAnswerStep"", ""sourceStepId"": ""pt.ulisboa.tecnico.socialsoftware.quizzes.microservices.tournament.coordination.sagas.SolveQuizAsyncFunctionalitySagas::startQuizAnswerStep#0"", ""status"": ""COMPENSATED""}, {""bodyOutcome"": ""NOT_APPLICABLE"", ""exceptionClass"": null, ""exceptionMessage"": null, ""faultOrigin"": null, ""kind"": ""COMPENSATION"", ""runtimeStepName"": ""startQuizStep"", ""sourceStepId"": ""pt.ulisboa.tecnico.socialsoftware.quizzes.microservices.tournament.coordination.sagas.SolveQuizAsyncFunctionalitySagas::startQuizStep#0"", ""status"": ""COMPENSATED""}, {""bodyOutcome"": ""NOT_APPLICABLE"", ""exceptionClass"": null, ""exceptionMessage"": null, ""faultOrigin"": null, ""kind"": ""COMPENSATION"", ""runtimeStepName"": ""getTournamentStep"", ""sourceStepId"": ""pt.ulisboa.tecnico.socialsoftware.quizzes.microservices.tournament.coordination.sagas.SolveQuizAsyncFunctionalitySagas::getTournamentStep#0"", ""status"": ""COMPENSATED""}]",2.182931418,"[{""action"": ""setup-action-17"", ""inputs"": [""516f30f00796efa97335d71f6df3624226e983c55af6c4b37826b32f89c7de90"", ""5f51039398deeb3677d5ce3d4c69eaf110ea0de53d6f56f789642381b78b4000""], ""property"": ""aggregateId""}, {""action"": ""setup-action-5"", ""inputs"": [""516f30f00796efa97335d71f6df3624226e983c55af6c4b37826b32f89c7de90"", ""5f51039398deeb3677d5ce3d4c69eaf110ea0de53d6f56f789642381b78b4000""], ""property"": ""aggregateId""}]",True,"[{""baselineLifecycle"": ""ABSENT"", ""categories"": [""FAILED_OPERATION_RESIDUAL""], ""finalLifecycle"": ""DELETED"", ""identity"": {""aggregateId"": 14, ""aggregateType"": ""SagaQuizAnswer""}}]","{""DELETED_DEPENDENCY"": 0, ""FAILED_OPERATION_RESIDUAL"": 1, ""UNRESOLVED_DELIVERED_EVENT"": 0}","{""execution.impact-v2.json"": ""93316f7fb2b343802b31c27cc42da6b92a2125b94dc75ec14a0cde174846c6f5"", ""execution.json"": ""8deb506ca360f4c297c7a4ca8dba3c01e61a53a9ee7bf33b541cd037e4922342"", ""impact-v1.json"": ""3a0a15d57fe43ff4b83d2af10547b30b365fb11076fd87529c3106a92f015a31""}"
w08,w08-05,1defbd018efadb8bf1207661b44993356820946ec3bb87ffe9d4ec4f8c91ef29,00000000100,73f6802f8ddfc7511dcbf3c3503efed120ebf3736ed5bfe8bc1f3cafe1ce37db,4669df022e7a72df291619c03cde7a94a1f73881288a4fbad53cab2a3e2ae622,2,COMPLETE,0,31.804312375024892,COMPLETE,COMPLETE,0,PARTIAL_COMPENSATED,DEVIATED,12a20c08-ee4c-4681-8742-9737ec708ab1,SUCCEEDED,,"[{""bodyOutcome"": ""FAILED"", ""exceptionClass"": ""pt.ulisboa.tecnico.socialsoftware.quizzes.microservices.exception.QuizzesException"", ""exceptionMessage"": ""Student with aggregate id 4 is already enrolled in course execution 2."", ""faultOrigin"": ""UNASSIGNED_RUNTIME"", ""kind"": ""FORWARD"", ""runtimeStepName"": ""enrollStudentStep"", ""sourceStepId"": ""pt.ulisboa.tecnico.socialsoftware.quizzes.microservices.execution.coordination.sagas.AddStudentFunctionalitySagas::enrollStudentStep#0"", ""status"": ""FAILED""}, {""bodyOutcome"": ""NOT_RUN"", ""exceptionClass"": null, ""exceptionMessage"": null, ""faultOrigin"": ""ASSIGNED"", ""kind"": ""FORWARD"", ""runtimeStepName"": ""getStudentByExecutionIdAndUserIdAsyncStep"", ""sourceStepId"": ""pt.ulisboa.tecnico.socialsoftware.quizzes.microservices.tournament.coordination.sagas.SolveQuizAsyncFunctionalitySagas::getStudentByExecutionIdAndUserIdAsyncStep#0"", ""status"": ""ASSIGNED_FAULT""}, {""bodyOutcome"": ""NOT_APPLICABLE"", ""exceptionClass"": null, ""exceptionMessage"": null, ""faultOrigin"": null, ""kind"": ""COMPENSATION"", ""runtimeStepName"": ""startQuizStep"", ""sourceStepId"": ""pt.ulisboa.tecnico.socialsoftware.quizzes.microservices.tournament.coordination.sagas.SolveQuizAsyncFunctionalitySagas::startQuizStep#0"", ""status"": ""COMPENSATED""}, {""bodyOutcome"": ""NOT_APPLICABLE"", ""exceptionClass"": null, ""exceptionMessage"": null, ""faultOrigin"": null, ""kind"": ""COMPENSATION"", ""runtimeStepName"": ""getTournamentStep"", ""sourceStepId"": ""pt.ulisboa.tecnico.socialsoftware.quizzes.microservices.tournament.coordination.sagas.SolveQuizAsyncFunctionalitySagas::getTournamentStep#0"", ""status"": ""COMPENSATED""}]",1.910669501,"[{""action"": ""setup-action-1"", ""inputs"": [""0fe4cf5be00237bf75f4071b4b48a1bcc0171247ea930796c342a2ef201b5255"", ""516f30f00796efa97335d71f6df3624226e983c55af6c4b37826b32f89c7de90""], ""property"": ""aggregateId""}, {""action"": ""setup-action-17"", ""inputs"": [""516f30f00796efa97335d71f6df3624226e983c55af6c4b37826b32f89c7de90"", ""5f51039398deeb3677d5ce3d4c69eaf110ea0de53d6f56f789642381b78b4000""], ""property"": ""aggregateId""}, {""action"": ""setup-action-5"", ""inputs"": [""0fe4cf5be00237bf75f4071b4b48a1bcc0171247ea930796c342a2ef201b5255"", ""516f30f00796efa97335d71f6df3624226e983c55af6c4b37826b32f89c7de90"", ""5f51039398deeb3677d5ce3d4c69eaf110ea0de53d6f56f789642381b78b4000""], ""property"": ""aggregateId""}]",True,[],"{""DELETED_DEPENDENCY"": 0, ""FAILED_OPERATION_RESIDUAL"": 0, ""UNRESOLVED_DELIVERED_EVENT"": 0}","{""execution.impact-v2.json"": ""d872af1e41df5df736a6f80b6115445850c2bd1f094c39c8b46961007b039ee3"", ""execution.json"": ""097273b9ef140aa23b08061f4d4b9c56dbab5847b5b20ba40f10f6e446acde89"", ""impact-v1.json"": ""77e29bd4724693fa10e9d928d619d5fc48788c759f7b2964e4b3ec019d8765d7""}"
w08,w08-29,47b7bb8c536c5dac303e6a9cbc5ac0a4f902fc3c22e7da1a2e0ac37ed92ba989,10010000001,73f6802f8ddfc7511dcbf3c3503efed120ebf3736ed5bfe8bc1f3cafe1ce37db,ec4c430cdf66a98f94e4e0d4c986adf7ad7181a3b93bcc262982ede6bfd4a380,2,COMPLETE,0,29.566510208998807,COMPLETE,COMPLETE,1,COMPENSATED,EXACT,c8e0fc17-8837-4034-8464-5420e534d600,SUCCEEDED,,"[{""bodyOutcome"": ""NOT_RUN"", ""exceptionClass"": null, ""exceptionMessage"": null, ""faultOrigin"": ""ASSIGNED"", ""kind"": ""FORWARD"", ""runtimeStepName"": ""getUserStep"", ""sourceStepId"": ""pt.ulisboa.tecnico.socialsoftware.quizzes.microservices.execution.coordination.sagas.AddStudentFunctionalitySagas::getUserStep#0"", ""status"": ""ASSIGNED_FAULT""}, {""bodyOutcome"": ""NOT_RUN"", ""exceptionClass"": null, ""exceptionMessage"": null, ""faultOrigin"": ""ASSIGNED"", ""kind"": ""FORWARD"", ""runtimeStepName"": ""addParticipantStep"", ""sourceStepId"": ""pt.ulisboa.tecnico.socialsoftware.quizzes.microservices.tournament.coordination.sagas.AddParticipantFunctionalitySagas::addParticipantStep#0"", ""status"": ""ASSIGNED_FAULT""}, {""bodyOutcome"": ""NOT_RUN"", ""exceptionClass"": null, ""exceptionMessage"": null, ""faultOrigin"": ""ASSIGNED"", ""kind"": ""FORWARD"", ""runtimeStepName"": ""solveQuizStep"", ""sourceStepId"": ""pt.ulisboa.tecnico.socialsoftware.quizzes.microservices.tournament.coordination.sagas.SolveQuizAsyncFunctionalitySagas::solveQuizStep#0"", ""status"": ""ASSIGNED_FAULT""}, {""bodyOutcome"": ""NOT_APPLICABLE"", ""exceptionClass"": null, ""exceptionMessage"": null, ""faultOrigin"": null, ""kind"": ""COMPENSATION"", ""runtimeStepName"": ""startQuizAnswerStep"", ""sourceStepId"": ""pt.ulisboa.tecnico.socialsoftware.quizzes.microservices.tournament.coordination.sagas.SolveQuizAsyncFunctionalitySagas::startQuizAnswerStep#0"", ""status"": ""COMPENSATED""}, {""bodyOutcome"": ""NOT_APPLICABLE"", ""exceptionClass"": null, ""exceptionMessage"": null, ""faultOrigin"": null, ""kind"": ""COMPENSATION"", ""runtimeStepName"": ""startQuizStep"", ""sourceStepId"": ""pt.ulisboa.tecnico.socialsoftware.quizzes.microservices.tournament.coordination.sagas.SolveQuizAsyncFunctionalitySagas::startQuizStep#0"", ""status"": ""COMPENSATED""}, {""bodyOutcome"": ""NOT_APPLICABLE"", ""exceptionClass"": null, ""exceptionMessage"": null, ""faultOrigin"": null, ""kind"": ""COMPENSATION"", ""runtimeStepName"": ""getTournamentStep"", ""sourceStepId"": ""pt.ulisboa.tecnico.socialsoftware.quizzes.microservices.tournament.coordination.sagas.SolveQuizAsyncFunctionalitySagas::getTournamentStep#0"", ""status"": ""COMPENSATED""}]",2.194952001,"[{""action"": ""setup-action-1"", ""inputs"": [""0fe4cf5be00237bf75f4071b4b48a1bcc0171247ea930796c342a2ef201b5255"", ""516f30f00796efa97335d71f6df3624226e983c55af6c4b37826b32f89c7de90""], ""property"": ""aggregateId""}, {""action"": ""setup-action-17"", ""inputs"": [""516f30f00796efa97335d71f6df3624226e983c55af6c4b37826b32f89c7de90"", ""5f51039398deeb3677d5ce3d4c69eaf110ea0de53d6f56f789642381b78b4000""], ""property"": ""aggregateId""}, {""action"": ""setup-action-5"", ""inputs"": [""0fe4cf5be00237bf75f4071b4b48a1bcc0171247ea930796c342a2ef201b5255"", ""516f30f00796efa97335d71f6df3624226e983c55af6c4b37826b32f89c7de90"", ""5f51039398deeb3677d5ce3d4c69eaf110ea0de53d6f56f789642381b78b4000""], ""property"": ""aggregateId""}]",True,"[{""baselineLifecycle"": ""ABSENT"", ""categories"": [""FAILED_OPERATION_RESIDUAL""], ""finalLifecycle"": ""DELETED"", ""identity"": {""aggregateId"": 14, ""aggregateType"": ""SagaQuizAnswer""}}]","{""DELETED_DEPENDENCY"": 0, ""FAILED_OPERATION_RESIDUAL"": 1, ""UNRESOLVED_DELIVERED_EVENT"": 0}","{""execution.impact-v2.json"": ""974be6788448ea0c9de73bc0c7b3fdbe4bd6505a0dde1234d05d9afdcdeaeee2"", ""execution.json"": ""97560c9be65664f532c6797a8685b8b2f553ac31d1d8181136d6036c162fc2d1"", ""impact-v1.json"": ""32850e340da53d93619e3bee72611b7038337424326719c770502ec35d6a0ce6""}"
